-- Generated by Craft v2.5.2722 on Nov 19, 2015, 11:26:13 PM.

--
-- Disable foreign key checks and autocommit.
--

SET FOREIGN_KEY_CHECKS = 0;
SET SQL_MODE = "NO_AUTO_VALUE_ON_ZERO";
SET AUTOCOMMIT = 0;
SET NAMES utf8;


DROP TABLE IF EXISTS `craft_amnav_navs`;


--
-- Schema for table `craft_amnav_navs`
--
CREATE TABLE `craft_amnav_navs` (
  `id` int(11) NOT NULL AUTO_INCREMENT,
  `name` varchar(255) COLLATE utf8_unicode_ci NOT NULL,
  `handle` varchar(255) COLLATE utf8_unicode_ci NOT NULL,
  `settings` text COLLATE utf8_unicode_ci,
  `dateCreated` datetime NOT NULL,
  `dateUpdated` datetime NOT NULL,
  `uid` char(36) COLLATE utf8_unicode_ci NOT NULL DEFAULT '0',
  PRIMARY KEY (`id`),
  UNIQUE KEY `craft_amnav_navs_handle_unq_idx` (`handle`)
) ENGINE=InnoDB AUTO_INCREMENT=2 DEFAULT CHARSET=utf8 COLLATE=utf8_unicode_ci;

--
-- Data for table `craft_amnav_navs`
--

INSERT INTO `craft_amnav_navs` (`id`, `name`, `handle`, `settings`, `dateCreated`, `dateUpdated`, `uid`) VALUES ('1', 'Main', 'main', '{\"entrySources\":\"*\",\"maxLevels\":\"\",\"canMoveFromLevel\":\"\",\"canDeleteFromLevel\":\"\"}', '2015-11-17 07:55:04', '2015-11-17 07:55:04', '578a6e59-f34b-41ff-9b0b-9970513754ac');



DROP TABLE IF EXISTS `craft_amnav_nodes`;


--
-- Schema for table `craft_amnav_nodes`
--
CREATE TABLE `craft_amnav_nodes` (
  `id` int(11) NOT NULL AUTO_INCREMENT,
  `navId` int(10) NOT NULL,
  `parentId` int(10) DEFAULT NULL,
  `order` int(10) DEFAULT '0',
  `name` varchar(255) COLLATE utf8_unicode_ci NOT NULL,
  `url` varchar(255) COLLATE utf8_unicode_ci DEFAULT NULL,
  `listClass` varchar(255) COLLATE utf8_unicode_ci DEFAULT NULL,
  `blank` tinyint(1) unsigned NOT NULL DEFAULT '0',
  `enabled` tinyint(1) unsigned NOT NULL DEFAULT '1',
  `elementId` int(10) DEFAULT NULL,
  `elementType` varchar(255) COLLATE utf8_unicode_ci DEFAULT NULL,
  `locale` char(12) COLLATE utf8_unicode_ci DEFAULT NULL,
  `dateCreated` datetime NOT NULL,
  `dateUpdated` datetime NOT NULL,
  `uid` char(36) COLLATE utf8_unicode_ci NOT NULL DEFAULT '0',
  PRIMARY KEY (`id`),
  KEY `craft_amnav_nodes_elementId_elementType_locale_idx` (`elementId`,`elementType`,`locale`)
) ENGINE=InnoDB AUTO_INCREMENT=10 DEFAULT CHARSET=utf8 COLLATE=utf8_unicode_ci;

--
-- Data for table `craft_amnav_nodes`
--

INSERT INTO `craft_amnav_nodes` (`id`, `navId`, `parentId`, `order`, `name`, `url`, `listClass`, `blank`, `enabled`, `elementId`, `elementType`, `locale`, `dateCreated`, `dateUpdated`, `uid`) VALUES ('1', '1', '0', '0', 'Home', '/', NULL, '0', '1', NULL, NULL, 'en_us', '2015-11-17 07:55:33', '2015-11-17 14:20:42', '4cda4f4f-3616-45d3-8b00-c195a1dc3776');
INSERT INTO `craft_amnav_nodes` (`id`, `navId`, `parentId`, `order`, `name`, `url`, `listClass`, `blank`, `enabled`, `elementId`, `elementType`, `locale`, `dateCreated`, `dateUpdated`, `uid`) VALUES ('2', '1', '0', '5', 'Careers', NULL, NULL, '0', '1', '6', 'Entry', 'en_us', '2015-11-17 08:50:47', '2015-11-17 14:20:42', 'c4dd3491-4280-4cb2-bf59-66f136a13c43');
INSERT INTO `craft_amnav_nodes` (`id`, `navId`, `parentId`, `order`, `name`, `url`, `listClass`, `blank`, `enabled`, `elementId`, `elementType`, `locale`, `dateCreated`, `dateUpdated`, `uid`) VALUES ('3', '1', '0', '4', 'Contact', NULL, NULL, '0', '1', '9', 'Entry', 'en_us', '2015-11-17 09:42:31', '2015-11-19 23:18:49', '8679bacb-888c-494b-852a-ed0861b8fa61');
INSERT INTO `craft_amnav_nodes` (`id`, `navId`, `parentId`, `order`, `name`, `url`, `listClass`, `blank`, `enabled`, `elementId`, `elementType`, `locale`, `dateCreated`, `dateUpdated`, `uid`) VALUES ('7', '1', '0', '1', 'About', NULL, NULL, '0', '1', '21', 'Entry', 'en_us', '2015-11-17 12:39:25', '2015-11-17 14:20:42', '0eb0976c-2bce-44ba-91c6-766838a5d7f3');
INSERT INTO `craft_amnav_nodes` (`id`, `navId`, `parentId`, `order`, `name`, `url`, `listClass`, `blank`, `enabled`, `elementId`, `elementType`, `locale`, `dateCreated`, `dateUpdated`, `uid`) VALUES ('8', '1', '0', '2', 'Expertise', NULL, NULL, '0', '1', '25', 'Entry', 'en_us', '2015-11-17 13:17:45', '2015-11-17 14:20:42', '9c578ff5-c226-4668-894f-4cffe1966710');
INSERT INTO `craft_amnav_nodes` (`id`, `navId`, `parentId`, `order`, `name`, `url`, `listClass`, `blank`, `enabled`, `elementId`, `elementType`, `locale`, `dateCreated`, `dateUpdated`, `uid`) VALUES ('9', '1', '0', '3', 'Publications', NULL, NULL, '0', '1', '39', 'Entry', 'en_us', '2015-11-17 14:20:35', '2015-11-17 14:20:42', '641aa5ca-7b4b-477b-ad97-f2d8d8c257d0');



DROP TABLE IF EXISTS `craft_assetfiles`;


--
-- Schema for table `craft_assetfiles`
--
CREATE TABLE `craft_assetfiles` (
  `id` int(11) NOT NULL,
  `sourceId` int(11) DEFAULT NULL,
  `folderId` int(11) NOT NULL,
  `filename` varchar(255) COLLATE utf8_unicode_ci NOT NULL,
  `kind` varchar(50) COLLATE utf8_unicode_ci NOT NULL DEFAULT 'unknown',
  `width` smallint(6) unsigned DEFAULT NULL,
  `height` smallint(6) unsigned DEFAULT NULL,
  `size` int(11) unsigned DEFAULT NULL,
  `dateModified` datetime DEFAULT NULL,
  `dateCreated` datetime NOT NULL,
  `dateUpdated` datetime NOT NULL,
  `uid` char(36) COLLATE utf8_unicode_ci NOT NULL DEFAULT '0',
  PRIMARY KEY (`id`),
  UNIQUE KEY `craft_assetfiles_filename_folderId_unq_idx` (`filename`,`folderId`),
  KEY `craft_assetfiles_sourceId_fk` (`sourceId`),
  KEY `craft_assetfiles_folderId_fk` (`folderId`)
) ENGINE=InnoDB DEFAULT CHARSET=utf8 COLLATE=utf8_unicode_ci;

--
-- Data for table `craft_assetfiles`
--

INSERT INTO `craft_assetfiles` (`id`, `sourceId`, `folderId`, `filename`, `kind`, `width`, `height`, `size`, `dateModified`, `dateCreated`, `dateUpdated`, `uid`) VALUES ('7', '1', '1', 'careers.jpg', 'image', '911', '1000', '117788', '2015-11-17 09:24:47', '2015-11-17 09:11:25', '2015-11-17 09:24:47', 'e79c7cf9-7099-4b5f-b615-8ed98d83047b');
INSERT INTO `craft_assetfiles` (`id`, `sourceId`, `folderId`, `filename`, `kind`, `width`, `height`, `size`, `dateModified`, `dateCreated`, `dateUpdated`, `uid`) VALUES ('10', '1', '1', 'contact-bg.jpg', 'image', '1800', '894', '157450', '2015-11-17 09:39:50', '2015-11-17 09:39:50', '2015-11-17 09:39:50', '1210b980-ba80-434e-9743-963eb60a7f59');
INSERT INTO `craft_assetfiles` (`id`, `sourceId`, `folderId`, `filename`, `kind`, `width`, `height`, `size`, `dateModified`, `dateCreated`, `dateUpdated`, `uid`) VALUES ('11', '1', '1', 'gbenga.jpg', 'image', '710', '920', '54240', '2015-11-17 11:23:38', '2015-11-17 11:23:38', '2015-11-17 11:23:38', '59d1bfb4-d344-4c5e-9e5a-cc3d4f313264');
INSERT INTO `craft_assetfiles` (`id`, `sourceId`, `folderId`, `filename`, `kind`, `width`, `height`, `size`, `dateModified`, `dateCreated`, `dateUpdated`, `uid`) VALUES ('12', '1', '1', 'gbenga-biobaku.jpg', 'image', '1278', '968', '290088', '2015-11-17 11:24:41', '2015-11-17 11:24:41', '2015-11-17 11:24:41', 'f2a3bffb-5d1e-48ef-aa6b-54f18c6122eb');
INSERT INTO `craft_assetfiles` (`id`, `sourceId`, `folderId`, `filename`, `kind`, `width`, `height`, `size`, `dateModified`, `dateCreated`, `dateUpdated`, `uid`) VALUES ('14', '1', '1', 'gbenga_1.jpg', 'image', '710', '920', '54240', '2015-11-17 11:37:11', '2015-11-17 11:37:11', '2015-11-17 11:37:11', '88057c0e-fe37-4577-9af6-b1d0288ac1b1');
INSERT INTO `craft_assetfiles` (`id`, `sourceId`, `folderId`, `filename`, `kind`, `width`, `height`, `size`, `dateModified`, `dateCreated`, `dateUpdated`, `uid`) VALUES ('15', '1', '1', 'gbenga-biobaku_1.jpg', 'image', '1278', '968', '290088', '2015-11-17 11:37:19', '2015-11-17 11:37:19', '2015-11-17 11:37:19', 'c1e9f75c-4441-4cee-b87b-b6d1f483d988');
INSERT INTO `craft_assetfiles` (`id`, `sourceId`, `folderId`, `filename`, `kind`, `width`, `height`, `size`, `dateModified`, `dateCreated`, `dateUpdated`, `uid`) VALUES ('23', '1', '1', '1.jpg', 'image', '710', '920', '366820', '2015-11-17 12:52:28', '2015-11-17 12:52:28', '2015-11-17 12:52:28', '3de39046-dc0c-44be-b198-bf1559a1c50d');
INSERT INTO `craft_assetfiles` (`id`, `sourceId`, `folderId`, `filename`, `kind`, `width`, `height`, `size`, `dateModified`, `dateCreated`, `dateUpdated`, `uid`) VALUES ('31', '4', '4', 'The-Exclusive-Jurisdiction-of-the-National-Industrial-Court.pdf', 'pdf', NULL, NULL, '400331', '2015-11-17 14:13:21', '2015-11-17 14:13:21', '2015-11-17 14:13:21', '8c6e07f2-8e2a-4035-a95c-e3f0b0ddc6ab');
INSERT INTO `craft_assetfiles` (`id`, `sourceId`, `folderId`, `filename`, `kind`, `width`, `height`, `size`, `dateModified`, `dateCreated`, `dateUpdated`, `uid`) VALUES ('33', '4', '4', 'Arbitrability-of-tax-issues-arising-from-production-sharing-contracts.pdf', 'pdf', NULL, NULL, '692658', '2015-11-17 14:14:55', '2015-11-17 14:14:55', '2015-11-17 14:14:55', 'dfa37b34-a442-44fd-bcd0-bfcde785425e');
INSERT INTO `craft_assetfiles` (`id`, `sourceId`, `folderId`, `filename`, `kind`, `width`, `height`, `size`, `dateModified`, `dateCreated`, `dateUpdated`, `uid`) VALUES ('37', '4', '4', 'investing_in_Nigeria_OandG-Industry.pdf', 'pdf', NULL, NULL, '181762', '2015-11-17 14:18:48', '2015-11-17 14:18:48', '2015-11-17 14:18:48', '6bb9952e-ad0c-439a-ad8c-42e462bc2313');
INSERT INTO `craft_assetfiles` (`id`, `sourceId`, `folderId`, `filename`, `kind`, `width`, `height`, `size`, `dateModified`, `dateCreated`, `dateUpdated`, `uid`) VALUES ('40', '1', '1', 'gbc-corporate-practice.jpg', 'image', '2000', '993', '520362', '2015-11-17 15:35:06', '2015-11-17 15:30:14', '2015-11-17 15:35:06', '32b21f22-f780-45f9-bb0d-2d2fa0bb0c03');
INSERT INTO `craft_assetfiles` (`id`, `sourceId`, `folderId`, `filename`, `kind`, `width`, `height`, `size`, `dateModified`, `dateCreated`, `dateUpdated`, `uid`) VALUES ('42', '1', '1', 'gbc-modern-law-firm.jpg', 'image', '2000', '993', '213497', '2015-11-17 15:35:39', '2015-11-17 15:35:40', '2015-11-17 15:35:40', 'ebe2de01-4f09-4996-a66d-ad7df5b97bb7');
INSERT INTO `craft_assetfiles` (`id`, `sourceId`, `folderId`, `filename`, `kind`, `width`, `height`, `size`, `dateModified`, `dateCreated`, `dateUpdated`, `uid`) VALUES ('43', '1', '1', 'ijeoma-abalogu2.jpg', 'image', '710', '920', '241191', '2015-11-17 17:00:04', '2015-11-17 17:00:04', '2015-11-17 18:44:04', 'd396115d-4b70-4ec2-834a-505aa58b3d0b');
INSERT INTO `craft_assetfiles` (`id`, `sourceId`, `folderId`, `filename`, `kind`, `width`, `height`, `size`, `dateModified`, `dateCreated`, `dateUpdated`, `uid`) VALUES ('50', '1', '1', 'ijeoma-abalogu.jpg', 'image', '1278', '968', '244671', '2015-11-17 17:43:45', '2015-11-17 17:39:29', '2015-11-17 17:43:45', '937eaaba-f397-4c98-9a33-23914632c1d3');
INSERT INTO `craft_assetfiles` (`id`, `sourceId`, `folderId`, `filename`, `kind`, `width`, `height`, `size`, `dateModified`, `dateCreated`, `dateUpdated`, `uid`) VALUES ('52', '1', '1', 'nkoyo-rapu.jpg', 'image', '1278', '968', '187804', '2015-11-17 17:57:10', '2015-11-17 17:57:10', '2015-11-17 17:57:10', '1707d264-6965-4f5e-950b-ccc86cfd2f0d');
INSERT INTO `craft_assetfiles` (`id`, `sourceId`, `folderId`, `filename`, `kind`, `width`, `height`, `size`, `dateModified`, `dateCreated`, `dateUpdated`, `uid`) VALUES ('53', '1', '1', '6.jpg', 'image', '710', '920', '142423', '2015-11-17 18:19:11', '2015-11-17 18:19:11', '2015-11-17 18:19:11', 'c3533648-a6e2-457b-ba29-e73ae00e25fc');
INSERT INTO `craft_assetfiles` (`id`, `sourceId`, `folderId`, `filename`, `kind`, `width`, `height`, `size`, `dateModified`, `dateCreated`, `dateUpdated`, `uid`) VALUES ('54', '1', '1', 'okey-nwanya.jpg', 'image', '1278', '968', '241898', '2015-11-17 18:25:05', '2015-11-17 18:22:06', '2015-11-17 18:25:06', '01ebc95a-ec16-4a11-af34-e5bc2c9a6e20');
INSERT INTO `craft_assetfiles` (`id`, `sourceId`, `folderId`, `filename`, `kind`, `width`, `height`, `size`, `dateModified`, `dateCreated`, `dateUpdated`, `uid`) VALUES ('57', '1', '1', 'sogo-akinola.jpg', 'image', '710', '920', '296391', '2015-11-17 18:36:19', '2015-11-17 18:36:19', '2015-11-17 18:36:38', 'de4f2356-54f9-4cb6-be4b-2b3a789d78ba');
INSERT INTO `craft_assetfiles` (`id`, `sourceId`, `folderId`, `filename`, `kind`, `width`, `height`, `size`, `dateModified`, `dateCreated`, `dateUpdated`, `uid`) VALUES ('58', '1', '1', 'sogo-akinola_2.jpg', 'image', '1278', '968', '247919', '2015-11-17 18:44:24', '2015-11-17 18:39:34', '2015-11-17 18:44:24', '098fd3a9-0ebf-41ef-b63c-b4eed404d7bf');
INSERT INTO `craft_assetfiles` (`id`, `sourceId`, `folderId`, `filename`, `kind`, `width`, `height`, `size`, `dateModified`, `dateCreated`, `dateUpdated`, `uid`) VALUES ('61', '1', '1', 'sandra-asuzu.jpg', 'image', '710', '920', '96719', '2015-11-17 19:22:03', '2015-11-17 18:50:45', '2015-11-17 19:22:04', '1830aae1-ea9f-474e-93ec-120cde555fd5');
INSERT INTO `craft_assetfiles` (`id`, `sourceId`, `folderId`, `filename`, `kind`, `width`, `height`, `size`, `dateModified`, `dateCreated`, `dateUpdated`, `uid`) VALUES ('62', '1', '1', 'sandra-asuzu_1.jpg', 'image', '1278', '968', '126619', '2015-11-17 18:54:25', '2015-11-17 18:54:25', '2015-11-17 18:54:25', 'cdb79b38-70b9-4122-8400-6ef5fd883bc4');
INSERT INTO `craft_assetfiles` (`id`, `sourceId`, `folderId`, `filename`, `kind`, `width`, `height`, `size`, `dateModified`, `dateCreated`, `dateUpdated`, `uid`) VALUES ('64', '1', '1', '3.jpg', 'image', '710', '920', '270257', '2015-11-17 19:06:07', '2015-11-17 19:06:07', '2015-11-17 19:06:07', '636bf2c2-b480-48dc-9412-cb7d82675002');
INSERT INTO `craft_assetfiles` (`id`, `sourceId`, `folderId`, `filename`, `kind`, `width`, `height`, `size`, `dateModified`, `dateCreated`, `dateUpdated`, `uid`) VALUES ('65', '1', '1', 'ayoade-oluwasanmi.jpg', 'image', '1278', '968', '208593', '2015-11-17 19:09:13', '2015-11-17 19:09:13', '2015-11-17 19:09:13', '8ffc93f8-dd00-4aae-9cbf-d7ee4437916f');
INSERT INTO `craft_assetfiles` (`id`, `sourceId`, `folderId`, `filename`, `kind`, `width`, `height`, `size`, `dateModified`, `dateCreated`, `dateUpdated`, `uid`) VALUES ('68', '1', '1', 'edward-vera-cruz2.jpg', 'image', '1278', '968', '116065', '2015-11-17 19:36:55', '2015-11-17 19:36:55', '2015-11-17 19:36:55', 'df9de89e-1160-42ec-bcc1-bf8a8db1bc35');
INSERT INTO `craft_assetfiles` (`id`, `sourceId`, `folderId`, `filename`, `kind`, `width`, `height`, `size`, `dateModified`, `dateCreated`, `dateUpdated`, `uid`) VALUES ('69', '1', '1', 'edward-vera-cruz.jpg', 'image', '710', '920', '106454', '2015-11-17 19:46:03', '2015-11-17 19:38:25', '2015-11-17 19:46:03', '5451bbe4-17e1-47e3-907f-704df6409b36');
INSERT INTO `craft_assetfiles` (`id`, `sourceId`, `folderId`, `filename`, `kind`, `width`, `height`, `size`, `dateModified`, `dateCreated`, `dateUpdated`, `uid`) VALUES ('74', '1', '1', 'blank.jpg', 'image', '710', '920', '8205', '2015-11-17 20:11:17', '2015-11-17 20:11:17', '2015-11-17 20:11:17', '8fa5885b-8f36-4f81-b58b-c19276475b91');
INSERT INTO `craft_assetfiles` (`id`, `sourceId`, `folderId`, `filename`, `kind`, `width`, `height`, `size`, `dateModified`, `dateCreated`, `dateUpdated`, `uid`) VALUES ('75', '1', '1', 'blank2.jpg', 'image', '1278', '968', '15048', '2015-11-17 20:11:26', '2015-11-17 20:11:26', '2015-11-17 20:11:26', 'a2111c12-3d65-4e0b-b8f9-22503c62b9cb');
INSERT INTO `craft_assetfiles` (`id`, `sourceId`, `folderId`, `filename`, `kind`, `width`, `height`, `size`, `dateModified`, `dateCreated`, `dateUpdated`, `uid`) VALUES ('76', '1', '1', 'blank2_1.jpg', 'image', '1278', '968', '15048', '2015-11-17 20:11:38', '2015-11-17 20:11:38', '2015-11-17 20:11:38', '2a74900d-17c4-4ddf-ad14-528e4c87512c');
INSERT INTO `craft_assetfiles` (`id`, `sourceId`, `folderId`, `filename`, `kind`, `width`, `height`, `size`, `dateModified`, `dateCreated`, `dateUpdated`, `uid`) VALUES ('77', '1', '1', 'blank_1.jpg', 'image', '710', '920', '8205', '2015-11-17 20:11:41', '2015-11-17 20:11:41', '2015-11-17 20:11:41', '2d1b5a0d-c8fa-4aa0-83be-a0af210a2a77');



DROP TABLE IF EXISTS `craft_assetfolders`;


--
-- Schema for table `craft_assetfolders`
--
CREATE TABLE `craft_assetfolders` (
  `id` int(11) NOT NULL AUTO_INCREMENT,
  `parentId` int(11) DEFAULT NULL,
  `sourceId` int(11) DEFAULT NULL,
  `name` varchar(255) COLLATE utf8_unicode_ci NOT NULL,
  `path` varchar(255) COLLATE utf8_unicode_ci DEFAULT NULL,
  `dateCreated` datetime NOT NULL,
  `dateUpdated` datetime NOT NULL,
  `uid` char(36) COLLATE utf8_unicode_ci NOT NULL DEFAULT '0',
  PRIMARY KEY (`id`),
  UNIQUE KEY `craft_assetfolders_name_parentId_sourceId_unq_idx` (`name`,`parentId`,`sourceId`),
  KEY `craft_assetfolders_parentId_fk` (`parentId`),
  KEY `craft_assetfolders_sourceId_fk` (`sourceId`)
) ENGINE=InnoDB AUTO_INCREMENT=5 DEFAULT CHARSET=utf8 COLLATE=utf8_unicode_ci;

--
-- Data for table `craft_assetfolders`
--

INSERT INTO `craft_assetfolders` (`id`, `parentId`, `sourceId`, `name`, `path`, `dateCreated`, `dateUpdated`, `uid`) VALUES ('1', NULL, '1', 'Image', '', '2015-11-17 07:49:49', '2015-11-17 07:49:49', 'b5cb9903-7640-4157-ad73-c6a9f8fdf27d');
INSERT INTO `craft_assetfolders` (`id`, `parentId`, `sourceId`, `name`, `path`, `dateCreated`, `dateUpdated`, `uid`) VALUES ('2', NULL, '2', 'Clients', '', '2015-11-17 08:00:19', '2015-11-17 08:00:19', '51315938-57b7-4822-8d7f-9ecde9cf0d22');
INSERT INTO `craft_assetfolders` (`id`, `parentId`, `sourceId`, `name`, `path`, `dateCreated`, `dateUpdated`, `uid`) VALUES ('3', NULL, '3', 'Team', '', '2015-11-17 08:00:40', '2015-11-17 08:00:40', 'bc1dc9a2-d192-4f44-96dc-e3e78b395322');
INSERT INTO `craft_assetfolders` (`id`, `parentId`, `sourceId`, `name`, `path`, `dateCreated`, `dateUpdated`, `uid`) VALUES ('4', NULL, '4', 'Publications', '', '2015-11-17 14:03:56', '2015-11-17 14:03:56', '51c82106-e826-4463-a783-5f5290c422d0');



DROP TABLE IF EXISTS `craft_assetindexdata`;


--
-- Schema for table `craft_assetindexdata`
--
CREATE TABLE `craft_assetindexdata` (
  `id` int(11) NOT NULL AUTO_INCREMENT,
  `sessionId` varchar(36) COLLATE utf8_unicode_ci NOT NULL DEFAULT '',
  `sourceId` int(10) NOT NULL,
  `offset` int(10) NOT NULL,
  `uri` varchar(255) COLLATE utf8_unicode_ci DEFAULT NULL,
  `size` int(10) DEFAULT NULL,
  `recordId` int(10) DEFAULT NULL,
  `dateCreated` datetime NOT NULL,
  `dateUpdated` datetime NOT NULL,
  `uid` char(36) COLLATE utf8_unicode_ci NOT NULL DEFAULT '0',
  PRIMARY KEY (`id`),
  UNIQUE KEY `craft_assetindexdata_sessionId_sourceId_offset_unq_idx` (`sessionId`,`sourceId`,`offset`),
  KEY `craft_assetindexdata_sourceId_fk` (`sourceId`)
) ENGINE=InnoDB DEFAULT CHARSET=utf8 COLLATE=utf8_unicode_ci;

DROP TABLE IF EXISTS `craft_assetsources`;


--
-- Schema for table `craft_assetsources`
--
CREATE TABLE `craft_assetsources` (
  `id` int(11) NOT NULL AUTO_INCREMENT,
  `name` varchar(255) COLLATE utf8_unicode_ci NOT NULL,
  `handle` varchar(255) COLLATE utf8_unicode_ci NOT NULL,
  `type` varchar(150) COLLATE utf8_unicode_ci NOT NULL,
  `settings` text COLLATE utf8_unicode_ci,
  `sortOrder` tinyint(4) DEFAULT NULL,
  `fieldLayoutId` int(10) DEFAULT NULL,
  `dateCreated` datetime NOT NULL,
  `dateUpdated` datetime NOT NULL,
  `uid` char(36) COLLATE utf8_unicode_ci NOT NULL DEFAULT '0',
  PRIMARY KEY (`id`),
  UNIQUE KEY `craft_assetsources_name_unq_idx` (`name`),
  UNIQUE KEY `craft_assetsources_handle_unq_idx` (`handle`),
  KEY `craft_assetsources_fieldLayoutId_fk` (`fieldLayoutId`)
) ENGINE=InnoDB AUTO_INCREMENT=5 DEFAULT CHARSET=utf8 COLLATE=utf8_unicode_ci;

--
-- Data for table `craft_assetsources`
--

INSERT INTO `craft_assetsources` (`id`, `name`, `handle`, `type`, `settings`, `sortOrder`, `fieldLayoutId`, `dateCreated`, `dateUpdated`, `uid`) VALUES ('1', 'Image', 'image', 'Local', '{\"path\":\"assets\\/images\\/\",\"url\":\"\\/assets\\/images\\/\"}', '1', '6', '2015-11-17 07:49:49', '2015-11-17 07:49:49', 'cd06de6b-6e7e-42b7-ade1-af0e3d226f1b');
INSERT INTO `craft_assetsources` (`id`, `name`, `handle`, `type`, `settings`, `sortOrder`, `fieldLayoutId`, `dateCreated`, `dateUpdated`, `uid`) VALUES ('2', 'Clients', 'clients', 'Local', '{\"path\":\"assets\\/images\\/clients\\/\",\"url\":\"\\/assets\\/images\\/clients\\/\"}', '2', '7', '2015-11-17 08:00:19', '2015-11-17 08:00:19', '0927600c-71e9-4cb8-b4bc-cff51934a2e2');
INSERT INTO `craft_assetsources` (`id`, `name`, `handle`, `type`, `settings`, `sortOrder`, `fieldLayoutId`, `dateCreated`, `dateUpdated`, `uid`) VALUES ('3', 'Team', 'team', 'Local', '{\"path\":\"assets\\/images\\/team\\/\",\"url\":\"\\/assets\\/images\\/team\\/\"}', '3', '8', '2015-11-17 08:00:40', '2015-11-17 08:00:40', '2a34fc1d-ff21-4e2d-86ff-26ff0a874d05');
INSERT INTO `craft_assetsources` (`id`, `name`, `handle`, `type`, `settings`, `sortOrder`, `fieldLayoutId`, `dateCreated`, `dateUpdated`, `uid`) VALUES ('4', 'Publications', 'publications', 'Local', '{\"path\":\"assets\\/publications\\/\",\"url\":\"\\/assets\\/publications\\/\"}', '4', '42', '2015-11-17 14:03:56', '2015-11-17 14:03:56', 'fb2ec036-ec9c-418f-a89c-5ea7481521ca');



DROP TABLE IF EXISTS `craft_assettransformindex`;


--
-- Schema for table `craft_assettransformindex`
--
CREATE TABLE `craft_assettransformindex` (
  `id` int(11) NOT NULL AUTO_INCREMENT,
  `fileId` int(11) NOT NULL,
  `filename` varchar(255) COLLATE utf8_unicode_ci DEFAULT NULL,
  `format` varchar(255) COLLATE utf8_unicode_ci DEFAULT NULL,
  `location` varchar(255) COLLATE utf8_unicode_ci NOT NULL,
  `sourceId` int(11) DEFAULT NULL,
  `fileExists` tinyint(1) DEFAULT NULL,
  `inProgress` tinyint(1) DEFAULT NULL,
  `dateIndexed` datetime DEFAULT NULL,
  `dateCreated` datetime NOT NULL,
  `dateUpdated` datetime NOT NULL,
  `uid` char(36) COLLATE utf8_unicode_ci NOT NULL DEFAULT '0',
  PRIMARY KEY (`id`),
  KEY `craft_assettransformindex_sourceId_fileId_location_idx` (`sourceId`,`fileId`,`location`)
) ENGINE=InnoDB AUTO_INCREMENT=18 DEFAULT CHARSET=utf8 COLLATE=utf8_unicode_ci;

DROP TABLE IF EXISTS `craft_assettransforms`;


--
-- Schema for table `craft_assettransforms`
--
CREATE TABLE `craft_assettransforms` (
  `id` int(11) NOT NULL AUTO_INCREMENT,
  `name` varchar(255) COLLATE utf8_unicode_ci NOT NULL,
  `handle` varchar(255) COLLATE utf8_unicode_ci NOT NULL,
  `mode` enum('stretch','fit','crop') COLLATE utf8_unicode_ci NOT NULL DEFAULT 'crop',
  `position` enum('top-left','top-center','top-right','center-left','center-center','center-right','bottom-left','bottom-center','bottom-right') COLLATE utf8_unicode_ci NOT NULL DEFAULT 'center-center',
  `height` int(10) DEFAULT NULL,
  `width` int(10) DEFAULT NULL,
  `format` varchar(255) COLLATE utf8_unicode_ci DEFAULT NULL,
  `quality` int(10) DEFAULT NULL,
  `dimensionChangeTime` datetime DEFAULT NULL,
  `dateCreated` datetime NOT NULL,
  `dateUpdated` datetime NOT NULL,
  `uid` char(36) COLLATE utf8_unicode_ci NOT NULL DEFAULT '0',
  PRIMARY KEY (`id`),
  UNIQUE KEY `craft_assettransforms_name_unq_idx` (`name`),
  UNIQUE KEY `craft_assettransforms_handle_unq_idx` (`handle`)
) ENGINE=InnoDB AUTO_INCREMENT=2 DEFAULT CHARSET=utf8 COLLATE=utf8_unicode_ci;

--
-- Data for table `craft_assettransforms`
--

INSERT INTO `craft_assettransforms` (`id`, `name`, `handle`, `mode`, `position`, `height`, `width`, `format`, `quality`, `dimensionChangeTime`, `dateCreated`, `dateUpdated`, `uid`) VALUES ('1', 'Small', 'small', 'crop', 'center-center', '300', '300', NULL, '60', '2015-11-17 09:13:44', '2015-11-17 09:13:31', '2015-11-17 09:13:44', 'e6193b93-c1db-4907-8a00-ae7a62f3f370');



DROP TABLE IF EXISTS `craft_categories`;


--
-- Schema for table `craft_categories`
--
CREATE TABLE `craft_categories` (
  `id` int(11) NOT NULL,
  `groupId` int(11) NOT NULL,
  `dateCreated` datetime NOT NULL,
  `dateUpdated` datetime NOT NULL,
  `uid` char(36) COLLATE utf8_unicode_ci NOT NULL DEFAULT '0',
  PRIMARY KEY (`id`),
  KEY `craft_categories_groupId_fk` (`groupId`)
) ENGINE=InnoDB DEFAULT CHARSET=utf8 COLLATE=utf8_unicode_ci;

DROP TABLE IF EXISTS `craft_categorygroups`;


--
-- Schema for table `craft_categorygroups`
--
CREATE TABLE `craft_categorygroups` (
  `id` int(11) NOT NULL AUTO_INCREMENT,
  `structureId` int(11) NOT NULL,
  `fieldLayoutId` int(11) DEFAULT NULL,
  `name` varchar(255) COLLATE utf8_unicode_ci NOT NULL,
  `handle` varchar(255) COLLATE utf8_unicode_ci NOT NULL,
  `hasUrls` tinyint(1) unsigned NOT NULL DEFAULT '1',
  `template` varchar(500) COLLATE utf8_unicode_ci DEFAULT NULL,
  `dateCreated` datetime NOT NULL,
  `dateUpdated` datetime NOT NULL,
  `uid` char(36) COLLATE utf8_unicode_ci NOT NULL DEFAULT '0',
  PRIMARY KEY (`id`),
  UNIQUE KEY `craft_categorygroups_name_unq_idx` (`name`),
  UNIQUE KEY `craft_categorygroups_handle_unq_idx` (`handle`),
  KEY `craft_categorygroups_structureId_fk` (`structureId`),
  KEY `craft_categorygroups_fieldLayoutId_fk` (`fieldLayoutId`)
) ENGINE=InnoDB DEFAULT CHARSET=utf8 COLLATE=utf8_unicode_ci;

DROP TABLE IF EXISTS `craft_categorygroups_i18n`;


--
-- Schema for table `craft_categorygroups_i18n`
--
CREATE TABLE `craft_categorygroups_i18n` (
  `id` int(11) NOT NULL AUTO_INCREMENT,
  `groupId` int(11) NOT NULL,
  `locale` char(12) COLLATE utf8_unicode_ci NOT NULL,
  `urlFormat` text COLLATE utf8_unicode_ci,
  `nestedUrlFormat` text COLLATE utf8_unicode_ci,
  `dateCreated` datetime NOT NULL,
  `dateUpdated` datetime NOT NULL,
  `uid` char(36) COLLATE utf8_unicode_ci NOT NULL DEFAULT '0',
  PRIMARY KEY (`id`),
  UNIQUE KEY `craft_categorygroups_i18n_groupId_locale_unq_idx` (`groupId`,`locale`),
  KEY `craft_categorygroups_i18n_locale_fk` (`locale`)
) ENGINE=InnoDB DEFAULT CHARSET=utf8 COLLATE=utf8_unicode_ci;

DROP TABLE IF EXISTS `craft_content`;


--
-- Schema for table `craft_content`
--
CREATE TABLE `craft_content` (
  `id` int(11) NOT NULL AUTO_INCREMENT,
  `elementId` int(11) NOT NULL,
  `locale` char(12) COLLATE utf8_unicode_ci NOT NULL,
  `title` varchar(255) COLLATE utf8_unicode_ci DEFAULT NULL,
  `field_body` text COLLATE utf8_unicode_ci,
  `field_seoTitle` text COLLATE utf8_unicode_ci,
  `field_seoAuthor` text COLLATE utf8_unicode_ci,
  `field_seoCanonical` text COLLATE utf8_unicode_ci,
  `field_seoDescription` varchar(160) COLLATE utf8_unicode_ci DEFAULT NULL,
  `field_seoKeywords` text COLLATE utf8_unicode_ci,
  `field_seoType` text COLLATE utf8_unicode_ci,
  `field_aboutText` text COLLATE utf8_unicode_ci,
  `field_bodyContent` text COLLATE utf8_unicode_ci,
  `field_clientsText` text COLLATE utf8_unicode_ci,
  `field_position` text COLLATE utf8_unicode_ci,
  `field_intro` text COLLATE utf8_unicode_ci,
  `field_education` text COLLATE utf8_unicode_ci,
  `field_expertise` text COLLATE utf8_unicode_ci,
  `field_memberships` text COLLATE utf8_unicode_ci,
  `field_experiences` text COLLATE utf8_unicode_ci,
  `field_awards` text COLLATE utf8_unicode_ci,
  `field_relevantExperiences` text COLLATE utf8_unicode_ci,
  `field_relevantExperiencesIntro` text COLLATE utf8_unicode_ci,
  `field_summary` text COLLATE utf8_unicode_ci,
  `field_appointments` text COLLATE utf8_unicode_ci,
  `field_consultancyRecord` text COLLATE utf8_unicode_ci,
  `field_languages` text COLLATE utf8_unicode_ci,
  `dateCreated` datetime NOT NULL,
  `dateUpdated` datetime NOT NULL,
  `uid` char(36) COLLATE utf8_unicode_ci NOT NULL DEFAULT '0',
  PRIMARY KEY (`id`),
  UNIQUE KEY `craft_content_elementId_locale_unq_idx` (`elementId`,`locale`),
  KEY `craft_content_title_idx` (`title`),
  KEY `craft_content_locale_fk` (`locale`)
) ENGINE=InnoDB AUTO_INCREMENT=75 DEFAULT CHARSET=utf8 COLLATE=utf8_unicode_ci;

--
-- Data for table `craft_content`
--

INSERT INTO `craft_content` (`id`, `elementId`, `locale`, `title`, `field_body`, `field_seoTitle`, `field_seoAuthor`, `field_seoCanonical`, `field_seoDescription`, `field_seoKeywords`, `field_seoType`, `field_aboutText`, `field_bodyContent`, `field_clientsText`, `field_position`, `field_intro`, `field_education`, `field_expertise`, `field_memberships`, `field_experiences`, `field_awards`, `field_relevantExperiences`, `field_relevantExperiencesIntro`, `field_summary`, `field_appointments`, `field_consultancyRecord`, `field_languages`, `dateCreated`, `dateUpdated`, `uid`) VALUES ('1', '1', 'en_us', NULL, NULL, NULL, NULL, NULL, NULL, NULL, NULL, NULL, NULL, NULL, NULL, NULL, NULL, NULL, NULL, NULL, NULL, NULL, NULL, NULL, NULL, NULL, NULL, '2015-11-13 22:54:17', '2015-11-13 22:54:17', 'b60b4d01-9d64-4a74-97d5-e3540163744b');
INSERT INTO `craft_content` (`id`, `elementId`, `locale`, `title`, `field_body`, `field_seoTitle`, `field_seoAuthor`, `field_seoCanonical`, `field_seoDescription`, `field_seoKeywords`, `field_seoType`, `field_aboutText`, `field_bodyContent`, `field_clientsText`, `field_position`, `field_intro`, `field_education`, `field_expertise`, `field_memberships`, `field_experiences`, `field_awards`, `field_relevantExperiences`, `field_relevantExperiencesIntro`, `field_summary`, `field_appointments`, `field_consultancyRecord`, `field_languages`, `dateCreated`, `dateUpdated`, `uid`) VALUES ('2', '2', 'en_us', 'Homepage Gbenga Biobaku & Co.', '<p>It’s true, this site doesn’t have a whole lot of content yet, but don’t worry. Our web developers have just installed the CMS, and they’re setting things up for the content editors this very moment. Soon Gbc.dev will be an oasis of fresh perspectives, sharp analyses, and astute opinions that will keep you coming back again and again.</p>', 'GBC', '', '', '', '', '', NULL, NULL, NULL, NULL, NULL, NULL, NULL, NULL, NULL, NULL, NULL, NULL, NULL, NULL, NULL, NULL, '2015-11-13 22:54:20', '2015-11-17 15:35:51', '40274d15-7ce1-4324-844d-c2a3929f8d71');
INSERT INTO `craft_content` (`id`, `elementId`, `locale`, `title`, `field_body`, `field_seoTitle`, `field_seoAuthor`, `field_seoCanonical`, `field_seoDescription`, `field_seoKeywords`, `field_seoType`, `field_aboutText`, `field_bodyContent`, `field_clientsText`, `field_position`, `field_intro`, `field_education`, `field_expertise`, `field_memberships`, `field_experiences`, `field_awards`, `field_relevantExperiences`, `field_relevantExperiencesIntro`, `field_summary`, `field_appointments`, `field_consultancyRecord`, `field_languages`, `dateCreated`, `dateUpdated`, `uid`) VALUES ('6', '6', 'en_us', 'Careers', '<p>We believe that the key to our success is not only the knowledge of our client’s industry and our general commercial awareness, but our interest in recruiting highly capable individuals and providing a very conducive environment to nurture their ambitions to reach for the top.</p>\r\n\r\n\r\n\r\n\r\n\r\n<p> We are constantly looking for individuals who are highly capable and motivated to meet the challenges of a growing industry. if you meet this criteria, please email your resume to careers@gbc-law.com</p>', '', '', '', '', '', '', NULL, '<h3 class=\"omega text-serif text-light\">\r\n	We believe that the key to our success is not only the knowledge of our client’s industry and our general commercial awareness, but our interest in recruiting highly capable individuals and providing a very conducive environment to nurture their ambitions to reach for the top.\r\n</h3>\r\n\r\n<p class=\"text-sans\">\r\n	We are constantly looking for individuals who are highly capable and motivated to meet the challenges of a growing industry. if you meet this criteria, please email your resume to careers@gbc-law.com \r\n</p>', NULL, NULL, NULL, NULL, NULL, NULL, NULL, NULL, NULL, NULL, NULL, NULL, NULL, NULL, '2015-11-17 08:49:31', '2015-11-17 10:24:10', 'd8d6037e-b5e1-4159-b1b9-9d30bb2512a8');
INSERT INTO `craft_content` (`id`, `elementId`, `locale`, `title`, `field_body`, `field_seoTitle`, `field_seoAuthor`, `field_seoCanonical`, `field_seoDescription`, `field_seoKeywords`, `field_seoType`, `field_aboutText`, `field_bodyContent`, `field_clientsText`, `field_position`, `field_intro`, `field_education`, `field_expertise`, `field_memberships`, `field_experiences`, `field_awards`, `field_relevantExperiences`, `field_relevantExperiencesIntro`, `field_summary`, `field_appointments`, `field_consultancyRecord`, `field_languages`, `dateCreated`, `dateUpdated`, `uid`) VALUES ('7', '7', 'en_us', 'Careers', NULL, NULL, NULL, NULL, NULL, NULL, NULL, NULL, NULL, NULL, NULL, NULL, NULL, NULL, NULL, NULL, NULL, NULL, NULL, NULL, NULL, NULL, NULL, '2015-11-17 09:11:25', '2015-11-17 09:24:47', '445b8e70-8a2e-4d44-967b-c0e138f6c846');
INSERT INTO `craft_content` (`id`, `elementId`, `locale`, `title`, `field_body`, `field_seoTitle`, `field_seoAuthor`, `field_seoCanonical`, `field_seoDescription`, `field_seoKeywords`, `field_seoType`, `field_aboutText`, `field_bodyContent`, `field_clientsText`, `field_position`, `field_intro`, `field_education`, `field_expertise`, `field_memberships`, `field_experiences`, `field_awards`, `field_relevantExperiences`, `field_relevantExperiencesIntro`, `field_summary`, `field_appointments`, `field_consultancyRecord`, `field_languages`, `dateCreated`, `dateUpdated`, `uid`) VALUES ('9', '9', 'en_us', 'Contact', '<p>Office Address:</p>\r\n\r\n<p> 11, Babafemi Osoba Crescent </p>\r\n\r\n\r\n\r\n<p> Off Admiralty Road, Lekki Phase 1, </p>\r\n\r\n\r\n\r\n<p> P.O.Box 72250 Victoria Island, Lagos.</p>\r\n\r\n\r\n\r\n\r\n\r\n\r\n\r\n<p> T: +234 (0)1 899 0764, +234 (0) 1 899 0765 </p>\r\n\r\n\r\n\r\n<p> E: info@gbc-law.com</p>', '', '', '', '', '', '', NULL, '<p><strong>Office Address:</strong><br>11, Babafemi Osoba Crescent<br>Off Admiralty Road, Lekki Phase 1,<br>P.O.Box 72250 Victoria Island, Lagos.</p>\r\n\r\n<p><strong>T:</strong>&nbsp;+234-1- 2717769, <br><strong>DLS: +</strong>234-1- 2706382,&nbsp;2706383<br><strong>Fax:</strong>&nbsp;234-1- 2707320<br><strong>E:</strong>  info@gbc-law.com</p>', NULL, NULL, NULL, NULL, NULL, NULL, NULL, NULL, NULL, NULL, NULL, NULL, NULL, NULL, '2015-11-17 09:31:40', '2015-11-19 23:18:49', '6ddb3c70-39bb-4a86-b834-1672f485e4f7');
INSERT INTO `craft_content` (`id`, `elementId`, `locale`, `title`, `field_body`, `field_seoTitle`, `field_seoAuthor`, `field_seoCanonical`, `field_seoDescription`, `field_seoKeywords`, `field_seoType`, `field_aboutText`, `field_bodyContent`, `field_clientsText`, `field_position`, `field_intro`, `field_education`, `field_expertise`, `field_memberships`, `field_experiences`, `field_awards`, `field_relevantExperiences`, `field_relevantExperiencesIntro`, `field_summary`, `field_appointments`, `field_consultancyRecord`, `field_languages`, `dateCreated`, `dateUpdated`, `uid`) VALUES ('10', '10', 'en_us', 'Contact Bg', NULL, NULL, NULL, NULL, NULL, NULL, NULL, NULL, NULL, NULL, NULL, NULL, NULL, NULL, NULL, NULL, NULL, NULL, NULL, NULL, NULL, NULL, NULL, '2015-11-17 09:39:50', '2015-11-17 09:39:50', '6e05b641-5cfe-477c-be45-486bdf1bc79c');
INSERT INTO `craft_content` (`id`, `elementId`, `locale`, `title`, `field_body`, `field_seoTitle`, `field_seoAuthor`, `field_seoCanonical`, `field_seoDescription`, `field_seoKeywords`, `field_seoType`, `field_aboutText`, `field_bodyContent`, `field_clientsText`, `field_position`, `field_intro`, `field_education`, `field_expertise`, `field_memberships`, `field_experiences`, `field_awards`, `field_relevantExperiences`, `field_relevantExperiencesIntro`, `field_summary`, `field_appointments`, `field_consultancyRecord`, `field_languages`, `dateCreated`, `dateUpdated`, `uid`) VALUES ('11', '11', 'en_us', 'Gbenga', NULL, NULL, NULL, NULL, NULL, NULL, NULL, NULL, NULL, NULL, NULL, NULL, NULL, NULL, NULL, NULL, NULL, NULL, NULL, NULL, NULL, NULL, NULL, '2015-11-17 11:23:38', '2015-11-17 11:23:38', '4a526be3-8562-47dd-b4d2-c651f7dc75d9');
INSERT INTO `craft_content` (`id`, `elementId`, `locale`, `title`, `field_body`, `field_seoTitle`, `field_seoAuthor`, `field_seoCanonical`, `field_seoDescription`, `field_seoKeywords`, `field_seoType`, `field_aboutText`, `field_bodyContent`, `field_clientsText`, `field_position`, `field_intro`, `field_education`, `field_expertise`, `field_memberships`, `field_experiences`, `field_awards`, `field_relevantExperiences`, `field_relevantExperiencesIntro`, `field_summary`, `field_appointments`, `field_consultancyRecord`, `field_languages`, `dateCreated`, `dateUpdated`, `uid`) VALUES ('12', '12', 'en_us', 'Gbenga Biobaku', NULL, NULL, NULL, NULL, NULL, NULL, NULL, NULL, NULL, NULL, NULL, NULL, NULL, NULL, NULL, NULL, NULL, NULL, NULL, NULL, NULL, NULL, NULL, '2015-11-17 11:24:41', '2015-11-17 11:24:41', '9e00d11b-7cfb-4134-a729-ab3191b46ef3');
INSERT INTO `craft_content` (`id`, `elementId`, `locale`, `title`, `field_body`, `field_seoTitle`, `field_seoAuthor`, `field_seoCanonical`, `field_seoDescription`, `field_seoKeywords`, `field_seoType`, `field_aboutText`, `field_bodyContent`, `field_clientsText`, `field_position`, `field_intro`, `field_education`, `field_expertise`, `field_memberships`, `field_experiences`, `field_awards`, `field_relevantExperiences`, `field_relevantExperiencesIntro`, `field_summary`, `field_appointments`, `field_consultancyRecord`, `field_languages`, `dateCreated`, `dateUpdated`, `uid`) VALUES ('14', '14', 'en_us', 'Gbenga', NULL, NULL, NULL, NULL, NULL, NULL, NULL, NULL, NULL, NULL, NULL, NULL, NULL, NULL, NULL, NULL, NULL, NULL, NULL, NULL, NULL, NULL, NULL, '2015-11-17 11:37:11', '2015-11-17 11:37:11', 'd62823e8-24ab-456b-b1ac-8d0176e63ee4');
INSERT INTO `craft_content` (`id`, `elementId`, `locale`, `title`, `field_body`, `field_seoTitle`, `field_seoAuthor`, `field_seoCanonical`, `field_seoDescription`, `field_seoKeywords`, `field_seoType`, `field_aboutText`, `field_bodyContent`, `field_clientsText`, `field_position`, `field_intro`, `field_education`, `field_expertise`, `field_memberships`, `field_experiences`, `field_awards`, `field_relevantExperiences`, `field_relevantExperiencesIntro`, `field_summary`, `field_appointments`, `field_consultancyRecord`, `field_languages`, `dateCreated`, `dateUpdated`, `uid`) VALUES ('15', '15', 'en_us', 'Gbenga Biobaku', NULL, NULL, NULL, NULL, NULL, NULL, NULL, NULL, NULL, NULL, NULL, NULL, NULL, NULL, NULL, NULL, NULL, NULL, NULL, NULL, NULL, NULL, NULL, '2015-11-17 11:37:19', '2015-11-17 11:37:19', '64166f9c-2666-4ba2-a70c-40d4fa52b05a');
INSERT INTO `craft_content` (`id`, `elementId`, `locale`, `title`, `field_body`, `field_seoTitle`, `field_seoAuthor`, `field_seoCanonical`, `field_seoDescription`, `field_seoKeywords`, `field_seoType`, `field_aboutText`, `field_bodyContent`, `field_clientsText`, `field_position`, `field_intro`, `field_education`, `field_expertise`, `field_memberships`, `field_experiences`, `field_awards`, `field_relevantExperiences`, `field_relevantExperiencesIntro`, `field_summary`, `field_appointments`, `field_consultancyRecord`, `field_languages`, `dateCreated`, `dateUpdated`, `uid`) VALUES ('21', '21', 'en_us', 'About', NULL, '', '', '', '', '', '', '<h3>Gbenga Biobaku & Co. (GBC) is a leading law firm in Nigeria with primary practice in the business scene.</h3>\r\n\r\n<p>For over 20years, our Firm has demonstrated its expertise in handling challenging assignments for the most interesting clients. We have achieved extraordinary results with a team of intensely focused members with a focus on solving our clients\' most important problems.</p>\r\n\r\n\r\n\r\n<p>Building strong client relationships is the compass of our business strategy. With diverse experience and exceptional professionals, we have continually delivered quality to our clients through innovative legal solutions.</p>\r\n\r\n\r\n\r\n<p>Our clients range from multinationals, oil & energy firms, financial institutions and emerging companies. We also advise governments and public bodies.</p>', NULL, '', NULL, NULL, NULL, NULL, NULL, NULL, NULL, NULL, NULL, NULL, NULL, NULL, NULL, '2015-11-17 12:09:53', '2015-11-17 12:40:01', 'd33c635e-7a9c-4b56-8800-40334545a4d8');
INSERT INTO `craft_content` (`id`, `elementId`, `locale`, `title`, `field_body`, `field_seoTitle`, `field_seoAuthor`, `field_seoCanonical`, `field_seoDescription`, `field_seoKeywords`, `field_seoType`, `field_aboutText`, `field_bodyContent`, `field_clientsText`, `field_position`, `field_intro`, `field_education`, `field_expertise`, `field_memberships`, `field_experiences`, `field_awards`, `field_relevantExperiences`, `field_relevantExperiencesIntro`, `field_summary`, `field_appointments`, `field_consultancyRecord`, `field_languages`, `dateCreated`, `dateUpdated`, `uid`) VALUES ('22', '22', 'en_us', 'Gbenga Biobaku', NULL, '', '', '', '', '', '', NULL, NULL, NULL, 'Managing Partner', '<p>Gbenga has over 2 decades of legal practice experience in corporate / commercial law predominantly in the Oil and Gas Industry. Previously at Jackson, Etti & Edu, where he was the head of the energy & corporate department for over 5 years. Prior to joining Jackson, Etti & Edu, Gbenga was a member of the energy and corporate/commercial practice group at Irving and Bonnar, Nigeria’s oldest law firm. Whilst at Irving & Bonnar, Gbenga worked on a variety of energy, corporate and commercial transactions for both domestic and international clients.</p>', '[{\"col1\":\"University of Ife (LLB); 1986\"},{\"col1\":\"Nigerian Bar Association 1987\"}]', '[{\"col1\":\"Foreign Investments\"},{\"col1\":\"Joint Ventures\"},{\"col1\":\"Acquisitions & Disposals\"},{\"col1\":\"Corporate Restructuring\"},{\"col1\":\"Project Development & Finance\"}]', '[{\"col1\":\"Nigerian Bar Association\"},{\"col1\":\"Energy & Natural Resources Section (SERL) of the International Bar Association\"},{\"col1\":\"Association of International Petroleum Negotiators(\\\"AIPN\\\")\"}]', '[{\"col1\":\"Advising a multinational exploration and production company in relation to a proposed LNG Project in the Niger-Delta region of Nigeria.\"},{\"col1\":\"Advising on the $785 Million Oso Field Development Project jointly owned by Mobil Producing Nigeria Unlimited and the Nigerian National Petroleum Corporation (NNPC), and partly financed by equity from the sponsors, and debt capital from international institutions, such as, the World Bank, International Finance Corporation (IFC), US Export Import Bank, Japan Export Import Bank and the European Investment Bank.\"},{\"col1\":\"Advising and negotiating the project financing, documentation and designing of the investment vehicle of the US$810million Oso-NGL Project, a gas utilisation project, which was sequel to the Oso-Field Development Project, and partly financed by equity from the sponsors and debt capital by a number of institutional investors in the United States and Europe.\"},{\"col1\":\"Advising the Norwegian Exploration & Production Company, Statoil, in respect of several Production Sharing Contracts with the Nigerian National Petroleum Corporation (NNPC), and assisting with the negotiation.\"},{\"col1\":\"Advising an international oil company in its bid for an oil block in the Nigeria\\/Sao Tome and Principe JDZ 2003 Licensing Round and conducting a detailed analysis of the Treaty and the petroleum, fiscal and contractual regime.\"},{\"col1\":\"Advising Sonatrach, the Algerian state oil company in connection with its bid for an oil block in the 2005 Licensing Round and providing advice on the bidding regulations as well as detailed analysis of the petroleum, fiscal and contractual regime.\"},{\"col1\":\"In collaboration with lawyers in a UK law firm, acting for and advising a group of International Banks on aspects of the financing of the Eleme Petrochemical Plant.\"},{\"col1\":\"Advising Statoil on the establishment of several subsidiary companies in Nigeria, including processing and obtaining of all pre-investment and regulatory approvals.\"},{\"col1\":\"Advising and assisting Consolidated Petroleum PTY, a South African Company on the farm-in arrangements into a marginal field including the drafting and review of the transaction documents including the Purchase Agreement, Farm-in Agreement, Joint Operating Agreement and the Deed of Assignment.\"},{\"col1\":\"Advising on several acquisitions and mergers, involving oil service companies, including the acquisition by Baker Hughes of a minority interest in a Nigerian Oil Service Company.\"},{\"col1\":\"Advising Baker Hughes on all legal aspects of the construction and development of a major facility in Port Harcourt, from negotiation of the long lease for the property to negotiating and rendering advise on the construction contract, advising on Town Planning regulatory issues as well as Environmental issues, and undertaking the registration and perfection of the long lease.\"},{\"col1\":\"Advising Skye Bank Plc in relation to a USD75million syndicated petroleum products receivables pre-financing facility.\"},{\"col1\":\"Advising TABA Nigeria Limited in respect of an Engineering Procurement and Construction (\\u201cEPC\\u201d) contract with NNPC relating to a power plant and advising and assisting with the structuring and documentation of the various subcontracting and the financing arrangements.\"},{\"col1\":\"Advising and assisting a private investor in connection with a joint venture arrangement with the Government of Ondo State of Nigeria, involving the privatization of the Ondo State Afforestation Project which was initially funded by the African Development Bank.\"},{\"col1\":\"Advising on the Merger between the Nigerian subsidiaries of SmithKline Beecham and Sterling Products.\"},{\"col1\":\"Conducted legal due diligence and advised Capital Alliance, a foremost international private equity firm in a $15million USD private equity investment in a leading cash-in-transit company in Nigeria.\"},{\"col1\":\"Advising Skye Bank Plc in connection with the negotiation of a trade finance facility from African Export \\u2013 Import Bank (\\u201cAfrexim\\u201d)\"},{\"col1\":\"Advising and assisting a private investor in connection with the acquisition of Iwopin Pulp and Paper Company from the Bureau of Public Enterprises (\\u201cBPE\\u201d) \\/ Federal Government of Nigeria.\"},{\"col1\":\"Advising Inlaks Plc, a Conglomerate at that time, on the separation and corporatisation of some of its division.\"},{\"col1\":\"Advising a leading Aluminum Company in Nigeria on a Scheme of Arrangement involving the Parent Company and a subsidiary.\"}]', '[{\"col1\":\"\"}]', NULL, NULL, NULL, NULL, NULL, NULL, '2015-11-17 12:20:17', '2015-11-17 12:20:17', 'fba72542-4884-4d83-b09c-0d021e5c20c2');
INSERT INTO `craft_content` (`id`, `elementId`, `locale`, `title`, `field_body`, `field_seoTitle`, `field_seoAuthor`, `field_seoCanonical`, `field_seoDescription`, `field_seoKeywords`, `field_seoType`, `field_aboutText`, `field_bodyContent`, `field_clientsText`, `field_position`, `field_intro`, `field_education`, `field_expertise`, `field_memberships`, `field_experiences`, `field_awards`, `field_relevantExperiences`, `field_relevantExperiencesIntro`, `field_summary`, `field_appointments`, `field_consultancyRecord`, `field_languages`, `dateCreated`, `dateUpdated`, `uid`) VALUES ('23', '23', 'en_us', '1', NULL, NULL, NULL, NULL, NULL, NULL, NULL, NULL, NULL, NULL, NULL, NULL, NULL, NULL, NULL, NULL, NULL, NULL, NULL, NULL, NULL, NULL, NULL, '2015-11-17 12:52:28', '2015-11-17 12:52:28', '85d5e3b4-2be6-47bc-ae18-50fcb4bc03c1');
INSERT INTO `craft_content` (`id`, `elementId`, `locale`, `title`, `field_body`, `field_seoTitle`, `field_seoAuthor`, `field_seoCanonical`, `field_seoDescription`, `field_seoKeywords`, `field_seoType`, `field_aboutText`, `field_bodyContent`, `field_clientsText`, `field_position`, `field_intro`, `field_education`, `field_expertise`, `field_memberships`, `field_experiences`, `field_awards`, `field_relevantExperiences`, `field_relevantExperiencesIntro`, `field_summary`, `field_appointments`, `field_consultancyRecord`, `field_languages`, `dateCreated`, `dateUpdated`, `uid`) VALUES ('24', '24', 'en_us', 'Nkoyo Rapu', NULL, '', '', '', '', '', '', NULL, NULL, NULL, 'Of Counsel', '<p>Nkoyo has over 20 years extensive experience&nbsp;and expertise in general law practice and advocacy.&nbsp; She started her legal career as a government&nbsp;legal representative with the Legal Aid Council and then roceeded to Oshinowo&nbsp;& Co as a Counsel in Chambers before joining the prestigious Allen and&nbsp;Ogunkeye.</p>\r\n\r\n<p>She is also involved in extensive work with&nbsp;non-governmental organizations with particular emphasis on matters relating to&nbsp;women and children in the socio-economic and political context of the Nigerian&nbsp;society. In this regard, she has played a significant role at the national&nbsp;level in the area of women empowerment&nbsp;having been appointed to various&nbsp;committees. She sits on the board of trustees of Freedom Foundation, an&nbsp;umbrella organization of five NGO units committed to pioneering change in&nbsp;society through poverty alleviation and wealth creation. She is also director&nbsp;of Stone Creek Property Investment Company whose aim is to project a new way of&nbsp;community living.</p>\r\n\r\n\r\n\r\n\r\n\r\n<p>Nkoyo has led two&nbsp;trade missions to Togo and more recently, to South Africa with the involvement&nbsp;of both the Nigerian embassy and the embassies of the host countries. She&nbsp;was amongst a select Nigerian&nbsp;delegation appointed by the American Embassy to&nbsp;attend the Annual Business Global&nbsp;Renaissance Summit in Washington D.C, their&nbsp;assignment focus being the creation of more business for more women across more&nbsp;borders. She also served as a board member of the Canadian and African Business&nbsp;Women’s Alliance - (CAABWA).</p>', '[{\"col1\":\"University of Lagos (LLM) \"},{\"col1\":\"The City of London Polytechnic (Diploma in English Private Law).\"}]', NULL, NULL, NULL, NULL, NULL, NULL, NULL, '<p><strong>Federal Government Committees:</strong></p><p>Women’s Affirmative Action Committee,&nbsp;December 1998 inaugurated by the Federal Ministry of Women’s Affairs, Abuja,Nigeria.<br><strong>A</strong><strong>ssignment:</strong>&nbsp;Constitutional amendments for women.</p><p>Constitution Drafting Committee, January&nbsp;2000 inaugurated by National Centre for Women’s Development, Abuja.<br><strong>Assignment:</strong>&nbsp;Prepare consensus on position of&nbsp;Nigerian women on 1999 constitution</p><p>American Embassy Nigerian Delegation:<br>Selected to attend the Annual Business Women’s Global Renaissance Summit in&nbsp;Washington D.C, October 1999.<br><strong>Assignment:</strong>&nbsp;More Business for More Women across&nbsp;More Borders.</p><p>Canadian and African Business Women’s&nbsp;Alliance Nigeria (CAABWA)<br><strong>Assignment:</strong>&nbsp;Forge business associations between<br>Nigerian and Canadian Business Women.</p>', '[{\"col1\":\"Norwegian Human Rights Fund Royal Norwegian Embassy Lagos\"},{\"col1\":\"United States Agency Information Development (USAID)\\u00a0Victoria Island, Lagos.\"},{\"col1\":\"Centre for Development and Population Activities (CEDPA) Lagos Chapter\"},{\"col1\":\"Jamaican High Commission, Abuja, Nigeria.\\u00a0\\u00a0\\u00a0\\u00a0\"}]', NULL, '2015-11-17 12:52:33', '2015-11-17 18:11:13', '9f877360-5795-45d3-a039-355039ee897c');
INSERT INTO `craft_content` (`id`, `elementId`, `locale`, `title`, `field_body`, `field_seoTitle`, `field_seoAuthor`, `field_seoCanonical`, `field_seoDescription`, `field_seoKeywords`, `field_seoType`, `field_aboutText`, `field_bodyContent`, `field_clientsText`, `field_position`, `field_intro`, `field_education`, `field_expertise`, `field_memberships`, `field_experiences`, `field_awards`, `field_relevantExperiences`, `field_relevantExperiencesIntro`, `field_summary`, `field_appointments`, `field_consultancyRecord`, `field_languages`, `dateCreated`, `dateUpdated`, `uid`) VALUES ('25', '25', 'en_us', 'Expertise', NULL, '', '', '', '', '', '', NULL, NULL, NULL, NULL, '<p>Gbenga Biobaku & Co. is a leading provider of business driven legal services. With a team with vast and varied experience in the legal and business space, our services continue to improve the way legal, compliance and business is being done in Nigerian.</p>', NULL, NULL, NULL, NULL, NULL, '[{\"col1\":\"Advising on the $785 Million Oso Field Development Project jointly owned by Mobil Producing Nigeria Unlimited and the Nigerian National Petroleum Corporation (NNPC), and partly financed by equity from the sponsors, and debt capital from international institutions, such as, the World Bank, International Finance Corporation (IFC), US Export Import Bank, Japan Export Import Bank and the European Investment Bank\"},{\"col1\":\"\"},{\"col1\":\"Advising and negotiating the project financing, documentation and designing of the investment vehicle of the US$810million Oso-NGL Project, a gas utilisation project, which was sequel to the Oso-Field Development Project, and partly financed by equity from the sponsors and debt capital by a number of institutional investors in the United States and Europe.\"},{\"col1\":\"Advising and negotiating the project financing, documentation and designing of the investment vehicle of the US$810million Oso-NGL Project, a gas utilisation project, which was sequel to the Oso-Field Development Project, and partly financed by equity from the sponsors and debt capital by a number of institutional investors in the United States and Europe.\"}]', '<p>Our experience in the Nigerian Oil & Gas and Financial sectors is vast and varied. We have successfully advised firms, financial institutions, energy conglomerates and multinationals on several projections and transactions.</p>\r\n\r\n<p>Below are some relevant experiences garnered over the years.</p>', NULL, NULL, NULL, NULL, '2015-11-17 13:15:13', '2015-11-17 13:53:43', 'f826d620-bdc2-4e26-b63d-2b9e95918f19');
INSERT INTO `craft_content` (`id`, `elementId`, `locale`, `title`, `field_body`, `field_seoTitle`, `field_seoAuthor`, `field_seoCanonical`, `field_seoDescription`, `field_seoKeywords`, `field_seoType`, `field_aboutText`, `field_bodyContent`, `field_clientsText`, `field_position`, `field_intro`, `field_education`, `field_expertise`, `field_memberships`, `field_experiences`, `field_awards`, `field_relevantExperiences`, `field_relevantExperiencesIntro`, `field_summary`, `field_appointments`, `field_consultancyRecord`, `field_languages`, `dateCreated`, `dateUpdated`, `uid`) VALUES ('27', '31', 'en_us', 'The  Exclusive  Jurisdiction Of The  National  Industrial  Court', NULL, NULL, NULL, NULL, NULL, NULL, NULL, NULL, NULL, NULL, NULL, NULL, NULL, NULL, NULL, NULL, NULL, NULL, NULL, NULL, NULL, NULL, NULL, '2015-11-17 14:13:21', '2015-11-17 14:13:21', '17804326-56a4-4d83-b159-d9d78c68ea30');
INSERT INTO `craft_content` (`id`, `elementId`, `locale`, `title`, `field_body`, `field_seoTitle`, `field_seoAuthor`, `field_seoCanonical`, `field_seoDescription`, `field_seoKeywords`, `field_seoType`, `field_aboutText`, `field_bodyContent`, `field_clientsText`, `field_position`, `field_intro`, `field_education`, `field_expertise`, `field_memberships`, `field_experiences`, `field_awards`, `field_relevantExperiences`, `field_relevantExperiencesIntro`, `field_summary`, `field_appointments`, `field_consultancyRecord`, `field_languages`, `dateCreated`, `dateUpdated`, `uid`) VALUES ('29', '33', 'en_us', 'Arbitrability Of Tax Issues Arising From Production Sharing Contracts', NULL, NULL, NULL, NULL, NULL, NULL, NULL, NULL, NULL, NULL, NULL, NULL, NULL, NULL, NULL, NULL, NULL, NULL, NULL, NULL, NULL, NULL, NULL, '2015-11-17 14:14:55', '2015-11-17 14:14:55', 'ed38b045-0b20-460f-8853-3676af37df89');
INSERT INTO `craft_content` (`id`, `elementId`, `locale`, `title`, `field_body`, `field_seoTitle`, `field_seoAuthor`, `field_seoCanonical`, `field_seoDescription`, `field_seoKeywords`, `field_seoType`, `field_aboutText`, `field_bodyContent`, `field_clientsText`, `field_position`, `field_intro`, `field_education`, `field_expertise`, `field_memberships`, `field_experiences`, `field_awards`, `field_relevantExperiences`, `field_relevantExperiencesIntro`, `field_summary`, `field_appointments`, `field_consultancyRecord`, `field_languages`, `dateCreated`, `dateUpdated`, `uid`) VALUES ('31', '35', 'en_us', 'The Exclusive Jurisdiction of the National Industrial Court in Labour and Employment Matters', NULL, NULL, NULL, NULL, NULL, NULL, NULL, NULL, NULL, NULL, NULL, NULL, NULL, NULL, NULL, NULL, NULL, NULL, NULL, 'The National Industrial Court is vested with exclusive jurisdiction on all labour, employment and related matters and as such all labour, employment and allied matters pending before State High Courts across Nigeria are required to be transferred to the National Industrial Court. This position was confirmed in the recent case of Josiah Madu vs. Solus Schall Nigeria Ltd (Unrep.)', NULL, NULL, NULL, '2015-11-17 14:17:08', '2015-11-17 17:29:31', 'afb5901f-6ebc-4af4-a54e-6a7f69ff723b');
INSERT INTO `craft_content` (`id`, `elementId`, `locale`, `title`, `field_body`, `field_seoTitle`, `field_seoAuthor`, `field_seoCanonical`, `field_seoDescription`, `field_seoKeywords`, `field_seoType`, `field_aboutText`, `field_bodyContent`, `field_clientsText`, `field_position`, `field_intro`, `field_education`, `field_expertise`, `field_memberships`, `field_experiences`, `field_awards`, `field_relevantExperiences`, `field_relevantExperiencesIntro`, `field_summary`, `field_appointments`, `field_consultancyRecord`, `field_languages`, `dateCreated`, `dateUpdated`, `uid`) VALUES ('32', '36', 'en_us', 'Arbitrability of tax issues arising from production sharing contracts– FIRS v. NNPC', NULL, NULL, NULL, NULL, NULL, NULL, NULL, NULL, NULL, NULL, NULL, NULL, NULL, NULL, NULL, NULL, NULL, NULL, NULL, 'The Federal High Court, Abuja in the case of Federal Inland Revenue Service VS. Nigerian National Petroleum Corporation & Others recently decided that an Arbitration Tribunal lacks jurisdiction to determine issues relating to taxation or connected with the Federal Government revenue as such jurisdiction is exclusively conferred on the FHC by the Constitution of the Federal Republic of Nigeria.', NULL, NULL, NULL, '2015-11-17 14:18:00', '2015-11-17 17:31:00', 'a25b9904-7c76-490b-82f9-f55fa12d26f0');
INSERT INTO `craft_content` (`id`, `elementId`, `locale`, `title`, `field_body`, `field_seoTitle`, `field_seoAuthor`, `field_seoCanonical`, `field_seoDescription`, `field_seoKeywords`, `field_seoType`, `field_aboutText`, `field_bodyContent`, `field_clientsText`, `field_position`, `field_intro`, `field_education`, `field_expertise`, `field_memberships`, `field_experiences`, `field_awards`, `field_relevantExperiences`, `field_relevantExperiencesIntro`, `field_summary`, `field_appointments`, `field_consultancyRecord`, `field_languages`, `dateCreated`, `dateUpdated`, `uid`) VALUES ('33', '37', 'en_us', 'Investing In  Nigeria  Oand G  Industry', NULL, NULL, NULL, NULL, NULL, NULL, NULL, NULL, NULL, NULL, NULL, NULL, NULL, NULL, NULL, NULL, NULL, NULL, NULL, NULL, NULL, NULL, NULL, '2015-11-17 14:18:48', '2015-11-17 14:18:48', 'bcea9dc2-f0c0-446d-a1a0-ab52f8b72c34');
INSERT INTO `craft_content` (`id`, `elementId`, `locale`, `title`, `field_body`, `field_seoTitle`, `field_seoAuthor`, `field_seoCanonical`, `field_seoDescription`, `field_seoKeywords`, `field_seoType`, `field_aboutText`, `field_bodyContent`, `field_clientsText`, `field_position`, `field_intro`, `field_education`, `field_expertise`, `field_memberships`, `field_experiences`, `field_awards`, `field_relevantExperiences`, `field_relevantExperiencesIntro`, `field_summary`, `field_appointments`, `field_consultancyRecord`, `field_languages`, `dateCreated`, `dateUpdated`, `uid`) VALUES ('34', '38', 'en_us', 'Investing in Nigeria’s Oil and Gas Industry', NULL, NULL, NULL, NULL, NULL, NULL, NULL, NULL, NULL, NULL, NULL, NULL, NULL, NULL, NULL, NULL, NULL, NULL, NULL, 'Nigeria is one of the world’s largest producers of crude oil. The country currently produces an average of 2.5 million barrels of crude oil per day. This makes her the 10th largest producer of crude oil in the world and the 6th largest exporter among OPEC members. Production capacity currently stands at about 3 million barrels per day whilst reserves is about 35 billion barrels which the government intends to increase to 40 billion barrels by the year 2010.', NULL, NULL, NULL, '2015-11-17 14:18:50', '2015-11-17 14:18:50', '4f54678c-bd51-4df1-a3ae-9deaa0367720');
INSERT INTO `craft_content` (`id`, `elementId`, `locale`, `title`, `field_body`, `field_seoTitle`, `field_seoAuthor`, `field_seoCanonical`, `field_seoDescription`, `field_seoKeywords`, `field_seoType`, `field_aboutText`, `field_bodyContent`, `field_clientsText`, `field_position`, `field_intro`, `field_education`, `field_expertise`, `field_memberships`, `field_experiences`, `field_awards`, `field_relevantExperiences`, `field_relevantExperiencesIntro`, `field_summary`, `field_appointments`, `field_consultancyRecord`, `field_languages`, `dateCreated`, `dateUpdated`, `uid`) VALUES ('35', '39', 'en_us', 'Publications', NULL, '', '', '', '', '', '', NULL, NULL, NULL, NULL, NULL, NULL, NULL, NULL, NULL, NULL, NULL, NULL, NULL, NULL, NULL, NULL, '2015-11-17 14:19:56', '2015-11-17 14:20:24', '481d6829-33b7-456e-a9d8-fb1d56a3a158');
INSERT INTO `craft_content` (`id`, `elementId`, `locale`, `title`, `field_body`, `field_seoTitle`, `field_seoAuthor`, `field_seoCanonical`, `field_seoDescription`, `field_seoKeywords`, `field_seoType`, `field_aboutText`, `field_bodyContent`, `field_clientsText`, `field_position`, `field_intro`, `field_education`, `field_expertise`, `field_memberships`, `field_experiences`, `field_awards`, `field_relevantExperiences`, `field_relevantExperiencesIntro`, `field_summary`, `field_appointments`, `field_consultancyRecord`, `field_languages`, `dateCreated`, `dateUpdated`, `uid`) VALUES ('36', '40', 'en_us', 'Gbc Corporate Practice', NULL, NULL, NULL, NULL, NULL, NULL, NULL, NULL, NULL, NULL, NULL, NULL, NULL, NULL, NULL, NULL, NULL, NULL, NULL, NULL, NULL, NULL, NULL, '2015-11-17 15:30:14', '2015-11-17 15:35:14', 'c78e32d7-0028-431b-9b20-77152a2deb58');
INSERT INTO `craft_content` (`id`, `elementId`, `locale`, `title`, `field_body`, `field_seoTitle`, `field_seoAuthor`, `field_seoCanonical`, `field_seoDescription`, `field_seoKeywords`, `field_seoType`, `field_aboutText`, `field_bodyContent`, `field_clientsText`, `field_position`, `field_intro`, `field_education`, `field_expertise`, `field_memberships`, `field_experiences`, `field_awards`, `field_relevantExperiences`, `field_relevantExperiencesIntro`, `field_summary`, `field_appointments`, `field_consultancyRecord`, `field_languages`, `dateCreated`, `dateUpdated`, `uid`) VALUES ('38', '42', 'en_us', 'Gbc Modern Law Firm', NULL, NULL, NULL, NULL, NULL, NULL, NULL, NULL, NULL, NULL, NULL, NULL, NULL, NULL, NULL, NULL, NULL, NULL, NULL, NULL, NULL, NULL, NULL, '2015-11-17 15:35:40', '2015-11-17 15:35:40', '2e6362b3-3800-4c96-a862-7380367f6bfc');
INSERT INTO `craft_content` (`id`, `elementId`, `locale`, `title`, `field_body`, `field_seoTitle`, `field_seoAuthor`, `field_seoCanonical`, `field_seoDescription`, `field_seoKeywords`, `field_seoType`, `field_aboutText`, `field_bodyContent`, `field_clientsText`, `field_position`, `field_intro`, `field_education`, `field_expertise`, `field_memberships`, `field_experiences`, `field_awards`, `field_relevantExperiences`, `field_relevantExperiencesIntro`, `field_summary`, `field_appointments`, `field_consultancyRecord`, `field_languages`, `dateCreated`, `dateUpdated`, `uid`) VALUES ('39', '43', 'en_us', 'Ijeoma Abalogu', NULL, NULL, NULL, NULL, NULL, NULL, NULL, NULL, NULL, NULL, NULL, NULL, NULL, NULL, NULL, NULL, NULL, NULL, NULL, NULL, NULL, NULL, NULL, '2015-11-17 17:00:04', '2015-11-17 18:44:04', '7a02fcf9-d320-4ec0-9639-1ad2a4178a66');
INSERT INTO `craft_content` (`id`, `elementId`, `locale`, `title`, `field_body`, `field_seoTitle`, `field_seoAuthor`, `field_seoCanonical`, `field_seoDescription`, `field_seoKeywords`, `field_seoType`, `field_aboutText`, `field_bodyContent`, `field_clientsText`, `field_position`, `field_intro`, `field_education`, `field_expertise`, `field_memberships`, `field_experiences`, `field_awards`, `field_relevantExperiences`, `field_relevantExperiencesIntro`, `field_summary`, `field_appointments`, `field_consultancyRecord`, `field_languages`, `dateCreated`, `dateUpdated`, `uid`) VALUES ('40', '44', 'en_us', 'Ijeoma Abalogu', NULL, '', '', '', '', '', '', NULL, NULL, NULL, 'Senior Associate', '<p>Ijeoma is responsible for the firm’s&nbsp;corporate compliance and regulatory matters. She has advised several companies&nbsp;on the establishment of business entities in Nigeria, as well as completed&nbsp;registration and obtaining relevant licenses and approvals for corporate&nbsp;clients including Statoil, Baker Hughes, Parker Drilling, Western Atlas and&nbsp;Petro Explorer Ltd. She heads the business advisory and compliance unit in the&nbsp;firm and is also in charge of all company secretarial matters. She also focuses&nbsp;on international investments and immigration practices and procedures, which is&nbsp;a constantly evolving area, with proven client satisfaction.</p><p>Prior to joining GBC Law, Ijeoma had a stint&nbsp;at another law firm where she was involved in the legal&nbsp;advisory and client&nbsp;representations on various aspects of corporate and commercial law.</p>', '[{\"col1\":\"Abia State University, Nigeria (LLB); 2002 \"},{\"col1\":\"The Nigerian Bar Association 2004\"}]', '[{\"col1\":\"Corporate and Commercial Law \"},{\"col1\":\"Legal Advisory\"},{\"col1\":\"Company Secretarial \"},{\"col1\":\"Regulatory Compliance \"},{\"col1\":\"Intellectual Property \"},{\"col1\":\"Business Start-ups \"},{\"col1\":\"International Investments \"},{\"col1\":\"Private Equity \"},{\"col1\":\"Tax\"}]', NULL, '[{\"col1\":\"Participated with the corporate team in the winding-up of the subsidiary of a multi-national oil servicing firm and assisted in ensuring that outstanding (debts) receivables are recovered on behalf of the company.\"},{\"col1\":\"Represented African Capital Alliance, a leading African private equity company, in conducting legal due diligence and structuring a management buy-in culminating in a purchase of equities worth $15 million USD.\"},{\"col1\":\"Acted for a land drilling company in an $18 million private equity investment.\"},{\"col1\":\"Advising and assisting several clients on the establishment of Nigerian subsidiaries and procuring relevant pre-investment and operational approvals, licenses and permits.\"}]', '[{\"col1\":\"\"}]', NULL, NULL, NULL, NULL, NULL, NULL, '2015-11-17 17:01:56', '2015-11-17 17:48:25', '454a20a6-8051-4ef3-b6ba-0108aadda82f');
INSERT INTO `craft_content` (`id`, `elementId`, `locale`, `title`, `field_body`, `field_seoTitle`, `field_seoAuthor`, `field_seoCanonical`, `field_seoDescription`, `field_seoKeywords`, `field_seoType`, `field_aboutText`, `field_bodyContent`, `field_clientsText`, `field_position`, `field_intro`, `field_education`, `field_expertise`, `field_memberships`, `field_experiences`, `field_awards`, `field_relevantExperiences`, `field_relevantExperiencesIntro`, `field_summary`, `field_appointments`, `field_consultancyRecord`, `field_languages`, `dateCreated`, `dateUpdated`, `uid`) VALUES ('41', '45', 'en_us', 'Labour', NULL, NULL, NULL, NULL, NULL, NULL, NULL, NULL, NULL, NULL, NULL, NULL, NULL, NULL, NULL, NULL, NULL, NULL, NULL, NULL, NULL, NULL, NULL, '2015-11-17 17:27:46', '2015-11-17 17:28:19', 'fdda8fdb-7617-4c79-9920-0c2347e51ba9');
INSERT INTO `craft_content` (`id`, `elementId`, `locale`, `title`, `field_body`, `field_seoTitle`, `field_seoAuthor`, `field_seoCanonical`, `field_seoDescription`, `field_seoKeywords`, `field_seoType`, `field_aboutText`, `field_bodyContent`, `field_clientsText`, `field_position`, `field_intro`, `field_education`, `field_expertise`, `field_memberships`, `field_experiences`, `field_awards`, `field_relevantExperiences`, `field_relevantExperiencesIntro`, `field_summary`, `field_appointments`, `field_consultancyRecord`, `field_languages`, `dateCreated`, `dateUpdated`, `uid`) VALUES ('42', '46', 'en_us', 'Employment', NULL, NULL, NULL, NULL, NULL, NULL, NULL, NULL, NULL, NULL, NULL, NULL, NULL, NULL, NULL, NULL, NULL, NULL, NULL, NULL, NULL, NULL, NULL, '2015-11-17 17:27:53', '2015-11-17 17:28:26', '77c24cd6-8633-420a-8238-49e80c537519');
INSERT INTO `craft_content` (`id`, `elementId`, `locale`, `title`, `field_body`, `field_seoTitle`, `field_seoAuthor`, `field_seoCanonical`, `field_seoDescription`, `field_seoKeywords`, `field_seoType`, `field_aboutText`, `field_bodyContent`, `field_clientsText`, `field_position`, `field_intro`, `field_education`, `field_expertise`, `field_memberships`, `field_experiences`, `field_awards`, `field_relevantExperiences`, `field_relevantExperiencesIntro`, `field_summary`, `field_appointments`, `field_consultancyRecord`, `field_languages`, `dateCreated`, `dateUpdated`, `uid`) VALUES ('43', '47', 'en_us', 'Arbitration', NULL, NULL, NULL, NULL, NULL, NULL, NULL, NULL, NULL, NULL, NULL, NULL, NULL, NULL, NULL, NULL, NULL, NULL, NULL, NULL, NULL, NULL, NULL, '2015-11-17 17:30:45', '2015-11-17 17:30:45', '5040668e-1deb-4572-bc78-a602a64cf98b');
INSERT INTO `craft_content` (`id`, `elementId`, `locale`, `title`, `field_body`, `field_seoTitle`, `field_seoAuthor`, `field_seoCanonical`, `field_seoDescription`, `field_seoKeywords`, `field_seoType`, `field_aboutText`, `field_bodyContent`, `field_clientsText`, `field_position`, `field_intro`, `field_education`, `field_expertise`, `field_memberships`, `field_experiences`, `field_awards`, `field_relevantExperiences`, `field_relevantExperiencesIntro`, `field_summary`, `field_appointments`, `field_consultancyRecord`, `field_languages`, `dateCreated`, `dateUpdated`, `uid`) VALUES ('44', '48', 'en_us', 'Tax', NULL, NULL, NULL, NULL, NULL, NULL, NULL, NULL, NULL, NULL, NULL, NULL, NULL, NULL, NULL, NULL, NULL, NULL, NULL, NULL, NULL, NULL, NULL, '2015-11-17 17:30:51', '2015-11-17 17:30:51', 'dce14657-bb2c-43ab-9e8e-bfe08c7ae698');
INSERT INTO `craft_content` (`id`, `elementId`, `locale`, `title`, `field_body`, `field_seoTitle`, `field_seoAuthor`, `field_seoCanonical`, `field_seoDescription`, `field_seoKeywords`, `field_seoType`, `field_aboutText`, `field_bodyContent`, `field_clientsText`, `field_position`, `field_intro`, `field_education`, `field_expertise`, `field_memberships`, `field_experiences`, `field_awards`, `field_relevantExperiences`, `field_relevantExperiencesIntro`, `field_summary`, `field_appointments`, `field_consultancyRecord`, `field_languages`, `dateCreated`, `dateUpdated`, `uid`) VALUES ('45', '49', 'en_us', 'Energy', NULL, NULL, NULL, NULL, NULL, NULL, NULL, NULL, NULL, NULL, NULL, NULL, NULL, NULL, NULL, NULL, NULL, NULL, NULL, NULL, NULL, NULL, NULL, '2015-11-17 17:30:56', '2015-11-17 17:30:56', '81dbc9ce-8bf0-4015-b7bf-21e5773f94fa');
INSERT INTO `craft_content` (`id`, `elementId`, `locale`, `title`, `field_body`, `field_seoTitle`, `field_seoAuthor`, `field_seoCanonical`, `field_seoDescription`, `field_seoKeywords`, `field_seoType`, `field_aboutText`, `field_bodyContent`, `field_clientsText`, `field_position`, `field_intro`, `field_education`, `field_expertise`, `field_memberships`, `field_experiences`, `field_awards`, `field_relevantExperiences`, `field_relevantExperiencesIntro`, `field_summary`, `field_appointments`, `field_consultancyRecord`, `field_languages`, `dateCreated`, `dateUpdated`, `uid`) VALUES ('46', '50', 'en_us', 'Ijeoma Abalogu', NULL, NULL, NULL, NULL, NULL, NULL, NULL, NULL, NULL, NULL, NULL, NULL, NULL, NULL, NULL, NULL, NULL, NULL, NULL, NULL, NULL, NULL, NULL, '2015-11-17 17:39:29', '2015-11-17 17:43:45', 'abb6699c-8bb5-4285-a968-f6bb47f6fb0a');
INSERT INTO `craft_content` (`id`, `elementId`, `locale`, `title`, `field_body`, `field_seoTitle`, `field_seoAuthor`, `field_seoCanonical`, `field_seoDescription`, `field_seoKeywords`, `field_seoType`, `field_aboutText`, `field_bodyContent`, `field_clientsText`, `field_position`, `field_intro`, `field_education`, `field_expertise`, `field_memberships`, `field_experiences`, `field_awards`, `field_relevantExperiences`, `field_relevantExperiencesIntro`, `field_summary`, `field_appointments`, `field_consultancyRecord`, `field_languages`, `dateCreated`, `dateUpdated`, `uid`) VALUES ('48', '52', 'en_us', 'Nkoyo Rapu', NULL, NULL, NULL, NULL, NULL, NULL, NULL, NULL, NULL, NULL, NULL, NULL, NULL, NULL, NULL, NULL, NULL, NULL, NULL, NULL, NULL, NULL, NULL, '2015-11-17 17:57:10', '2015-11-17 17:57:10', 'e7cbdf62-b895-4556-a2d7-83ce952c3a03');
INSERT INTO `craft_content` (`id`, `elementId`, `locale`, `title`, `field_body`, `field_seoTitle`, `field_seoAuthor`, `field_seoCanonical`, `field_seoDescription`, `field_seoKeywords`, `field_seoType`, `field_aboutText`, `field_bodyContent`, `field_clientsText`, `field_position`, `field_intro`, `field_education`, `field_expertise`, `field_memberships`, `field_experiences`, `field_awards`, `field_relevantExperiences`, `field_relevantExperiencesIntro`, `field_summary`, `field_appointments`, `field_consultancyRecord`, `field_languages`, `dateCreated`, `dateUpdated`, `uid`) VALUES ('49', '53', 'en_us', '6', NULL, NULL, NULL, NULL, NULL, NULL, NULL, NULL, NULL, NULL, NULL, NULL, NULL, NULL, NULL, NULL, NULL, NULL, NULL, NULL, NULL, NULL, NULL, '2015-11-17 18:19:11', '2015-11-17 18:19:11', '887deaf5-1a77-4168-83c6-e34f03cbadc7');
INSERT INTO `craft_content` (`id`, `elementId`, `locale`, `title`, `field_body`, `field_seoTitle`, `field_seoAuthor`, `field_seoCanonical`, `field_seoDescription`, `field_seoKeywords`, `field_seoType`, `field_aboutText`, `field_bodyContent`, `field_clientsText`, `field_position`, `field_intro`, `field_education`, `field_expertise`, `field_memberships`, `field_experiences`, `field_awards`, `field_relevantExperiences`, `field_relevantExperiencesIntro`, `field_summary`, `field_appointments`, `field_consultancyRecord`, `field_languages`, `dateCreated`, `dateUpdated`, `uid`) VALUES ('50', '54', 'en_us', 'Okey Nwanya', NULL, NULL, NULL, NULL, NULL, NULL, NULL, NULL, NULL, NULL, NULL, NULL, NULL, NULL, NULL, NULL, NULL, NULL, NULL, NULL, NULL, NULL, NULL, '2015-11-17 18:22:06', '2015-11-17 18:25:06', '32d0bc95-3cad-4fbc-9b28-3b3bbd4a7cf6');
INSERT INTO `craft_content` (`id`, `elementId`, `locale`, `title`, `field_body`, `field_seoTitle`, `field_seoAuthor`, `field_seoCanonical`, `field_seoDescription`, `field_seoKeywords`, `field_seoType`, `field_aboutText`, `field_bodyContent`, `field_clientsText`, `field_position`, `field_intro`, `field_education`, `field_expertise`, `field_memberships`, `field_experiences`, `field_awards`, `field_relevantExperiences`, `field_relevantExperiencesIntro`, `field_summary`, `field_appointments`, `field_consultancyRecord`, `field_languages`, `dateCreated`, `dateUpdated`, `uid`) VALUES ('51', '55', 'en_us', 'Okey Nwaya', NULL, '', '', '', '', '', '', NULL, NULL, NULL, 'Senior Associate', '<p>Okey&nbsp;has a good knowledge and understanding of the theory and practice of Nigerian&nbsp;civil, commercial and criminal Laws, he has experience in litigation practice&nbsp;and procedure from the Magistrates’ Court to the Supreme Court, he has a good&nbsp;drafting and documentation skills.</p><p>His practice&nbsp;covers a broad range of contentious matters on behalf of corporate clients,&nbsp;financial institutions and oil servicing companies. Okey has acted for clients&nbsp;in litigation both in state and federal levels, as well as in several arbitrations,&nbsp;principally conducted under ICC rules.</p><p>He had been involved in matters from wide subject areas&nbsp;including energy, employment, credit and security, commerce, and real estate.</p>', '[{\"col1\":\"University of Benin (LLB) \"},{\"col1\":\"Nigerian Bar Association 2002 \"}]', '[{\"col1\":\"Commercial Litigation \"},{\"col1\":\"Labour and Employment \"},{\"col1\":\"Energy\"}]', NULL, '[{\"col1\":\"Acting as lead Counsel representing an international professional services firm in a N1.4 billion action involving report by it on the issue of the incorrectly reported profit by a publicly quoted company in Nigeria.\"},{\"col1\":\"Represented PricewaterhouseCoopers in an arbitration matter involving a long lease of its office facility.\"},{\"col1\":\"Conducted legal due diligence and provided pre-investment advice in a $15 million USD private equity investment by African Capital Alliance in Bankers Warehouse Limited foremost international private equity firm in a leading cash-in-transit company in Nigeria.\"},{\"col1\":\"Represented Baker Hughes in several litigation matters in the Niger-Delta region and other parts of Nigeria.\"},{\"col1\":\"Represented ExxonMobil in litigation matters in the Niger-Delta region of Nigeria.\"},{\"col1\":\"Represented a multi-national oil service company in various labour disputes including actions at the High Courts in the Niger-Delta region.\"},{\"col1\":\"Advising and assisting a multi-national company in respect of a tax dispute with the Lagos State Board of Internal Revenue.\"}]', '[{\"col1\":\"\"}]', NULL, NULL, NULL, '', NULL, NULL, '2015-11-17 18:22:08', '2015-11-17 18:28:25', '69935a19-0839-4c75-aabd-a0f1d61682fd');
INSERT INTO `craft_content` (`id`, `elementId`, `locale`, `title`, `field_body`, `field_seoTitle`, `field_seoAuthor`, `field_seoCanonical`, `field_seoDescription`, `field_seoKeywords`, `field_seoType`, `field_aboutText`, `field_bodyContent`, `field_clientsText`, `field_position`, `field_intro`, `field_education`, `field_expertise`, `field_memberships`, `field_experiences`, `field_awards`, `field_relevantExperiences`, `field_relevantExperiencesIntro`, `field_summary`, `field_appointments`, `field_consultancyRecord`, `field_languages`, `dateCreated`, `dateUpdated`, `uid`) VALUES ('53', '57', 'en_us', 'Sogo Akinola', NULL, NULL, NULL, NULL, NULL, NULL, NULL, NULL, NULL, NULL, NULL, NULL, NULL, NULL, NULL, NULL, NULL, NULL, NULL, NULL, NULL, NULL, NULL, '2015-11-17 18:36:19', '2015-11-17 18:36:38', '26487702-40d2-40dd-9d91-93cd39f091de');
INSERT INTO `craft_content` (`id`, `elementId`, `locale`, `title`, `field_body`, `field_seoTitle`, `field_seoAuthor`, `field_seoCanonical`, `field_seoDescription`, `field_seoKeywords`, `field_seoType`, `field_aboutText`, `field_bodyContent`, `field_clientsText`, `field_position`, `field_intro`, `field_education`, `field_expertise`, `field_memberships`, `field_experiences`, `field_awards`, `field_relevantExperiences`, `field_relevantExperiencesIntro`, `field_summary`, `field_appointments`, `field_consultancyRecord`, `field_languages`, `dateCreated`, `dateUpdated`, `uid`) VALUES ('54', '58', 'en_us', 'Sogo Akinola', NULL, NULL, NULL, NULL, NULL, NULL, NULL, NULL, NULL, NULL, NULL, NULL, NULL, NULL, NULL, NULL, NULL, NULL, NULL, NULL, NULL, NULL, NULL, '2015-11-17 18:39:34', '2015-11-17 18:44:24', '6184fef8-046c-4320-9419-cc2bb6b7bb99');
INSERT INTO `craft_content` (`id`, `elementId`, `locale`, `title`, `field_body`, `field_seoTitle`, `field_seoAuthor`, `field_seoCanonical`, `field_seoDescription`, `field_seoKeywords`, `field_seoType`, `field_aboutText`, `field_bodyContent`, `field_clientsText`, `field_position`, `field_intro`, `field_education`, `field_expertise`, `field_memberships`, `field_experiences`, `field_awards`, `field_relevantExperiences`, `field_relevantExperiencesIntro`, `field_summary`, `field_appointments`, `field_consultancyRecord`, `field_languages`, `dateCreated`, `dateUpdated`, `uid`) VALUES ('55', '59', 'en_us', 'Sogo Akinola', NULL, '', '', '', '', '', '', NULL, NULL, NULL, 'Associate', '<p>Sogo&nbsp;has been engaged in a wide variety of transactions with special emphasis on corporate&nbsp;and commercial, taxation, power, privatization & foreign investment, technology&nbsp;and emerging practice areas. His commitment to exceeding expectations, adding&nbsp;value, and the assurance of success in any transaction with which he is&nbsp;identified places him above the ordinary lawyer.</p>', '[{\"col1\":\"Obafemi Awolowo University Ile Ife, (LLB) \"},{\"col1\":\"The Nigerian Bar \"}]', '[{\"col1\":\"Corporate and Commercial \"},{\"col1\":\"Taxation\"},{\"col1\":\"Foreign Investment \"}]', NULL, NULL, '[{\"col1\":\"\"}]', NULL, NULL, NULL, '', NULL, '[{\"col1\":\"Jamaican\"},{\"col1\":\"Chinese\"}]', '2015-11-17 18:39:36', '2015-11-17 18:48:28', 'b0c35af9-67aa-4def-ab03-eb1196f7f23f');
INSERT INTO `craft_content` (`id`, `elementId`, `locale`, `title`, `field_body`, `field_seoTitle`, `field_seoAuthor`, `field_seoCanonical`, `field_seoDescription`, `field_seoKeywords`, `field_seoType`, `field_aboutText`, `field_bodyContent`, `field_clientsText`, `field_position`, `field_intro`, `field_education`, `field_expertise`, `field_memberships`, `field_experiences`, `field_awards`, `field_relevantExperiences`, `field_relevantExperiencesIntro`, `field_summary`, `field_appointments`, `field_consultancyRecord`, `field_languages`, `dateCreated`, `dateUpdated`, `uid`) VALUES ('57', '61', 'en_us', 'Sandra Asuzu', NULL, NULL, NULL, NULL, NULL, NULL, NULL, NULL, NULL, NULL, NULL, NULL, NULL, NULL, NULL, NULL, NULL, NULL, NULL, NULL, NULL, NULL, NULL, '2015-11-17 18:50:45', '2015-11-17 19:22:04', '855ca5e8-8614-488a-b4df-4e6830c47825');
INSERT INTO `craft_content` (`id`, `elementId`, `locale`, `title`, `field_body`, `field_seoTitle`, `field_seoAuthor`, `field_seoCanonical`, `field_seoDescription`, `field_seoKeywords`, `field_seoType`, `field_aboutText`, `field_bodyContent`, `field_clientsText`, `field_position`, `field_intro`, `field_education`, `field_expertise`, `field_memberships`, `field_experiences`, `field_awards`, `field_relevantExperiences`, `field_relevantExperiencesIntro`, `field_summary`, `field_appointments`, `field_consultancyRecord`, `field_languages`, `dateCreated`, `dateUpdated`, `uid`) VALUES ('58', '62', 'en_us', 'Sandra Asuzu', NULL, NULL, NULL, NULL, NULL, NULL, NULL, NULL, NULL, NULL, NULL, NULL, NULL, NULL, NULL, NULL, NULL, NULL, NULL, NULL, NULL, NULL, NULL, '2015-11-17 18:54:25', '2015-11-17 18:54:25', '2222f1d0-f51f-448c-a43a-0da4b9fedab2');
INSERT INTO `craft_content` (`id`, `elementId`, `locale`, `title`, `field_body`, `field_seoTitle`, `field_seoAuthor`, `field_seoCanonical`, `field_seoDescription`, `field_seoKeywords`, `field_seoType`, `field_aboutText`, `field_bodyContent`, `field_clientsText`, `field_position`, `field_intro`, `field_education`, `field_expertise`, `field_memberships`, `field_experiences`, `field_awards`, `field_relevantExperiences`, `field_relevantExperiencesIntro`, `field_summary`, `field_appointments`, `field_consultancyRecord`, `field_languages`, `dateCreated`, `dateUpdated`, `uid`) VALUES ('59', '63', 'en_us', 'Sandra Asuzu', NULL, '', '', '', '', '', '', NULL, NULL, NULL, 'Associate', '<p>Sandra focuses on the energy and&nbsp;projects practice of GBC Law, especially in gas to power projects. She also&nbsp;participates actively in the corporate commercial and maritime areas of the&nbsp;firm. She demonstrates remarkable competencies in project finance, regulatory&nbsp;and compliance, general corporate/commercial practice.</p>', '[{\"col1\":\"University of Nigeria, Nsukka (LLM) \"},{\"col1\":\"The Nigerian Bar;2012\"}]', '[{\"col1\":\"Energy and Projects \"},{\"col1\":\"Regulatory and Compliance \"},{\"col1\":\"Maritime and Intellectual Property\\u00a0\\u00a0\\u00a0\\u00a0\"}]', '[{\"col1\":\"Nigerian Bar Association \"},{\"col1\":\"Institute of Chartered Secretaries and Administrators of Nigeria.\"}]', '[{\"col1\":\"Successfully carrying out due diligence, preparing transactional documents and was also involved in the negotiations for the project financing of a Gas Processing Plant which pegged at the sum of $64M in a combination of equity and loan.\"},{\"col1\":\"Analyzing and providing legal opinions in respect of Nigerian content issues relating to oil and gas projects and petroleum operations.\"}]', '[{\"col1\":\"\"}]', NULL, NULL, NULL, '', NULL, NULL, '2015-11-17 18:56:23', '2015-11-17 18:56:23', 'e38902f2-3269-4fc9-aab4-155f2f976909');
INSERT INTO `craft_content` (`id`, `elementId`, `locale`, `title`, `field_body`, `field_seoTitle`, `field_seoAuthor`, `field_seoCanonical`, `field_seoDescription`, `field_seoKeywords`, `field_seoType`, `field_aboutText`, `field_bodyContent`, `field_clientsText`, `field_position`, `field_intro`, `field_education`, `field_expertise`, `field_memberships`, `field_experiences`, `field_awards`, `field_relevantExperiences`, `field_relevantExperiencesIntro`, `field_summary`, `field_appointments`, `field_consultancyRecord`, `field_languages`, `dateCreated`, `dateUpdated`, `uid`) VALUES ('60', '64', 'en_us', '3', NULL, NULL, NULL, NULL, NULL, NULL, NULL, NULL, NULL, NULL, NULL, NULL, NULL, NULL, NULL, NULL, NULL, NULL, NULL, NULL, NULL, NULL, NULL, '2015-11-17 19:06:07', '2015-11-17 19:06:07', '40d4243b-51fd-4889-a8c4-327e4bcde205');
INSERT INTO `craft_content` (`id`, `elementId`, `locale`, `title`, `field_body`, `field_seoTitle`, `field_seoAuthor`, `field_seoCanonical`, `field_seoDescription`, `field_seoKeywords`, `field_seoType`, `field_aboutText`, `field_bodyContent`, `field_clientsText`, `field_position`, `field_intro`, `field_education`, `field_expertise`, `field_memberships`, `field_experiences`, `field_awards`, `field_relevantExperiences`, `field_relevantExperiencesIntro`, `field_summary`, `field_appointments`, `field_consultancyRecord`, `field_languages`, `dateCreated`, `dateUpdated`, `uid`) VALUES ('61', '65', 'en_us', 'Ayoade Oluwasanmi', NULL, NULL, NULL, NULL, NULL, NULL, NULL, NULL, NULL, NULL, NULL, NULL, NULL, NULL, NULL, NULL, NULL, NULL, NULL, NULL, NULL, NULL, NULL, '2015-11-17 19:09:13', '2015-11-17 19:09:13', '923dd321-153a-4bf1-8c15-5a37ed1eb854');
INSERT INTO `craft_content` (`id`, `elementId`, `locale`, `title`, `field_body`, `field_seoTitle`, `field_seoAuthor`, `field_seoCanonical`, `field_seoDescription`, `field_seoKeywords`, `field_seoType`, `field_aboutText`, `field_bodyContent`, `field_clientsText`, `field_position`, `field_intro`, `field_education`, `field_expertise`, `field_memberships`, `field_experiences`, `field_awards`, `field_relevantExperiences`, `field_relevantExperiencesIntro`, `field_summary`, `field_appointments`, `field_consultancyRecord`, `field_languages`, `dateCreated`, `dateUpdated`, `uid`) VALUES ('62', '66', 'en_us', 'Ayoade Oluwasanmi  ', NULL, '', '', '', '', '', '', NULL, NULL, NULL, 'Associate', '<p>Ayoade has over 10 years&nbsp;cognate experience advising on and litigating tax, labour, oil and gas, company&nbsp;law and recovery of premises related matters.</p><p>He has a wide experience of the law on a&nbsp;range of issues but has a bias for commercial litigation and arbitration. He&nbsp;has practical, working knowledge in litigation matters on a wide range of&nbsp;issues as diverse as Energy, Employment, Credit Transactions, Commercial&nbsp;Transactions, and Real Estate. He is a member of the litigation team at GBC&nbsp;Law.</p>', '[{\"col1\":\"Ambrose Alli University (LLB); 2004 \"},{\"col1\":\"The Nigerian Bar 2005\"}]', '[{\"col1\":\"Corporate Commercial Litigation \"},{\"col1\":\"Corporate and Commercial Law \"},{\"col1\":\"Legal Advisory\\u00a0\\u00a0\\u00a0\\u00a0\"}]', '[{\"col1\":\"The Nigerian Bar Association \"},{\"col1\":\"The UK Chartered Institute of Arbitrators\"}]', '[{\"col1\":\"Provided representation for an international professional services firm in a N1.4 billion action involving report by it on the issue of the incorrectly reported profit by a publicly quoted company in Nigeria.\"},{\"col1\":\"Represented a multi-national oil company at the Citizens Mediation Centre in a labour related matter filed by its employees.\"},{\"col1\":\"Advised a multi-national oil service company with regards to its liabilities and responsibilities in connection with the environmental impact of the company\\u2019s drilling activities in the Niger-Delta region of Nigeria.\"},{\"col1\":\"Represented Teleglobe in the enforcement of a foreign judgment in Nigeria relating to the termination of Internet Subscription Service Agreement.\"},{\"col1\":\"Was the counsel in charge of the litigation on behalf of Baker Hughes Nigeria Limited, a multinational oil services firm with regards to illegal tax levied against it.\\u00a0 \"},{\"col1\":\"Was part of the team that represented and advised African Capital Alliance, a leading African private equity company, in conducting legal due diligence and structuring a management buy-in culminating in a purchase of majority shares in the dominant cash-in-transit services company in Nigeria.\"},{\"col1\":\"Was part of the litigation team that represented PricewaterhouseCooopers, a multinational financial advisory and auditing firm with regards to the alleged misstatement of profits by Cadbury Nigeria Limited which led to an increased shareholding by Cadbury in the UK.\"},{\"col1\":\"Was part of the team that instituted an action against the Lagos State Government and obtained judgement in favour of a client, obtaining a reversal of a purported revocation of both a Certificate of Occupancy and allocation by the New Towns Development Authority.\"}]', '[{\"col1\":\"\"}]', NULL, NULL, NULL, '', NULL, NULL, '2015-11-17 19:12:29', '2015-11-17 19:12:29', '4df57f85-c23f-42ab-afb9-c0672bc28bec');
INSERT INTO `craft_content` (`id`, `elementId`, `locale`, `title`, `field_body`, `field_seoTitle`, `field_seoAuthor`, `field_seoCanonical`, `field_seoDescription`, `field_seoKeywords`, `field_seoType`, `field_aboutText`, `field_bodyContent`, `field_clientsText`, `field_position`, `field_intro`, `field_education`, `field_expertise`, `field_memberships`, `field_experiences`, `field_awards`, `field_relevantExperiences`, `field_relevantExperiencesIntro`, `field_summary`, `field_appointments`, `field_consultancyRecord`, `field_languages`, `dateCreated`, `dateUpdated`, `uid`) VALUES ('64', '68', 'en_us', 'Edward Vera Cruz2', NULL, NULL, NULL, NULL, NULL, NULL, NULL, NULL, NULL, NULL, NULL, NULL, NULL, NULL, NULL, NULL, NULL, NULL, NULL, NULL, NULL, NULL, NULL, '2015-11-17 19:36:55', '2015-11-17 19:36:55', '7955c74e-646d-473b-8063-0362c052df88');
INSERT INTO `craft_content` (`id`, `elementId`, `locale`, `title`, `field_body`, `field_seoTitle`, `field_seoAuthor`, `field_seoCanonical`, `field_seoDescription`, `field_seoKeywords`, `field_seoType`, `field_aboutText`, `field_bodyContent`, `field_clientsText`, `field_position`, `field_intro`, `field_education`, `field_expertise`, `field_memberships`, `field_experiences`, `field_awards`, `field_relevantExperiences`, `field_relevantExperiencesIntro`, `field_summary`, `field_appointments`, `field_consultancyRecord`, `field_languages`, `dateCreated`, `dateUpdated`, `uid`) VALUES ('65', '69', 'en_us', 'Edward Vera Cruz', NULL, NULL, NULL, NULL, NULL, NULL, NULL, NULL, NULL, NULL, NULL, NULL, NULL, NULL, NULL, NULL, NULL, NULL, NULL, NULL, NULL, NULL, NULL, '2015-11-17 19:38:25', '2015-11-17 19:46:03', 'f141ab86-1254-4de4-a5ea-9d4648447cf3');
INSERT INTO `craft_content` (`id`, `elementId`, `locale`, `title`, `field_body`, `field_seoTitle`, `field_seoAuthor`, `field_seoCanonical`, `field_seoDescription`, `field_seoKeywords`, `field_seoType`, `field_aboutText`, `field_bodyContent`, `field_clientsText`, `field_position`, `field_intro`, `field_education`, `field_expertise`, `field_memberships`, `field_experiences`, `field_awards`, `field_relevantExperiences`, `field_relevantExperiencesIntro`, `field_summary`, `field_appointments`, `field_consultancyRecord`, `field_languages`, `dateCreated`, `dateUpdated`, `uid`) VALUES ('66', '70', 'en_us', 'Edward O. Vera Cruz', NULL, '', '', '', '', '', '', NULL, NULL, NULL, 'Of Counsel', '<p>Edward’s practice extends over 20 years and has covered a&nbsp;comprehensive range of international corporate and commercial transactions. In&nbsp;particular, he focuses on oil and gas law, law of credit and security,&nbsp;international business transactions law, intellectual property and information&nbsp;technology law.</p><p>In the energy sector, Edward has acted for sponsors and a&nbsp;wide variety of other clients in major project finance, general corporate and&nbsp;commercial transactions and regulatory matters.</p><p>Edward has held various leadership positions in most of the&nbsp;firms he has worked with. He was the Head of Chambers in the Firm of Lanre&nbsp;Olaoluwa & Co. (now Matrix Solicitors) and later Managing Partner in the&nbsp;Firm of Victor and Charles Solicitors (now part of AELEX Partners), a position&nbsp;he held for over 7 years.</p><p> He is a regular participant at local and international&nbsp;seminars and was for a number of years both a visiting lecturer on the Nigerian&nbsp;Institute of Advanced Legal Studies \'Advance Legal Drafting Course\' and the&nbsp;contributing rapporteur for Nigeria for the Journal of Energy and Natural&nbsp;Resources Law.</p>', '[{\"col1\":\"University of Lagos (LLB) \"},{\"col1\":\"The Nigerian Bar Association 1990\"},{\"col1\":\"Solicitor of the Supreme Court of England and Wales\"},{\"col1\":\"Solicitor of the Supreme Court of England and Wales\"}]', '[{\"col1\":\"Oil and Gas\\u00a0\"},{\"col1\":\"Energy\\u00a0\"},{\"col1\":\"International Trade\\u00a0\"},{\"col1\":\"Public Procurement\\u00a0\"},{\"col1\":\"Project Finance \"}]', '[{\"col1\":\"Solicitor of the Supreme Court of England and Wales\"},{\"col1\":\"The Law Society of England & Wales \"},{\"col1\":\"The Procurement Lawyers Association \"},{\"col1\":\"The Association of British Council Fellows \"},{\"col1\":\"The Association of British Chevening Scholars  \"},{\"col1\":\"Gideons International\"}]', '[{\"col1\":\"Representing Texaco Inc., and providing general legal advice on the implementation in Nigeria of an incorporated joint venture between Chevron and Texaco for the marketing internationally of marine fuels and lubricants.\"},{\"col1\":\"Representing ENRON International; Enron B\\u00e9nin Gas Holdings Ltd; and Enron West Africa Pipeline Ltd and providing general legal advisory work and consultations on the structuring, contract documentation, and security issues on the acquisition by Enron of the rights to all of the gas and condensate in the Aje Field of OML 113 and future rights in the gas and condensate produced from OML 113 outside the Aje Field.\"},{\"col1\":\"Rendered advice to TOTAL Exploration Nig. Ltd. on the legal aspects of the proposed acquisition by TOTAL (Transferee) of the interests of Ashland Nigeria Exploration Unlimited in various Oil Producing Licences in Nigeria.\"},{\"col1\":\"Advising and documentation for TOTAL Upstream Nigeria Ltd on the unincorporated joint venture, with a local and another international party, for the joint prospecting for and exploitation of the oil deposits in a virgin offshore concession (OPL 246).\"},{\"col1\":\"Preparing Farm-In Agreement involving TOTAL Upstream Nigeria Ltd on the acquisition by TOTAL (Farminee) of 24% undivided interest in the deep offshore field (OPL 246) granted to South Atlantic Petroleum Ltd.\"},{\"col1\":\"Completed legal, regulatory and due diligence aspects of the acquisition by Petroleum Oil & Gas Company of South Africa (Nig.) Ltd PETROSA (Nigeria) (Transferee) of 50% (non-operating) interest in the existing production fields of Addax Petroleum Nigeria.\"},{\"col1\":\"One of the Legal Advisers (Nigeria) to the Project Sponsors\\/Commercial Group, including Chevron, Shell, Nigeria National Petroleum Corporation, SobeGaz, SotoGaz,and the Ghanaian National Petroleum Corporation, which included Project structuring, project financing, and environmental issues advise on the West African sub-regional gas pipeline project.\"},{\"col1\":\"Team member: pre-project advisory team to Mobil Power Inc. and Mobil Producing Nigeria Unlimited (Project Sponsor) \\u2013 Preliminary, behind-the-scenes advisory work and consultations on the statutory and regulatory framework existing in Nigeria for the setting up of an independent natural gas-based power. \"}]', '[{\"col1\":\"\"}]', NULL, NULL, NULL, '', NULL, NULL, '2015-11-17 19:43:41', '2015-11-17 19:43:41', 'fd3eb3db-feca-4d3b-a2e8-2effc3599e72');
INSERT INTO `craft_content` (`id`, `elementId`, `locale`, `title`, `field_body`, `field_seoTitle`, `field_seoAuthor`, `field_seoCanonical`, `field_seoDescription`, `field_seoKeywords`, `field_seoType`, `field_aboutText`, `field_bodyContent`, `field_clientsText`, `field_position`, `field_intro`, `field_education`, `field_expertise`, `field_memberships`, `field_experiences`, `field_awards`, `field_relevantExperiences`, `field_relevantExperiencesIntro`, `field_summary`, `field_appointments`, `field_consultancyRecord`, `field_languages`, `dateCreated`, `dateUpdated`, `uid`) VALUES ('68', '72', 'en_us', 'Lola Ogunmodede', NULL, '', '', '', '', '', '', NULL, NULL, NULL, 'Partner', '<p>Lola&nbsp;has over 19 years of hands-on experience in corporate/commercial law. She has&nbsp;extensive experience and expertise in handling large-scale commercial&nbsp;transactions particularly involving the banking and financial services industry.&nbsp;She has worked with First Atlantic Bank Limited as The Legal Adviser/Company<br> Secretary and in the legal department of Union Bank where she advised on a&nbsp;variety of legal matters.&nbsp; Whilst in these organisations, she was involved&nbsp;in the negotiation and documentation of several banking transactions and the&nbsp;drafting of various commercial contracts such as the acquisition of a&nbsp;merchant-banking subsidiary by Union Bank.</p>', '[{\"col1\":\"Ogun State University (LLB); 1990\"},{\"col1\":\"Nigerian Bar Association 1991. \"},{\"col1\":\"University of Lagos (Masters in Law) \"},{\"col1\":\"IESE, University of Navarra, Barcelona, Spain (MBA). \"}]', '[{\"col1\":\"Trade and Investments\"},{\"col1\":\"Corporate Law \"},{\"col1\":\"Banking and Finance \"},{\"col1\":\"Employment \"},{\"col1\":\"Commercial Contracts \"},{\"col1\":\"Company Secretarial Practice\"},{\"col1\":\"Project Finance\"},{\"col1\":\"Mergers and Acquisitions\"}]', '[{\"col1\":\"Nigerian Bar Association\"}]', '[{\"col1\":\"Advising on the acquisition of a merchant-banking subsidiary by Union Bank of Nigeria PLC.\"},{\"col1\":\"Advising on the acquisition of\\u00a0Flexcube\\u00a0banking software by Union Bank of Nigeria Plc and Finnacle\\u00a0banking software by First Atlantic Bank Ltd.\"},{\"col1\":\"Advising on the acquisition of an Internet Based Money Transfer facility by First Atlantic Bank Ltd.\"},{\"col1\":\"Advising on the setting up of a Staff Share Investment scheme by First Atlantic Bank Ltd.\"},{\"col1\":\"Advising and documenting various syndicated facilities relating to Peugeot Automobile Nigeria, Intel Oil Services, G. Cappa, International Distillers, Victoria Garden Hotels and several other leading companies.\"},{\"col1\":\"Drafting, reviewing and advising on various Security Documentation including but not limited to Legal Mortgages, Debentures (Fixed, Floating and Mortgage), Equipment Leases including Sale and Lease Back contracts, pledges, guarantees and indemnities.\"},{\"col1\":\"Conducting market research and putting together the business plan of\\u00a0Venture Partners\\u00a0a start up Venture Capital Company focused on offering financial and managerial support to small and medium scale enterprises.\"}]', '[{\"col1\":\"\"}]', NULL, NULL, NULL, '<p>-&nbsp;&nbsp;&nbsp;&nbsp;&nbsp;&nbsp; Advising on the acquisition of a<br> merchant-banking subsidiary by Union Bank of Nigeria PLC.</p>', NULL, '[{\"col1\":\"English and French\"}]', '2015-11-17 19:51:49', '2015-11-17 20:11:28', '864d3591-95fa-47fe-86c4-f07744ab26a8');
INSERT INTO `craft_content` (`id`, `elementId`, `locale`, `title`, `field_body`, `field_seoTitle`, `field_seoAuthor`, `field_seoCanonical`, `field_seoDescription`, `field_seoKeywords`, `field_seoType`, `field_aboutText`, `field_bodyContent`, `field_clientsText`, `field_position`, `field_intro`, `field_education`, `field_expertise`, `field_memberships`, `field_experiences`, `field_awards`, `field_relevantExperiences`, `field_relevantExperiencesIntro`, `field_summary`, `field_appointments`, `field_consultancyRecord`, `field_languages`, `dateCreated`, `dateUpdated`, `uid`) VALUES ('69', '73', 'en_us', 'Wole Tejuoso', NULL, '', '', '', '', '', '', NULL, NULL, NULL, 'Partner', '<p>Wole is responsible for intellectual property matters at GBC&nbsp;Law.&nbsp; He also focuses on real estate transactions, and corporate&nbsp;commercial law.&nbsp; He has over 19 years experience of legal practice and&nbsp;also has considerable expertise in e-commerce. He has also been involved in a&nbsp;number of transactions in the Nigerian energy sector.</p>\r\n\r\n<p> <br> Wole worked as an associate at Sheikh & Co. Solicitors,&nbsp;London, before joining Merrill Lynch International Bank, London where he worked&nbsp;in the Private Banking Department. He worked as Company Secretary at Dabis&nbsp;International Company Limited, London also, before a stint at Irving &&nbsp;Bonnar where he worked with the corporate/commercial group on a variety of&nbsp;transactions for both domestic and international clients.</p>', '[{\"col1\":\"Lagos State University (LLB); 1990 \"},{\"col1\":\"The Nigerian Bar 1991 \"},{\"col1\":\"The Washington College of Law (Masters in Law) \"},{\"col1\":\"He qualified as a Solicitor in England and Wales in 1999. \"},{\"col1\":\"He qualified as a Solicitor in England and Wales in 1999. \"}]', '[{\"col1\":\"Intellectual Property \"},{\"col1\":\"Energy\"},{\"col1\":\"Banking and Finance \"},{\"col1\":\"Banking and Finance \"},{\"col1\":\"Real Estate\"}]', '[{\"col1\":\"He qualified as a Solicitor in England and Wales in 1999. \"},{\"col1\":\"The International Trademark Association (INTA).\"}]', NULL, '[{\"col1\":\"\"}]', NULL, NULL, NULL, '', NULL, NULL, '2015-11-17 19:57:07', '2015-11-17 20:28:08', '999e410b-525c-4843-af78-ceb0cc00229b');
INSERT INTO `craft_content` (`id`, `elementId`, `locale`, `title`, `field_body`, `field_seoTitle`, `field_seoAuthor`, `field_seoCanonical`, `field_seoDescription`, `field_seoKeywords`, `field_seoType`, `field_aboutText`, `field_bodyContent`, `field_clientsText`, `field_position`, `field_intro`, `field_education`, `field_expertise`, `field_memberships`, `field_experiences`, `field_awards`, `field_relevantExperiences`, `field_relevantExperiencesIntro`, `field_summary`, `field_appointments`, `field_consultancyRecord`, `field_languages`, `dateCreated`, `dateUpdated`, `uid`) VALUES ('70', '74', 'en_us', 'Blank', NULL, NULL, NULL, NULL, NULL, NULL, NULL, NULL, NULL, NULL, NULL, NULL, NULL, NULL, NULL, NULL, NULL, NULL, NULL, NULL, NULL, NULL, NULL, '2015-11-17 20:11:17', '2015-11-17 20:11:17', '57fb7bc5-3a6f-4659-ab94-6b849399bd0e');
INSERT INTO `craft_content` (`id`, `elementId`, `locale`, `title`, `field_body`, `field_seoTitle`, `field_seoAuthor`, `field_seoCanonical`, `field_seoDescription`, `field_seoKeywords`, `field_seoType`, `field_aboutText`, `field_bodyContent`, `field_clientsText`, `field_position`, `field_intro`, `field_education`, `field_expertise`, `field_memberships`, `field_experiences`, `field_awards`, `field_relevantExperiences`, `field_relevantExperiencesIntro`, `field_summary`, `field_appointments`, `field_consultancyRecord`, `field_languages`, `dateCreated`, `dateUpdated`, `uid`) VALUES ('71', '75', 'en_us', 'Blank2', NULL, NULL, NULL, NULL, NULL, NULL, NULL, NULL, NULL, NULL, NULL, NULL, NULL, NULL, NULL, NULL, NULL, NULL, NULL, NULL, NULL, NULL, NULL, '2015-11-17 20:11:26', '2015-11-17 20:11:26', '5b63266a-3a2a-4330-bead-2facb3a8de71');
INSERT INTO `craft_content` (`id`, `elementId`, `locale`, `title`, `field_body`, `field_seoTitle`, `field_seoAuthor`, `field_seoCanonical`, `field_seoDescription`, `field_seoKeywords`, `field_seoType`, `field_aboutText`, `field_bodyContent`, `field_clientsText`, `field_position`, `field_intro`, `field_education`, `field_expertise`, `field_memberships`, `field_experiences`, `field_awards`, `field_relevantExperiences`, `field_relevantExperiencesIntro`, `field_summary`, `field_appointments`, `field_consultancyRecord`, `field_languages`, `dateCreated`, `dateUpdated`, `uid`) VALUES ('72', '76', 'en_us', 'Blank2', NULL, NULL, NULL, NULL, NULL, NULL, NULL, NULL, NULL, NULL, NULL, NULL, NULL, NULL, NULL, NULL, NULL, NULL, NULL, NULL, NULL, NULL, NULL, '2015-11-17 20:11:38', '2015-11-17 20:11:38', '55d64374-7244-49c6-a9fd-7f841af01a2e');
INSERT INTO `craft_content` (`id`, `elementId`, `locale`, `title`, `field_body`, `field_seoTitle`, `field_seoAuthor`, `field_seoCanonical`, `field_seoDescription`, `field_seoKeywords`, `field_seoType`, `field_aboutText`, `field_bodyContent`, `field_clientsText`, `field_position`, `field_intro`, `field_education`, `field_expertise`, `field_memberships`, `field_experiences`, `field_awards`, `field_relevantExperiences`, `field_relevantExperiencesIntro`, `field_summary`, `field_appointments`, `field_consultancyRecord`, `field_languages`, `dateCreated`, `dateUpdated`, `uid`) VALUES ('73', '77', 'en_us', 'Blank', NULL, NULL, NULL, NULL, NULL, NULL, NULL, NULL, NULL, NULL, NULL, NULL, NULL, NULL, NULL, NULL, NULL, NULL, NULL, NULL, NULL, NULL, NULL, '2015-11-17 20:11:41', '2015-11-17 20:11:41', '8680118d-42ee-4bbc-9187-560c7b697a1d');
INSERT INTO `craft_content` (`id`, `elementId`, `locale`, `title`, `field_body`, `field_seoTitle`, `field_seoAuthor`, `field_seoCanonical`, `field_seoDescription`, `field_seoKeywords`, `field_seoType`, `field_aboutText`, `field_bodyContent`, `field_clientsText`, `field_position`, `field_intro`, `field_education`, `field_expertise`, `field_memberships`, `field_experiences`, `field_awards`, `field_relevantExperiences`, `field_relevantExperiencesIntro`, `field_summary`, `field_appointments`, `field_consultancyRecord`, `field_languages`, `dateCreated`, `dateUpdated`, `uid`) VALUES ('74', '78', 'en_us', 'Edwin Egede', NULL, '', '', '', '', '', '', NULL, NULL, NULL, 'Consultant', '<p>Dr.&nbsp;Egede (PhD. International Law) has over 25 years extensive practice experience.&nbsp;His expertise covers a range of subjects, including International Maritime and&nbsp;Trade Law, Foreign Investment Law, Enforcement of Foreign Judgments, Oil and&nbsp;Gas Law, Bilateral Investment Treaties (BITs) claims, State and Diplomatic&nbsp;<br> immunity Law and the Law on the Regulation and Management of Offshore Mineral&nbsp;and Fisheries and all aspects of International Law. Over the years he has acted&nbsp;and /or provided advice to various Multinational Corporations (MNCs), Banks,&nbsp;Governments and Government agencies. He has provided advice in respect of the&nbsp;recognition and enforcement of the judgment of the Court of a Latin American&nbsp;Country in Nigeria and the application of the United States Foreign Corrupt&nbsp;Practices Act (FCPA) in Nigeria. He has also advised a State government in&nbsp;Nigeria on its rights under international law to the offshore sea-bed and the<br> resources therein. Further, he has provided advice on the impact of the<br> European Union Common Fisheries Policy.</p><p>Dr.&nbsp;Egede is currently engaged in interdisciplinary teaching and research in&nbsp;International Law and International Relations at the Cardiff University and is&nbsp;a Fellow of the Higher Education Academy (FHEA), United Kingdom.&nbsp;</p><p>He&nbsp;has written and published books with renowned publishers and journal articles&nbsp;in peer reviewed international journals in the area of International Law.</p><p>Dr.&nbsp;Egede is a regular participant at local and international Conferences/Seminars&nbsp;and has delivered papers in various places, including the International&nbsp;Hydrographic Organisation/International Association of Geodesy Advisory Board&nbsp;on the Law of the Sea (ABLOS) Conference in Monaco; the African Studies&nbsp;Association of the UK (ASAUK) Conference at the Oxford University and the&nbsp;Institute for International Shipping and Trade Law, Swansea University.</p>', '[{\"col1\":\"University of Benin (LLB Hons.) \"},{\"col1\":\"University of Lagos (LLM) \"},{\"col1\":\"Cardiff University, Cardiff, Wales, United Kingdom (PhD in International Law) \"}]', '[{\"col1\":\"International Law \"},{\"col1\":\"International Maritime and Trade Law \"},{\"col1\":\"Foreign Investment Law \"},{\"col1\":\"Enforcement of Foreign Judgments \"},{\"col1\":\"Oil and Gas Law \"},{\"col1\":\"Bilateral Investment Treaties \"},{\"col1\":\"State and Diplomatic Immunity Law\"}]', '[{\"col1\":\"Nigerian Bar Association \"},{\"col1\":\"The International Law Association \"},{\"col1\":\"The Academic Council on the United Nations Systems \"},{\"col1\":\"The Legal, Economic & Regulatory Section of Gerson Lehrman Group \"},{\"col1\":\"The Welsh Centre of International Affairs (WCIA) \"},{\"col1\":\"Legal Affairs Committee, Wales, United Kingdom. \"}]', NULL, '[{\"col1\":\"\"}]', NULL, NULL, NULL, '', NULL, NULL, '2015-11-17 20:17:48', '2015-11-17 20:17:48', '70e7cfee-9ee6-4675-adc6-dd8e0e177347');



DROP TABLE IF EXISTS `craft_deprecationerrors`;


--
-- Schema for table `craft_deprecationerrors`
--
CREATE TABLE `craft_deprecationerrors` (
  `id` int(11) NOT NULL AUTO_INCREMENT,
  `key` varchar(255) COLLATE utf8_unicode_ci NOT NULL,
  `fingerprint` varchar(255) COLLATE utf8_unicode_ci NOT NULL,
  `lastOccurrence` datetime NOT NULL,
  `file` varchar(255) COLLATE utf8_unicode_ci NOT NULL,
  `line` smallint(6) unsigned NOT NULL,
  `class` varchar(255) COLLATE utf8_unicode_ci DEFAULT NULL,
  `method` varchar(255) COLLATE utf8_unicode_ci DEFAULT NULL,
  `template` varchar(255) COLLATE utf8_unicode_ci DEFAULT NULL,
  `templateLine` smallint(6) unsigned DEFAULT NULL,
  `message` varchar(255) COLLATE utf8_unicode_ci DEFAULT NULL,
  `traces` text COLLATE utf8_unicode_ci,
  `dateCreated` datetime NOT NULL,
  `dateUpdated` datetime NOT NULL,
  `uid` char(36) COLLATE utf8_unicode_ci NOT NULL DEFAULT '0',
  PRIMARY KEY (`id`),
  UNIQUE KEY `craft_deprecationerrors_key_fingerprint_unq_idx` (`key`,`fingerprint`)
) ENGINE=InnoDB DEFAULT CHARSET=utf8 COLLATE=utf8_unicode_ci;

DROP TABLE IF EXISTS `craft_elementindexsettings`;


--
-- Schema for table `craft_elementindexsettings`
--
CREATE TABLE `craft_elementindexsettings` (
  `id` int(11) NOT NULL AUTO_INCREMENT,
  `type` varchar(150) COLLATE utf8_unicode_ci NOT NULL,
  `settings` text COLLATE utf8_unicode_ci,
  `dateCreated` datetime NOT NULL,
  `dateUpdated` datetime NOT NULL,
  `uid` char(36) COLLATE utf8_unicode_ci NOT NULL DEFAULT '0',
  PRIMARY KEY (`id`),
  UNIQUE KEY `craft_elementindexsettings_type_unq_idx` (`type`)
) ENGINE=InnoDB DEFAULT CHARSET=utf8 COLLATE=utf8_unicode_ci;

DROP TABLE IF EXISTS `craft_elements`;


--
-- Schema for table `craft_elements`
--
CREATE TABLE `craft_elements` (
  `id` int(11) NOT NULL AUTO_INCREMENT,
  `type` varchar(150) COLLATE utf8_unicode_ci NOT NULL,
  `enabled` tinyint(1) unsigned NOT NULL DEFAULT '1',
  `archived` tinyint(1) unsigned NOT NULL DEFAULT '0',
  `dateCreated` datetime NOT NULL,
  `dateUpdated` datetime NOT NULL,
  `uid` char(36) COLLATE utf8_unicode_ci NOT NULL DEFAULT '0',
  PRIMARY KEY (`id`),
  KEY `craft_elements_type_idx` (`type`),
  KEY `craft_elements_enabled_idx` (`enabled`),
  KEY `craft_elements_archived_dateCreated_idx` (`archived`,`dateCreated`)
) ENGINE=InnoDB AUTO_INCREMENT=79 DEFAULT CHARSET=utf8 COLLATE=utf8_unicode_ci;

--
-- Data for table `craft_elements`
--

INSERT INTO `craft_elements` (`id`, `type`, `enabled`, `archived`, `dateCreated`, `dateUpdated`, `uid`) VALUES ('1', 'User', '1', '0', '2015-11-13 22:54:17', '2015-11-13 22:54:17', '2fcd03e9-3f2f-43fa-a801-c18dcf7d5ecf');
INSERT INTO `craft_elements` (`id`, `type`, `enabled`, `archived`, `dateCreated`, `dateUpdated`, `uid`) VALUES ('2', 'Entry', '1', '0', '2015-11-13 22:54:20', '2015-11-17 15:35:51', '46dc51ce-74c4-4eec-9f7d-c769aa611a20');
INSERT INTO `craft_elements` (`id`, `type`, `enabled`, `archived`, `dateCreated`, `dateUpdated`, `uid`) VALUES ('6', 'Entry', '1', '0', '2015-11-17 08:49:31', '2015-11-17 10:24:10', 'f18ca809-9767-49b0-a692-afc3b04b8570');
INSERT INTO `craft_elements` (`id`, `type`, `enabled`, `archived`, `dateCreated`, `dateUpdated`, `uid`) VALUES ('7', 'Asset', '1', '0', '2015-11-17 09:11:25', '2015-11-17 09:24:47', '659765cf-2536-44fc-9531-69f86030f0f2');
INSERT INTO `craft_elements` (`id`, `type`, `enabled`, `archived`, `dateCreated`, `dateUpdated`, `uid`) VALUES ('9', 'Entry', '1', '0', '2015-11-17 09:31:40', '2015-11-19 23:18:49', '6d7d9400-cd2e-4dac-b6d8-10cc0ecd7c7b');
INSERT INTO `craft_elements` (`id`, `type`, `enabled`, `archived`, `dateCreated`, `dateUpdated`, `uid`) VALUES ('10', 'Asset', '1', '0', '2015-11-17 09:39:50', '2015-11-17 09:39:50', '1972ca34-f084-4e76-9db2-bfb61ce99f03');
INSERT INTO `craft_elements` (`id`, `type`, `enabled`, `archived`, `dateCreated`, `dateUpdated`, `uid`) VALUES ('11', 'Asset', '1', '0', '2015-11-17 11:23:38', '2015-11-17 11:23:38', 'ca4e22a3-4116-4915-a3d8-c363f8e5bd14');
INSERT INTO `craft_elements` (`id`, `type`, `enabled`, `archived`, `dateCreated`, `dateUpdated`, `uid`) VALUES ('12', 'Asset', '1', '0', '2015-11-17 11:24:41', '2015-11-17 11:24:41', '61f4ed6b-6d8c-4cd1-9513-d14924939025');
INSERT INTO `craft_elements` (`id`, `type`, `enabled`, `archived`, `dateCreated`, `dateUpdated`, `uid`) VALUES ('14', 'Asset', '1', '0', '2015-11-17 11:37:11', '2015-11-17 11:37:11', 'eab4169b-d3e2-4eb4-90cf-c6b74c829c14');
INSERT INTO `craft_elements` (`id`, `type`, `enabled`, `archived`, `dateCreated`, `dateUpdated`, `uid`) VALUES ('15', 'Asset', '1', '0', '2015-11-17 11:37:19', '2015-11-17 11:37:19', '1bfdc7ea-6820-4893-a8d5-3debdf93177f');
INSERT INTO `craft_elements` (`id`, `type`, `enabled`, `archived`, `dateCreated`, `dateUpdated`, `uid`) VALUES ('21', 'Entry', '1', '0', '2015-11-17 12:09:53', '2015-11-17 12:40:01', 'b108ad3f-c246-4ae2-b933-bfee0ee475d4');
INSERT INTO `craft_elements` (`id`, `type`, `enabled`, `archived`, `dateCreated`, `dateUpdated`, `uid`) VALUES ('22', 'Entry', '1', '0', '2015-11-17 12:20:17', '2015-11-17 12:20:17', 'c7723332-6e91-4d09-9623-b752f1502572');
INSERT INTO `craft_elements` (`id`, `type`, `enabled`, `archived`, `dateCreated`, `dateUpdated`, `uid`) VALUES ('23', 'Asset', '1', '0', '2015-11-17 12:52:28', '2015-11-17 12:52:28', '90b484ef-1147-49a7-9598-8ef90d6a19ea');
INSERT INTO `craft_elements` (`id`, `type`, `enabled`, `archived`, `dateCreated`, `dateUpdated`, `uid`) VALUES ('24', 'Entry', '1', '0', '2015-11-17 12:52:33', '2015-11-17 18:11:13', '600a3907-05dc-4764-adad-be6fb0e5a3f0');
INSERT INTO `craft_elements` (`id`, `type`, `enabled`, `archived`, `dateCreated`, `dateUpdated`, `uid`) VALUES ('25', 'Entry', '1', '0', '2015-11-17 13:15:13', '2015-11-17 13:53:43', '78f32d68-0a53-4b44-84c9-e521e6ec3ce2');
INSERT INTO `craft_elements` (`id`, `type`, `enabled`, `archived`, `dateCreated`, `dateUpdated`, `uid`) VALUES ('26', 'MatrixBlock', '1', '0', '2015-11-17 13:36:15', '2015-11-17 13:53:43', '661179cf-c070-4d6f-9c44-e3c8029a4579');
INSERT INTO `craft_elements` (`id`, `type`, `enabled`, `archived`, `dateCreated`, `dateUpdated`, `uid`) VALUES ('27', 'MatrixBlock', '1', '0', '2015-11-17 13:53:43', '2015-11-17 13:53:43', '2169b720-3e1d-448b-9398-c4fec75ae7ca');
INSERT INTO `craft_elements` (`id`, `type`, `enabled`, `archived`, `dateCreated`, `dateUpdated`, `uid`) VALUES ('28', 'MatrixBlock', '1', '0', '2015-11-17 13:53:44', '2015-11-17 13:53:44', '2d59f8fe-7e78-49fb-bfda-f1cdbf2bc446');
INSERT INTO `craft_elements` (`id`, `type`, `enabled`, `archived`, `dateCreated`, `dateUpdated`, `uid`) VALUES ('29', 'MatrixBlock', '1', '0', '2015-11-17 13:53:44', '2015-11-17 13:53:44', '4586cc81-5c05-464f-915c-282bf27d316b');
INSERT INTO `craft_elements` (`id`, `type`, `enabled`, `archived`, `dateCreated`, `dateUpdated`, `uid`) VALUES ('31', 'Asset', '1', '0', '2015-11-17 14:13:21', '2015-11-17 14:13:21', 'a46e7608-448d-499f-adbb-af3762d28bcb');
INSERT INTO `craft_elements` (`id`, `type`, `enabled`, `archived`, `dateCreated`, `dateUpdated`, `uid`) VALUES ('33', 'Asset', '1', '0', '2015-11-17 14:14:55', '2015-11-17 14:14:55', 'ee2d1481-510e-4c1e-8dc7-e3938b112423');
INSERT INTO `craft_elements` (`id`, `type`, `enabled`, `archived`, `dateCreated`, `dateUpdated`, `uid`) VALUES ('35', 'Entry', '1', '0', '2015-11-17 14:17:08', '2015-11-17 17:29:31', '61a5e53a-224f-4356-9b27-9c267a301d57');
INSERT INTO `craft_elements` (`id`, `type`, `enabled`, `archived`, `dateCreated`, `dateUpdated`, `uid`) VALUES ('36', 'Entry', '1', '0', '2015-11-17 14:18:00', '2015-11-17 17:31:00', 'dfa3e4a0-3a53-4a7e-8cd0-33baee9f5069');
INSERT INTO `craft_elements` (`id`, `type`, `enabled`, `archived`, `dateCreated`, `dateUpdated`, `uid`) VALUES ('37', 'Asset', '1', '0', '2015-11-17 14:18:48', '2015-11-17 14:18:48', '25732de2-b624-45c8-aa7e-89c12ceeda2b');
INSERT INTO `craft_elements` (`id`, `type`, `enabled`, `archived`, `dateCreated`, `dateUpdated`, `uid`) VALUES ('38', 'Entry', '1', '0', '2015-11-17 14:18:50', '2015-11-17 14:18:50', 'e74d6279-b131-4545-bd9c-c1fafadb7e76');
INSERT INTO `craft_elements` (`id`, `type`, `enabled`, `archived`, `dateCreated`, `dateUpdated`, `uid`) VALUES ('39', 'Entry', '1', '0', '2015-11-17 14:19:56', '2015-11-17 14:20:24', '14f434d1-65ab-4a41-bec0-078549d42182');
INSERT INTO `craft_elements` (`id`, `type`, `enabled`, `archived`, `dateCreated`, `dateUpdated`, `uid`) VALUES ('40', 'Asset', '1', '0', '2015-11-17 15:30:14', '2015-11-17 15:35:14', '10e3bf27-9bd2-4d86-a3f8-70650a699567');
INSERT INTO `craft_elements` (`id`, `type`, `enabled`, `archived`, `dateCreated`, `dateUpdated`, `uid`) VALUES ('42', 'Asset', '1', '0', '2015-11-17 15:35:40', '2015-11-17 15:35:40', '61eff011-b231-41ac-af6a-66843a147220');
INSERT INTO `craft_elements` (`id`, `type`, `enabled`, `archived`, `dateCreated`, `dateUpdated`, `uid`) VALUES ('43', 'Asset', '1', '0', '2015-11-17 17:00:04', '2015-11-17 18:44:04', 'f70c87b4-64ea-4ec5-b594-2939ef7b4762');
INSERT INTO `craft_elements` (`id`, `type`, `enabled`, `archived`, `dateCreated`, `dateUpdated`, `uid`) VALUES ('44', 'Entry', '1', '0', '2015-11-17 17:01:56', '2015-11-17 17:48:25', '5115d6d9-c25a-4dec-ab4f-478173d34e95');
INSERT INTO `craft_elements` (`id`, `type`, `enabled`, `archived`, `dateCreated`, `dateUpdated`, `uid`) VALUES ('45', 'Tag', '1', '0', '2015-11-17 17:27:46', '2015-11-17 17:28:19', 'e58a5ecf-426f-4e57-b7a3-edf0680effd5');
INSERT INTO `craft_elements` (`id`, `type`, `enabled`, `archived`, `dateCreated`, `dateUpdated`, `uid`) VALUES ('46', 'Tag', '1', '0', '2015-11-17 17:27:53', '2015-11-17 17:28:26', '126a167b-8e78-4cf1-8342-5e34ae8d8a01');
INSERT INTO `craft_elements` (`id`, `type`, `enabled`, `archived`, `dateCreated`, `dateUpdated`, `uid`) VALUES ('47', 'Tag', '1', '0', '2015-11-17 17:30:45', '2015-11-17 17:30:45', 'a0a7d5b7-6d31-4168-a155-66cb4ca9ce1f');
INSERT INTO `craft_elements` (`id`, `type`, `enabled`, `archived`, `dateCreated`, `dateUpdated`, `uid`) VALUES ('48', 'Tag', '1', '0', '2015-11-17 17:30:51', '2015-11-17 17:30:51', 'eff407bb-ce6e-4c43-950e-3ed86f1310ea');
INSERT INTO `craft_elements` (`id`, `type`, `enabled`, `archived`, `dateCreated`, `dateUpdated`, `uid`) VALUES ('49', 'Tag', '1', '0', '2015-11-17 17:30:56', '2015-11-17 17:30:56', '58aec1da-3ef3-4a02-98cc-6a7a780476c4');
INSERT INTO `craft_elements` (`id`, `type`, `enabled`, `archived`, `dateCreated`, `dateUpdated`, `uid`) VALUES ('50', 'Asset', '1', '0', '2015-11-17 17:39:29', '2015-11-17 17:43:45', 'b56e02eb-831f-4a67-92fe-8bbac6bb6608');
INSERT INTO `craft_elements` (`id`, `type`, `enabled`, `archived`, `dateCreated`, `dateUpdated`, `uid`) VALUES ('52', 'Asset', '1', '0', '2015-11-17 17:57:10', '2015-11-17 17:57:10', 'aee4397c-e33f-4a38-a37d-4a799755658b');
INSERT INTO `craft_elements` (`id`, `type`, `enabled`, `archived`, `dateCreated`, `dateUpdated`, `uid`) VALUES ('53', 'Asset', '1', '0', '2015-11-17 18:19:11', '2015-11-17 18:19:11', 'a07448e1-bfb3-4f94-8589-68657efbedc7');
INSERT INTO `craft_elements` (`id`, `type`, `enabled`, `archived`, `dateCreated`, `dateUpdated`, `uid`) VALUES ('54', 'Asset', '1', '0', '2015-11-17 18:22:06', '2015-11-17 18:25:06', 'ca87283d-5edd-41f5-a8ec-a9e9698a8b58');
INSERT INTO `craft_elements` (`id`, `type`, `enabled`, `archived`, `dateCreated`, `dateUpdated`, `uid`) VALUES ('55', 'Entry', '1', '0', '2015-11-17 18:22:08', '2015-11-17 18:28:25', '8ed54932-c84f-4a24-a839-7847d607e502');
INSERT INTO `craft_elements` (`id`, `type`, `enabled`, `archived`, `dateCreated`, `dateUpdated`, `uid`) VALUES ('57', 'Asset', '1', '0', '2015-11-17 18:36:19', '2015-11-17 18:36:38', 'a10b638e-c9d1-4c76-b5e4-619ab89dfbf8');
INSERT INTO `craft_elements` (`id`, `type`, `enabled`, `archived`, `dateCreated`, `dateUpdated`, `uid`) VALUES ('58', 'Asset', '1', '0', '2015-11-17 18:39:34', '2015-11-17 18:44:24', 'e6122115-1134-4aa3-ba76-642f2559a2e0');
INSERT INTO `craft_elements` (`id`, `type`, `enabled`, `archived`, `dateCreated`, `dateUpdated`, `uid`) VALUES ('59', 'Entry', '1', '0', '2015-11-17 18:39:36', '2015-11-17 18:48:28', 'd74dee72-8ed5-416b-a196-830c38ae9627');
INSERT INTO `craft_elements` (`id`, `type`, `enabled`, `archived`, `dateCreated`, `dateUpdated`, `uid`) VALUES ('61', 'Asset', '1', '0', '2015-11-17 18:50:45', '2015-11-17 19:22:04', 'a653e054-9bfd-481d-ac32-122706b20b77');
INSERT INTO `craft_elements` (`id`, `type`, `enabled`, `archived`, `dateCreated`, `dateUpdated`, `uid`) VALUES ('62', 'Asset', '1', '0', '2015-11-17 18:54:25', '2015-11-17 18:54:25', '522682a0-2992-4ca3-9b43-5f0e037e7a95');
INSERT INTO `craft_elements` (`id`, `type`, `enabled`, `archived`, `dateCreated`, `dateUpdated`, `uid`) VALUES ('63', 'Entry', '1', '0', '2015-11-17 18:56:23', '2015-11-17 18:56:23', '7b80077d-9745-4beb-af3d-7ac6c27eb018');
INSERT INTO `craft_elements` (`id`, `type`, `enabled`, `archived`, `dateCreated`, `dateUpdated`, `uid`) VALUES ('64', 'Asset', '1', '0', '2015-11-17 19:06:07', '2015-11-17 19:06:07', 'f66539cc-7e7c-4ee2-ac66-04ca0660014e');
INSERT INTO `craft_elements` (`id`, `type`, `enabled`, `archived`, `dateCreated`, `dateUpdated`, `uid`) VALUES ('65', 'Asset', '1', '0', '2015-11-17 19:09:13', '2015-11-17 19:09:13', '849024c0-04f4-4a7f-b4fc-39546f7f6625');
INSERT INTO `craft_elements` (`id`, `type`, `enabled`, `archived`, `dateCreated`, `dateUpdated`, `uid`) VALUES ('66', 'Entry', '1', '0', '2015-11-17 19:12:29', '2015-11-17 19:12:29', '99ef26c1-f37e-4ef6-b6c5-490a3788ef4c');
INSERT INTO `craft_elements` (`id`, `type`, `enabled`, `archived`, `dateCreated`, `dateUpdated`, `uid`) VALUES ('68', 'Asset', '1', '0', '2015-11-17 19:36:55', '2015-11-17 19:36:55', '6086f58f-32c9-47ee-9518-0161ccb47861');
INSERT INTO `craft_elements` (`id`, `type`, `enabled`, `archived`, `dateCreated`, `dateUpdated`, `uid`) VALUES ('69', 'Asset', '1', '0', '2015-11-17 19:38:25', '2015-11-17 19:46:03', '291b9c1e-a92e-449a-9024-815513806637');
INSERT INTO `craft_elements` (`id`, `type`, `enabled`, `archived`, `dateCreated`, `dateUpdated`, `uid`) VALUES ('70', 'Entry', '1', '0', '2015-11-17 19:43:41', '2015-11-17 19:43:41', '6e685e28-1530-430b-a722-0222e204ad98');
INSERT INTO `craft_elements` (`id`, `type`, `enabled`, `archived`, `dateCreated`, `dateUpdated`, `uid`) VALUES ('72', 'Entry', '1', '0', '2015-11-17 19:51:49', '2015-11-17 20:11:28', '7ba5a9b7-9343-49d9-82d7-f7060bb509d3');
INSERT INTO `craft_elements` (`id`, `type`, `enabled`, `archived`, `dateCreated`, `dateUpdated`, `uid`) VALUES ('73', 'Entry', '1', '0', '2015-11-17 19:57:07', '2015-11-17 20:28:07', 'f696cb61-4efe-40f3-ada8-9b077d6f54d0');
INSERT INTO `craft_elements` (`id`, `type`, `enabled`, `archived`, `dateCreated`, `dateUpdated`, `uid`) VALUES ('74', 'Asset', '1', '0', '2015-11-17 20:11:17', '2015-11-17 20:11:17', '23a17734-33b5-4a88-aa8e-50086b84abcc');
INSERT INTO `craft_elements` (`id`, `type`, `enabled`, `archived`, `dateCreated`, `dateUpdated`, `uid`) VALUES ('75', 'Asset', '1', '0', '2015-11-17 20:11:26', '2015-11-17 20:11:26', '23a8807e-0261-4c87-9c8c-26ea1cfe0863');
INSERT INTO `craft_elements` (`id`, `type`, `enabled`, `archived`, `dateCreated`, `dateUpdated`, `uid`) VALUES ('76', 'Asset', '1', '0', '2015-11-17 20:11:38', '2015-11-17 20:11:38', '3d03518c-0432-4c36-bc0c-098fd48830c2');
INSERT INTO `craft_elements` (`id`, `type`, `enabled`, `archived`, `dateCreated`, `dateUpdated`, `uid`) VALUES ('77', 'Asset', '1', '0', '2015-11-17 20:11:41', '2015-11-17 20:11:41', 'ba7b7211-c0f7-4dfc-a91a-2ae97ea17b23');
INSERT INTO `craft_elements` (`id`, `type`, `enabled`, `archived`, `dateCreated`, `dateUpdated`, `uid`) VALUES ('78', 'Entry', '1', '0', '2015-11-17 20:17:48', '2015-11-17 20:17:48', '322370c4-ce60-4d2e-9357-5c4a6e1e83f4');



DROP TABLE IF EXISTS `craft_elements_i18n`;


--
-- Schema for table `craft_elements_i18n`
--
CREATE TABLE `craft_elements_i18n` (
  `id` int(11) NOT NULL AUTO_INCREMENT,
  `elementId` int(11) NOT NULL,
  `locale` char(12) COLLATE utf8_unicode_ci NOT NULL,
  `slug` varchar(255) COLLATE utf8_unicode_ci DEFAULT NULL,
  `uri` varchar(255) COLLATE utf8_unicode_ci DEFAULT NULL,
  `enabled` tinyint(1) unsigned NOT NULL DEFAULT '1',
  `dateCreated` datetime NOT NULL,
  `dateUpdated` datetime NOT NULL,
  `uid` char(36) COLLATE utf8_unicode_ci NOT NULL DEFAULT '0',
  PRIMARY KEY (`id`),
  UNIQUE KEY `craft_elements_i18n_elementId_locale_unq_idx` (`elementId`,`locale`),
  UNIQUE KEY `craft_elements_i18n_uri_locale_unq_idx` (`uri`,`locale`),
  KEY `craft_elements_i18n_slug_locale_idx` (`slug`,`locale`),
  KEY `craft_elements_i18n_enabled_idx` (`enabled`),
  KEY `craft_elements_i18n_locale_fk` (`locale`)
) ENGINE=InnoDB AUTO_INCREMENT=74 DEFAULT CHARSET=utf8 COLLATE=utf8_unicode_ci;

--
-- Data for table `craft_elements_i18n`
--

INSERT INTO `craft_elements_i18n` (`id`, `elementId`, `locale`, `slug`, `uri`, `enabled`, `dateCreated`, `dateUpdated`, `uid`) VALUES ('1', '1', 'en_us', '', NULL, '1', '2015-11-13 22:54:17', '2015-11-13 22:54:17', '19699c7a-ee0a-4f89-b389-4c2c8cadea50');
INSERT INTO `craft_elements_i18n` (`id`, `elementId`, `locale`, `slug`, `uri`, `enabled`, `dateCreated`, `dateUpdated`, `uid`) VALUES ('2', '2', 'en_us', 'homepage', '__home__', '1', '2015-11-13 22:54:20', '2015-11-17 15:35:51', '184422cb-8996-4e92-afa1-909ac571ef42');
INSERT INTO `craft_elements_i18n` (`id`, `elementId`, `locale`, `slug`, `uri`, `enabled`, `dateCreated`, `dateUpdated`, `uid`) VALUES ('6', '6', 'en_us', 'careers', 'careers', '1', '2015-11-17 08:49:31', '2015-11-17 10:24:10', '448694ee-aa42-426c-bc1d-06722dc9b9bf');
INSERT INTO `craft_elements_i18n` (`id`, `elementId`, `locale`, `slug`, `uri`, `enabled`, `dateCreated`, `dateUpdated`, `uid`) VALUES ('7', '7', 'en_us', 'careers', NULL, '1', '2015-11-17 09:11:25', '2015-11-17 09:24:47', '3ff7bac4-8206-42c2-8be4-204fac72270f');
INSERT INTO `craft_elements_i18n` (`id`, `elementId`, `locale`, `slug`, `uri`, `enabled`, `dateCreated`, `dateUpdated`, `uid`) VALUES ('9', '9', 'en_us', 'contact', 'contact', '1', '2015-11-17 09:31:40', '2015-11-19 23:18:49', '231fd5dd-610f-4600-b521-9caa0ab8c6e7');
INSERT INTO `craft_elements_i18n` (`id`, `elementId`, `locale`, `slug`, `uri`, `enabled`, `dateCreated`, `dateUpdated`, `uid`) VALUES ('10', '10', 'en_us', 'contact-bg', NULL, '1', '2015-11-17 09:39:50', '2015-11-17 09:39:50', 'ac9776ff-de63-4c12-80b1-a4f2ec1a336e');
INSERT INTO `craft_elements_i18n` (`id`, `elementId`, `locale`, `slug`, `uri`, `enabled`, `dateCreated`, `dateUpdated`, `uid`) VALUES ('11', '11', 'en_us', 'gbenga', NULL, '1', '2015-11-17 11:23:38', '2015-11-17 11:23:38', '45725d23-f3d5-47e2-b80a-9da151178f50');
INSERT INTO `craft_elements_i18n` (`id`, `elementId`, `locale`, `slug`, `uri`, `enabled`, `dateCreated`, `dateUpdated`, `uid`) VALUES ('12', '12', 'en_us', 'gbenga-biobaku', NULL, '1', '2015-11-17 11:24:41', '2015-11-17 11:24:41', '12ab2120-38b3-49c5-ba8b-14b37da89f47');
INSERT INTO `craft_elements_i18n` (`id`, `elementId`, `locale`, `slug`, `uri`, `enabled`, `dateCreated`, `dateUpdated`, `uid`) VALUES ('14', '14', 'en_us', 'gbenga', NULL, '1', '2015-11-17 11:37:11', '2015-11-17 11:37:11', '540ff450-defb-40af-8ae0-875ae5ba53c1');
INSERT INTO `craft_elements_i18n` (`id`, `elementId`, `locale`, `slug`, `uri`, `enabled`, `dateCreated`, `dateUpdated`, `uid`) VALUES ('15', '15', 'en_us', 'gbenga-biobaku', NULL, '1', '2015-11-17 11:37:19', '2015-11-17 11:37:19', '326c99fe-7dce-401f-acfb-64aa9e5a8241');
INSERT INTO `craft_elements_i18n` (`id`, `elementId`, `locale`, `slug`, `uri`, `enabled`, `dateCreated`, `dateUpdated`, `uid`) VALUES ('17', '21', 'en_us', 'about-gbc', 'about', '1', '2015-11-17 12:09:53', '2015-11-17 12:40:01', 'cb49707d-d093-491d-a5c0-c6ebe303efa7');
INSERT INTO `craft_elements_i18n` (`id`, `elementId`, `locale`, `slug`, `uri`, `enabled`, `dateCreated`, `dateUpdated`, `uid`) VALUES ('18', '22', 'en_us', 'gbenga-biobaku', 'about/gbenga-biobaku', '1', '2015-11-17 12:20:17', '2015-11-17 12:20:17', 'fbbfb3bf-1210-46e6-8438-9a212407c668');
INSERT INTO `craft_elements_i18n` (`id`, `elementId`, `locale`, `slug`, `uri`, `enabled`, `dateCreated`, `dateUpdated`, `uid`) VALUES ('19', '23', 'en_us', '1', NULL, '1', '2015-11-17 12:52:28', '2015-11-17 12:52:28', 'b6e9b82f-a52e-4d71-9c72-1f58a60d31e5');
INSERT INTO `craft_elements_i18n` (`id`, `elementId`, `locale`, `slug`, `uri`, `enabled`, `dateCreated`, `dateUpdated`, `uid`) VALUES ('20', '24', 'en_us', 'nkoyo-rapu', 'about/nkoyo-rapu', '1', '2015-11-17 12:52:33', '2015-11-17 18:11:13', '6f6dc01e-fa21-4745-9da3-48d1d95476c3');
INSERT INTO `craft_elements_i18n` (`id`, `elementId`, `locale`, `slug`, `uri`, `enabled`, `dateCreated`, `dateUpdated`, `uid`) VALUES ('21', '25', 'en_us', 'expertise', 'expertise', '1', '2015-11-17 13:15:13', '2015-11-17 13:53:43', '6a2b49a1-5eb3-4077-a40f-be34266dc3c6');
INSERT INTO `craft_elements_i18n` (`id`, `elementId`, `locale`, `slug`, `uri`, `enabled`, `dateCreated`, `dateUpdated`, `uid`) VALUES ('22', '26', 'en_us', '', NULL, '1', '2015-11-17 13:36:15', '2015-11-17 13:53:43', '10b74bfa-347d-48f2-9c17-e8b3014c5807');
INSERT INTO `craft_elements_i18n` (`id`, `elementId`, `locale`, `slug`, `uri`, `enabled`, `dateCreated`, `dateUpdated`, `uid`) VALUES ('23', '27', 'en_us', '', NULL, '1', '2015-11-17 13:53:43', '2015-11-17 13:53:43', '7f95d499-a413-441c-af25-396d1b8155a7');
INSERT INTO `craft_elements_i18n` (`id`, `elementId`, `locale`, `slug`, `uri`, `enabled`, `dateCreated`, `dateUpdated`, `uid`) VALUES ('24', '28', 'en_us', '', NULL, '1', '2015-11-17 13:53:44', '2015-11-17 13:53:44', '84dcb844-19f2-42cd-a5fd-6abd816e710c');
INSERT INTO `craft_elements_i18n` (`id`, `elementId`, `locale`, `slug`, `uri`, `enabled`, `dateCreated`, `dateUpdated`, `uid`) VALUES ('25', '29', 'en_us', '', NULL, '1', '2015-11-17 13:53:44', '2015-11-17 13:53:44', '966cf954-c8dc-4eaf-9922-b522932f591b');
INSERT INTO `craft_elements_i18n` (`id`, `elementId`, `locale`, `slug`, `uri`, `enabled`, `dateCreated`, `dateUpdated`, `uid`) VALUES ('27', '31', 'en_us', 'the-exclusive-jurisdiction-of-the-national-industrial-court', NULL, '1', '2015-11-17 14:13:21', '2015-11-17 14:13:21', '7fbb35b7-6de1-46cd-afc1-98bdb4d7b949');
INSERT INTO `craft_elements_i18n` (`id`, `elementId`, `locale`, `slug`, `uri`, `enabled`, `dateCreated`, `dateUpdated`, `uid`) VALUES ('29', '33', 'en_us', 'arbitrability-of-tax-issues-arising-from-production-sharing-contracts', NULL, '1', '2015-11-17 14:14:55', '2015-11-17 14:14:55', '31703039-8820-443a-9ad2-815ff9249502');
INSERT INTO `craft_elements_i18n` (`id`, `elementId`, `locale`, `slug`, `uri`, `enabled`, `dateCreated`, `dateUpdated`, `uid`) VALUES ('30', '35', 'en_us', 'the-exclusive-jurisdiction-of-the-national-industrial-court-in-labour-and-employment-matters', 'publications/the-exclusive-jurisdiction-of-the-national-industrial-court-in-labour-and-employment-matters', '1', '2015-11-17 14:17:08', '2015-11-17 17:29:32', 'e6439fa1-5003-4403-8b83-e3938537a4be');
INSERT INTO `craft_elements_i18n` (`id`, `elementId`, `locale`, `slug`, `uri`, `enabled`, `dateCreated`, `dateUpdated`, `uid`) VALUES ('31', '36', 'en_us', 'arbitrability-of-tax-issues-arising-from-production-sharing-contracts-firs-v-nnpc', 'publications/arbitrability-of-tax-issues-arising-from-production-sharing-contracts-firs-v-nnpc', '1', '2015-11-17 14:18:00', '2015-11-17 17:31:00', '1c829822-ec4c-4b54-a616-084bdb56955f');
INSERT INTO `craft_elements_i18n` (`id`, `elementId`, `locale`, `slug`, `uri`, `enabled`, `dateCreated`, `dateUpdated`, `uid`) VALUES ('32', '37', 'en_us', 'investing-in-nigeria-oand-g-industry', NULL, '1', '2015-11-17 14:18:48', '2015-11-17 14:18:48', '99d88f8b-254f-45f2-bc65-2b8d411608d8');
INSERT INTO `craft_elements_i18n` (`id`, `elementId`, `locale`, `slug`, `uri`, `enabled`, `dateCreated`, `dateUpdated`, `uid`) VALUES ('33', '38', 'en_us', 'investing-in-nigerias-oil-and-gas-industry', 'publications/investing-in-nigerias-oil-and-gas-industry', '1', '2015-11-17 14:18:50', '2015-11-17 14:18:50', '83021840-32d9-4950-bce8-612188dc102e');
INSERT INTO `craft_elements_i18n` (`id`, `elementId`, `locale`, `slug`, `uri`, `enabled`, `dateCreated`, `dateUpdated`, `uid`) VALUES ('34', '39', 'en_us', 'publications-landing', 'publications', '1', '2015-11-17 14:19:57', '2015-11-17 14:20:24', '285bc5f4-a7d6-40f4-91b7-6d0f9b9aa54d');
INSERT INTO `craft_elements_i18n` (`id`, `elementId`, `locale`, `slug`, `uri`, `enabled`, `dateCreated`, `dateUpdated`, `uid`) VALUES ('35', '40', 'en_us', 'gbc-corporate-practice-banner', NULL, '1', '2015-11-17 15:30:14', '2015-11-17 15:35:14', '8fb0224a-0269-4795-9cf9-895d9e991cbe');
INSERT INTO `craft_elements_i18n` (`id`, `elementId`, `locale`, `slug`, `uri`, `enabled`, `dateCreated`, `dateUpdated`, `uid`) VALUES ('37', '42', 'en_us', 'gbc-modern-law-firm', NULL, '1', '2015-11-17 15:35:40', '2015-11-17 15:35:40', '343d57bc-b685-4fb3-a33e-4ef4cfcdc5a1');
INSERT INTO `craft_elements_i18n` (`id`, `elementId`, `locale`, `slug`, `uri`, `enabled`, `dateCreated`, `dateUpdated`, `uid`) VALUES ('38', '43', 'en_us', '4', NULL, '1', '2015-11-17 17:00:04', '2015-11-17 18:44:04', '1c81fe25-86aa-4e8d-90a7-92f47aa42b17');
INSERT INTO `craft_elements_i18n` (`id`, `elementId`, `locale`, `slug`, `uri`, `enabled`, `dateCreated`, `dateUpdated`, `uid`) VALUES ('39', '44', 'en_us', 'ijeoma-abalogu', 'about/ijeoma-abalogu', '1', '2015-11-17 17:01:56', '2015-11-17 17:48:25', 'dbdae21d-3294-4a43-95a3-ff42a7b7fa0d');
INSERT INTO `craft_elements_i18n` (`id`, `elementId`, `locale`, `slug`, `uri`, `enabled`, `dateCreated`, `dateUpdated`, `uid`) VALUES ('40', '45', 'en_us', 'labour', NULL, '1', '2015-11-17 17:27:46', '2015-11-17 17:28:19', '47ec682c-792e-4388-ac03-3b0bfb24b252');
INSERT INTO `craft_elements_i18n` (`id`, `elementId`, `locale`, `slug`, `uri`, `enabled`, `dateCreated`, `dateUpdated`, `uid`) VALUES ('41', '46', 'en_us', 'employment', NULL, '1', '2015-11-17 17:27:53', '2015-11-17 17:28:26', '26c9f918-0012-4084-9a8d-c0a84ab53ee5');
INSERT INTO `craft_elements_i18n` (`id`, `elementId`, `locale`, `slug`, `uri`, `enabled`, `dateCreated`, `dateUpdated`, `uid`) VALUES ('42', '47', 'en_us', 'arbitration', NULL, '1', '2015-11-17 17:30:45', '2015-11-17 17:30:45', '0520bf88-cb34-420f-9fe3-e869ea517c1a');
INSERT INTO `craft_elements_i18n` (`id`, `elementId`, `locale`, `slug`, `uri`, `enabled`, `dateCreated`, `dateUpdated`, `uid`) VALUES ('43', '48', 'en_us', 'tax', NULL, '1', '2015-11-17 17:30:51', '2015-11-17 17:30:51', 'cd63d89c-2500-404d-8e45-45401005489c');
INSERT INTO `craft_elements_i18n` (`id`, `elementId`, `locale`, `slug`, `uri`, `enabled`, `dateCreated`, `dateUpdated`, `uid`) VALUES ('44', '49', 'en_us', 'energy', NULL, '1', '2015-11-17 17:30:56', '2015-11-17 17:30:56', '7f0d788d-bc2e-407f-b33e-56dcc5e4a00a');
INSERT INTO `craft_elements_i18n` (`id`, `elementId`, `locale`, `slug`, `uri`, `enabled`, `dateCreated`, `dateUpdated`, `uid`) VALUES ('45', '50', 'en_us', 'ijeoma-abalogu', NULL, '1', '2015-11-17 17:39:29', '2015-11-17 17:43:45', '1ac88592-7f92-4d22-b58f-e27af33dcded');
INSERT INTO `craft_elements_i18n` (`id`, `elementId`, `locale`, `slug`, `uri`, `enabled`, `dateCreated`, `dateUpdated`, `uid`) VALUES ('47', '52', 'en_us', 'nkoyo-rapu', NULL, '1', '2015-11-17 17:57:10', '2015-11-17 17:57:10', '357992ab-3492-4ea3-bcfd-acb8b3d2aba7');
INSERT INTO `craft_elements_i18n` (`id`, `elementId`, `locale`, `slug`, `uri`, `enabled`, `dateCreated`, `dateUpdated`, `uid`) VALUES ('48', '53', 'en_us', '6', NULL, '1', '2015-11-17 18:19:11', '2015-11-17 18:19:11', '49eae0b3-6846-4215-bf69-6bbfee12f079');
INSERT INTO `craft_elements_i18n` (`id`, `elementId`, `locale`, `slug`, `uri`, `enabled`, `dateCreated`, `dateUpdated`, `uid`) VALUES ('49', '54', 'en_us', 'okey-nwanya', NULL, '1', '2015-11-17 18:22:06', '2015-11-17 18:25:06', 'dfea0ca5-a6f7-476e-8d26-cf7706e84554');
INSERT INTO `craft_elements_i18n` (`id`, `elementId`, `locale`, `slug`, `uri`, `enabled`, `dateCreated`, `dateUpdated`, `uid`) VALUES ('50', '55', 'en_us', 'okey-nwaya', 'about/okey-nwaya', '1', '2015-11-17 18:22:08', '2015-11-17 20:19:47', 'b13e7535-34cd-4e7f-b7c9-9985f99bf349');
INSERT INTO `craft_elements_i18n` (`id`, `elementId`, `locale`, `slug`, `uri`, `enabled`, `dateCreated`, `dateUpdated`, `uid`) VALUES ('52', '57', 'en_us', '2', NULL, '1', '2015-11-17 18:36:19', '2015-11-17 18:36:38', 'd98ba86b-7cde-4994-ab81-281fdceb247b');
INSERT INTO `craft_elements_i18n` (`id`, `elementId`, `locale`, `slug`, `uri`, `enabled`, `dateCreated`, `dateUpdated`, `uid`) VALUES ('53', '58', 'en_us', 'sogo-akinola', NULL, '1', '2015-11-17 18:39:34', '2015-11-17 18:44:24', '383d99c4-085d-4d47-ab5d-7def547dec6c');
INSERT INTO `craft_elements_i18n` (`id`, `elementId`, `locale`, `slug`, `uri`, `enabled`, `dateCreated`, `dateUpdated`, `uid`) VALUES ('54', '59', 'en_us', 'sogo-akinola', 'about/sogo-akinola', '1', '2015-11-17 18:39:36', '2015-11-17 18:48:28', '8be48ca2-a1db-4858-8594-6e72e42c97d7');
INSERT INTO `craft_elements_i18n` (`id`, `elementId`, `locale`, `slug`, `uri`, `enabled`, `dateCreated`, `dateUpdated`, `uid`) VALUES ('56', '61', 'en_us', '7', NULL, '1', '2015-11-17 18:50:45', '2015-11-17 19:22:04', '3fb1bdff-dfdc-4cd9-9aa3-50d721b74ec8');
INSERT INTO `craft_elements_i18n` (`id`, `elementId`, `locale`, `slug`, `uri`, `enabled`, `dateCreated`, `dateUpdated`, `uid`) VALUES ('57', '62', 'en_us', 'sandra-asuzu', NULL, '1', '2015-11-17 18:54:25', '2015-11-17 18:54:25', 'd3cd7805-e547-4aca-8829-f720870678a4');
INSERT INTO `craft_elements_i18n` (`id`, `elementId`, `locale`, `slug`, `uri`, `enabled`, `dateCreated`, `dateUpdated`, `uid`) VALUES ('58', '63', 'en_us', 'sandra-asuzu', 'about/sandra-asuzu', '1', '2015-11-17 18:56:23', '2015-11-17 20:19:39', 'b8dd030d-a84f-4cd1-8f71-6f1bcc072c69');
INSERT INTO `craft_elements_i18n` (`id`, `elementId`, `locale`, `slug`, `uri`, `enabled`, `dateCreated`, `dateUpdated`, `uid`) VALUES ('59', '64', 'en_us', '3', NULL, '1', '2015-11-17 19:06:07', '2015-11-17 19:06:07', '2d9375d7-1c37-457f-a5d3-95eae82f0d93');
INSERT INTO `craft_elements_i18n` (`id`, `elementId`, `locale`, `slug`, `uri`, `enabled`, `dateCreated`, `dateUpdated`, `uid`) VALUES ('60', '65', 'en_us', 'ayoade-oluwasanmi', NULL, '1', '2015-11-17 19:09:13', '2015-11-17 19:09:13', 'ce818a6f-a1ae-4dc7-9800-69ba7de54bf2');
INSERT INTO `craft_elements_i18n` (`id`, `elementId`, `locale`, `slug`, `uri`, `enabled`, `dateCreated`, `dateUpdated`, `uid`) VALUES ('61', '66', 'en_us', 'ayoade-oluwasanmi', 'about/ayoade-oluwasanmi', '1', '2015-11-17 19:12:29', '2015-11-17 20:19:31', 'fb485e85-5733-4753-a5c5-3e8f4ddffc9f');
INSERT INTO `craft_elements_i18n` (`id`, `elementId`, `locale`, `slug`, `uri`, `enabled`, `dateCreated`, `dateUpdated`, `uid`) VALUES ('63', '68', 'en_us', 'edward-vera-cruz2', NULL, '1', '2015-11-17 19:36:55', '2015-11-17 19:36:55', 'fc46b799-b815-4be1-a47f-e06eeb6d6d8a');
INSERT INTO `craft_elements_i18n` (`id`, `elementId`, `locale`, `slug`, `uri`, `enabled`, `dateCreated`, `dateUpdated`, `uid`) VALUES ('64', '69', 'en_us', 'edward-vera-cruz', NULL, '1', '2015-11-17 19:38:25', '2015-11-17 19:46:03', 'e3ec7570-60a4-47b1-9408-e97bf1de50f1');
INSERT INTO `craft_elements_i18n` (`id`, `elementId`, `locale`, `slug`, `uri`, `enabled`, `dateCreated`, `dateUpdated`, `uid`) VALUES ('65', '70', 'en_us', 'edward-o-vera-cruz', 'about/edward-o-vera-cruz', '1', '2015-11-17 19:43:41', '2015-11-17 20:19:11', '6f1c81e0-42ee-4dbc-8021-db675a31c08b');
INSERT INTO `craft_elements_i18n` (`id`, `elementId`, `locale`, `slug`, `uri`, `enabled`, `dateCreated`, `dateUpdated`, `uid`) VALUES ('67', '72', 'en_us', 'lola-ogunmodede', 'about/lola-ogunmodede', '1', '2015-11-17 19:51:49', '2015-11-17 20:11:28', '3ecec499-d2ef-4578-b4ec-0a88a155e4ec');
INSERT INTO `craft_elements_i18n` (`id`, `elementId`, `locale`, `slug`, `uri`, `enabled`, `dateCreated`, `dateUpdated`, `uid`) VALUES ('68', '73', 'en_us', 'wole-tejuoso', 'about/wole-tejuoso', '1', '2015-11-17 19:57:07', '2015-11-17 20:28:08', '11a77f8c-9025-424d-ba2f-2fb21fecc242');
INSERT INTO `craft_elements_i18n` (`id`, `elementId`, `locale`, `slug`, `uri`, `enabled`, `dateCreated`, `dateUpdated`, `uid`) VALUES ('69', '74', 'en_us', 'blank', NULL, '1', '2015-11-17 20:11:17', '2015-11-17 20:11:17', '20d24c3a-166b-4f7e-856b-bd4f216f8714');
INSERT INTO `craft_elements_i18n` (`id`, `elementId`, `locale`, `slug`, `uri`, `enabled`, `dateCreated`, `dateUpdated`, `uid`) VALUES ('70', '75', 'en_us', 'blank2', NULL, '1', '2015-11-17 20:11:26', '2015-11-17 20:11:26', '5fc2a98f-109b-4fe1-822e-eddecbf735c5');
INSERT INTO `craft_elements_i18n` (`id`, `elementId`, `locale`, `slug`, `uri`, `enabled`, `dateCreated`, `dateUpdated`, `uid`) VALUES ('71', '76', 'en_us', 'blank2', NULL, '1', '2015-11-17 20:11:38', '2015-11-17 20:11:38', 'd62c771e-fc86-4881-81d2-0c2f6e204f4e');
INSERT INTO `craft_elements_i18n` (`id`, `elementId`, `locale`, `slug`, `uri`, `enabled`, `dateCreated`, `dateUpdated`, `uid`) VALUES ('72', '77', 'en_us', 'blank', NULL, '1', '2015-11-17 20:11:41', '2015-11-17 20:11:41', '7b2892c6-786f-4cde-b082-c62c562b04dc');
INSERT INTO `craft_elements_i18n` (`id`, `elementId`, `locale`, `slug`, `uri`, `enabled`, `dateCreated`, `dateUpdated`, `uid`) VALUES ('73', '78', 'en_us', 'edwin-egede', 'about/edwin-egede', '1', '2015-11-17 20:17:48', '2015-11-17 20:19:21', 'b979ff20-2a12-4d8d-9d5d-8a1867c2a715');



DROP TABLE IF EXISTS `craft_emailmessages`;


--
-- Schema for table `craft_emailmessages`
--
CREATE TABLE `craft_emailmessages` (
  `id` int(11) NOT NULL AUTO_INCREMENT,
  `key` char(150) COLLATE utf8_unicode_ci NOT NULL,
  `locale` char(12) COLLATE utf8_unicode_ci NOT NULL,
  `subject` varchar(1000) COLLATE utf8_unicode_ci NOT NULL,
  `body` text COLLATE utf8_unicode_ci NOT NULL,
  `dateCreated` datetime NOT NULL,
  `dateUpdated` datetime NOT NULL,
  `uid` char(36) COLLATE utf8_unicode_ci NOT NULL DEFAULT '0',
  PRIMARY KEY (`id`),
  UNIQUE KEY `craft_emailmessages_key_locale_unq_idx` (`key`,`locale`),
  KEY `craft_emailmessages_locale_fk` (`locale`)
) ENGINE=InnoDB DEFAULT CHARSET=utf8 COLLATE=utf8_unicode_ci;

DROP TABLE IF EXISTS `craft_entries`;


--
-- Schema for table `craft_entries`
--
CREATE TABLE `craft_entries` (
  `id` int(11) NOT NULL,
  `sectionId` int(11) NOT NULL,
  `typeId` int(11) DEFAULT NULL,
  `authorId` int(11) DEFAULT NULL,
  `postDate` datetime DEFAULT NULL,
  `expiryDate` datetime DEFAULT NULL,
  `dateCreated` datetime NOT NULL,
  `dateUpdated` datetime NOT NULL,
  `uid` char(36) COLLATE utf8_unicode_ci NOT NULL DEFAULT '0',
  PRIMARY KEY (`id`),
  KEY `craft_entries_sectionId_idx` (`sectionId`),
  KEY `craft_entries_typeId_idx` (`typeId`),
  KEY `craft_entries_postDate_idx` (`postDate`),
  KEY `craft_entries_expiryDate_idx` (`expiryDate`),
  KEY `craft_entries_authorId_fk` (`authorId`)
) ENGINE=InnoDB DEFAULT CHARSET=utf8 COLLATE=utf8_unicode_ci;

--
-- Data for table `craft_entries`
--

INSERT INTO `craft_entries` (`id`, `sectionId`, `typeId`, `authorId`, `postDate`, `expiryDate`, `dateCreated`, `dateUpdated`, `uid`) VALUES ('2', '1', NULL, NULL, '2015-11-13 22:54:20', NULL, '2015-11-13 22:54:20', '2015-11-17 15:35:51', '904cdc8e-2b57-4eb2-bab2-5daf91204fd9');
INSERT INTO `craft_entries` (`id`, `sectionId`, `typeId`, `authorId`, `postDate`, `expiryDate`, `dateCreated`, `dateUpdated`, `uid`) VALUES ('6', '4', NULL, NULL, '2015-11-17 08:49:31', NULL, '2015-11-17 08:49:31', '2015-11-17 10:24:10', '41e8fb95-81f7-41bb-83c4-49850cf0f964');
INSERT INTO `craft_entries` (`id`, `sectionId`, `typeId`, `authorId`, `postDate`, `expiryDate`, `dateCreated`, `dateUpdated`, `uid`) VALUES ('9', '5', '5', NULL, '2015-11-17 09:55:28', NULL, '2015-11-17 09:31:40', '2015-11-19 23:18:49', '4d508130-af68-4f37-8bcc-ab82aace5302');
INSERT INTO `craft_entries` (`id`, `sectionId`, `typeId`, `authorId`, `postDate`, `expiryDate`, `dateCreated`, `dateUpdated`, `uid`) VALUES ('21', '8', NULL, NULL, '2015-11-17 12:09:53', NULL, '2015-11-17 12:09:53', '2015-11-17 12:40:01', 'aa510964-0616-4a98-bdb4-882ce19b5eb4');
INSERT INTO `craft_entries` (`id`, `sectionId`, `typeId`, `authorId`, `postDate`, `expiryDate`, `dateCreated`, `dateUpdated`, `uid`) VALUES ('22', '7', '9', '1', '2015-11-17 12:20:17', NULL, '2015-11-17 12:20:17', '2015-11-17 12:20:17', '1d1550b7-bc8e-4869-bcc8-9f83c8728a50');
INSERT INTO `craft_entries` (`id`, `sectionId`, `typeId`, `authorId`, `postDate`, `expiryDate`, `dateCreated`, `dateUpdated`, `uid`) VALUES ('24', '7', '9', '1', '2015-11-17 12:52:00', NULL, '2015-11-17 12:52:33', '2015-11-17 18:11:13', 'bfa65e25-0fbc-48db-97e8-27ef938b6fd1');
INSERT INTO `craft_entries` (`id`, `sectionId`, `typeId`, `authorId`, `postDate`, `expiryDate`, `dateCreated`, `dateUpdated`, `uid`) VALUES ('25', '9', NULL, NULL, '2015-11-17 13:15:13', NULL, '2015-11-17 13:15:13', '2015-11-17 13:53:44', '78455fde-5515-494f-910c-44fad8a28e76');
INSERT INTO `craft_entries` (`id`, `sectionId`, `typeId`, `authorId`, `postDate`, `expiryDate`, `dateCreated`, `dateUpdated`, `uid`) VALUES ('35', '11', '13', '1', '2015-11-17 14:17:00', NULL, '2015-11-17 14:17:08', '2015-11-17 17:29:32', 'ea18f541-bd3b-4b66-8b87-c28bd98aa624');
INSERT INTO `craft_entries` (`id`, `sectionId`, `typeId`, `authorId`, `postDate`, `expiryDate`, `dateCreated`, `dateUpdated`, `uid`) VALUES ('36', '11', '13', '1', '2015-11-17 14:18:00', NULL, '2015-11-17 14:18:00', '2015-11-17 17:31:00', 'e89b3af0-6111-4426-ba83-0fac681479ba');
INSERT INTO `craft_entries` (`id`, `sectionId`, `typeId`, `authorId`, `postDate`, `expiryDate`, `dateCreated`, `dateUpdated`, `uid`) VALUES ('38', '11', '13', '1', '2015-11-17 14:18:50', NULL, '2015-11-17 14:18:50', '2015-11-17 14:18:50', 'c1c74069-c93f-428a-a188-971129d6b74e');
INSERT INTO `craft_entries` (`id`, `sectionId`, `typeId`, `authorId`, `postDate`, `expiryDate`, `dateCreated`, `dateUpdated`, `uid`) VALUES ('39', '12', NULL, NULL, '2015-11-17 14:19:56', NULL, '2015-11-17 14:19:57', '2015-11-17 14:20:24', '3f3562c3-1180-474e-8ee2-862451e7333a');
INSERT INTO `craft_entries` (`id`, `sectionId`, `typeId`, `authorId`, `postDate`, `expiryDate`, `dateCreated`, `dateUpdated`, `uid`) VALUES ('44', '7', '9', '1', '2015-11-17 17:01:00', NULL, '2015-11-17 17:01:56', '2015-11-17 17:48:25', 'eb5e205a-55c9-4d58-9ccc-54948659367f');
INSERT INTO `craft_entries` (`id`, `sectionId`, `typeId`, `authorId`, `postDate`, `expiryDate`, `dateCreated`, `dateUpdated`, `uid`) VALUES ('55', '7', '9', '1', '2015-11-17 18:22:00', NULL, '2015-11-17 18:22:08', '2015-11-17 18:28:25', 'a764cc04-3975-42ec-8f37-3fb20b2c6789');
INSERT INTO `craft_entries` (`id`, `sectionId`, `typeId`, `authorId`, `postDate`, `expiryDate`, `dateCreated`, `dateUpdated`, `uid`) VALUES ('59', '7', '9', '1', '2015-11-17 18:37:00', NULL, '2015-11-17 18:39:36', '2015-11-17 18:48:29', 'a8578b30-0c94-4b53-84bd-84bf8e967458');
INSERT INTO `craft_entries` (`id`, `sectionId`, `typeId`, `authorId`, `postDate`, `expiryDate`, `dateCreated`, `dateUpdated`, `uid`) VALUES ('63', '7', '9', '1', '2015-11-17 18:56:23', NULL, '2015-11-17 18:56:23', '2015-11-17 18:56:23', '2e529558-892a-431a-9ffa-f0e251d9dc81');
INSERT INTO `craft_entries` (`id`, `sectionId`, `typeId`, `authorId`, `postDate`, `expiryDate`, `dateCreated`, `dateUpdated`, `uid`) VALUES ('66', '7', '9', '1', '2015-11-17 19:12:29', NULL, '2015-11-17 19:12:29', '2015-11-17 19:12:29', 'cdbe3e8f-e64f-4c7e-9d0a-5c73e79f152b');
INSERT INTO `craft_entries` (`id`, `sectionId`, `typeId`, `authorId`, `postDate`, `expiryDate`, `dateCreated`, `dateUpdated`, `uid`) VALUES ('70', '7', '9', '1', '2015-11-17 19:43:41', NULL, '2015-11-17 19:43:41', '2015-11-17 19:43:41', '0fd6e233-f146-4c8e-8d88-62fb14d97b56');
INSERT INTO `craft_entries` (`id`, `sectionId`, `typeId`, `authorId`, `postDate`, `expiryDate`, `dateCreated`, `dateUpdated`, `uid`) VALUES ('72', '7', '9', '1', '2015-11-17 19:51:00', NULL, '2015-11-17 19:51:49', '2015-11-17 20:11:28', '2aa18fb7-0348-45fc-8301-3f6f6ae652a1');
INSERT INTO `craft_entries` (`id`, `sectionId`, `typeId`, `authorId`, `postDate`, `expiryDate`, `dateCreated`, `dateUpdated`, `uid`) VALUES ('73', '7', '9', '1', '2015-11-17 19:57:00', NULL, '2015-11-17 19:57:07', '2015-11-17 20:28:08', 'f5afb95d-d6af-4ed3-89ee-4dcb266a964d');
INSERT INTO `craft_entries` (`id`, `sectionId`, `typeId`, `authorId`, `postDate`, `expiryDate`, `dateCreated`, `dateUpdated`, `uid`) VALUES ('78', '7', '9', '1', '2015-11-17 20:17:48', NULL, '2015-11-17 20:17:48', '2015-11-17 20:17:48', '4aebf613-5a79-4291-8ebf-d055ec882be4');



DROP TABLE IF EXISTS `craft_entrydrafts`;


--
-- Schema for table `craft_entrydrafts`
--
CREATE TABLE `craft_entrydrafts` (
  `id` int(11) NOT NULL AUTO_INCREMENT,
  `entryId` int(11) NOT NULL,
  `sectionId` int(11) NOT NULL,
  `creatorId` int(11) NOT NULL,
  `locale` char(12) COLLATE utf8_unicode_ci NOT NULL,
  `name` varchar(255) COLLATE utf8_unicode_ci NOT NULL,
  `notes` tinytext COLLATE utf8_unicode_ci,
  `data` mediumtext COLLATE utf8_unicode_ci NOT NULL,
  `dateCreated` datetime NOT NULL,
  `dateUpdated` datetime NOT NULL,
  `uid` char(36) COLLATE utf8_unicode_ci NOT NULL DEFAULT '0',
  PRIMARY KEY (`id`),
  KEY `craft_entrydrafts_entryId_locale_idx` (`entryId`,`locale`),
  KEY `craft_entrydrafts_sectionId_fk` (`sectionId`),
  KEY `craft_entrydrafts_creatorId_fk` (`creatorId`),
  KEY `craft_entrydrafts_locale_fk` (`locale`)
) ENGINE=InnoDB DEFAULT CHARSET=utf8 COLLATE=utf8_unicode_ci;

DROP TABLE IF EXISTS `craft_entrytypes`;


--
-- Schema for table `craft_entrytypes`
--
CREATE TABLE `craft_entrytypes` (
  `id` int(11) NOT NULL AUTO_INCREMENT,
  `sectionId` int(11) NOT NULL,
  `fieldLayoutId` int(11) DEFAULT NULL,
  `name` varchar(255) COLLATE utf8_unicode_ci NOT NULL,
  `handle` varchar(255) COLLATE utf8_unicode_ci NOT NULL,
  `hasTitleField` tinyint(1) unsigned NOT NULL DEFAULT '1',
  `titleLabel` varchar(255) COLLATE utf8_unicode_ci DEFAULT 'Title',
  `titleFormat` varchar(255) COLLATE utf8_unicode_ci DEFAULT NULL,
  `sortOrder` tinyint(4) DEFAULT NULL,
  `dateCreated` datetime NOT NULL,
  `dateUpdated` datetime NOT NULL,
  `uid` char(36) COLLATE utf8_unicode_ci NOT NULL DEFAULT '0',
  PRIMARY KEY (`id`),
  UNIQUE KEY `craft_entrytypes_name_sectionId_unq_idx` (`name`,`sectionId`),
  UNIQUE KEY `craft_entrytypes_handle_sectionId_unq_idx` (`handle`,`sectionId`),
  KEY `craft_entrytypes_sectionId_fk` (`sectionId`),
  KEY `craft_entrytypes_fieldLayoutId_fk` (`fieldLayoutId`)
) ENGINE=InnoDB AUTO_INCREMENT=15 DEFAULT CHARSET=utf8 COLLATE=utf8_unicode_ci;

--
-- Data for table `craft_entrytypes`
--

INSERT INTO `craft_entrytypes` (`id`, `sectionId`, `fieldLayoutId`, `name`, `handle`, `hasTitleField`, `titleLabel`, `titleFormat`, `sortOrder`, `dateCreated`, `dateUpdated`, `uid`) VALUES ('1', '1', '50', 'Homepage', 'homepage', '1', 'Title', NULL, NULL, '2015-11-13 22:54:20', '2015-11-17 15:13:30', 'e9b73958-e2a4-4a23-abc1-e8fa50030de3');
INSERT INTO `craft_entrytypes` (`id`, `sectionId`, `fieldLayoutId`, `name`, `handle`, `hasTitleField`, `titleLabel`, `titleFormat`, `sortOrder`, `dateCreated`, `dateUpdated`, `uid`) VALUES ('4', '4', '15', 'Careers', 'careers', '1', '', NULL, NULL, '2015-11-17 08:49:31', '2015-11-17 09:05:24', '78f208e1-be8b-48c5-aa92-84306339a1d3');
INSERT INTO `craft_entrytypes` (`id`, `sectionId`, `fieldLayoutId`, `name`, `handle`, `hasTitleField`, `titleLabel`, `titleFormat`, `sortOrder`, `dateCreated`, `dateUpdated`, `uid`) VALUES ('5', '5', '21', 'Contact', 'contact', '1', '', NULL, NULL, '2015-11-17 09:31:39', '2015-11-17 09:55:43', '1c1e7bb8-5873-4a0c-af8a-68513867338d');
INSERT INTO `craft_entrytypes` (`id`, `sectionId`, `fieldLayoutId`, `name`, `handle`, `hasTitleField`, `titleLabel`, `titleFormat`, `sortOrder`, `dateCreated`, `dateUpdated`, `uid`) VALUES ('9', '7', '53', 'Team Member', 'teamMember', '1', 'Title', NULL, NULL, '2015-11-17 11:42:35', '2015-11-17 18:47:48', '4578566d-3cdf-4644-a07f-dc259757c8d2');
INSERT INTO `craft_entrytypes` (`id`, `sectionId`, `fieldLayoutId`, `name`, `handle`, `hasTitleField`, `titleLabel`, `titleFormat`, `sortOrder`, `dateCreated`, `dateUpdated`, `uid`) VALUES ('10', '8', '36', 'About GBC', 'aboutGbc', '1', '', NULL, NULL, '2015-11-17 12:09:53', '2015-11-17 12:39:54', '8a8988c9-54e6-48dc-8a9b-72370ad31e17');
INSERT INTO `craft_entrytypes` (`id`, `sectionId`, `fieldLayoutId`, `name`, `handle`, `hasTitleField`, `titleLabel`, `titleFormat`, `sortOrder`, `dateCreated`, `dateUpdated`, `uid`) VALUES ('11', '9', '39', 'Expertise', 'expertise', '0', NULL, '{section.name|raw}', NULL, '2015-11-17 13:15:13', '2015-11-17 13:15:56', '7233360c-8305-434c-b608-671c36e87fe7');
INSERT INTO `craft_entrytypes` (`id`, `sectionId`, `fieldLayoutId`, `name`, `handle`, `hasTitleField`, `titleLabel`, `titleFormat`, `sortOrder`, `dateCreated`, `dateUpdated`, `uid`) VALUES ('13', '11', '51', 'Publications', 'publications', '1', 'Title', NULL, NULL, '2015-11-17 14:16:15', '2015-11-17 17:24:37', '4b106bcd-5ae0-471e-a692-f2f23bd83935');
INSERT INTO `craft_entrytypes` (`id`, `sectionId`, `fieldLayoutId`, `name`, `handle`, `hasTitleField`, `titleLabel`, `titleFormat`, `sortOrder`, `dateCreated`, `dateUpdated`, `uid`) VALUES ('14', '12', '49', 'Publications Landing', 'publicationsLanding', '1', '', NULL, NULL, '2015-11-17 14:19:56', '2015-11-17 14:20:15', 'fbee881a-0c75-4c09-89ec-baac9b773c7d');



DROP TABLE IF EXISTS `craft_entryversions`;


--
-- Schema for table `craft_entryversions`
--
CREATE TABLE `craft_entryversions` (
  `id` int(11) NOT NULL AUTO_INCREMENT,
  `entryId` int(11) NOT NULL,
  `sectionId` int(11) NOT NULL,
  `creatorId` int(11) DEFAULT NULL,
  `locale` char(12) COLLATE utf8_unicode_ci NOT NULL,
  `num` smallint(6) unsigned NOT NULL,
  `notes` tinytext COLLATE utf8_unicode_ci,
  `data` mediumtext COLLATE utf8_unicode_ci NOT NULL,
  `dateCreated` datetime NOT NULL,
  `dateUpdated` datetime NOT NULL,
  `uid` char(36) COLLATE utf8_unicode_ci NOT NULL DEFAULT '0',
  PRIMARY KEY (`id`),
  KEY `craft_entryversions_entryId_locale_idx` (`entryId`,`locale`),
  KEY `craft_entryversions_sectionId_fk` (`sectionId`),
  KEY `craft_entryversions_creatorId_fk` (`creatorId`),
  KEY `craft_entryversions_locale_fk` (`locale`)
) ENGINE=InnoDB AUTO_INCREMENT=112 DEFAULT CHARSET=utf8 COLLATE=utf8_unicode_ci;

--
-- Data for table `craft_entryversions`
--

INSERT INTO `craft_entryversions` (`id`, `entryId`, `sectionId`, `creatorId`, `locale`, `num`, `notes`, `data`, `dateCreated`, `dateUpdated`, `uid`) VALUES ('2', '6', '4', '1', 'en_us', '1', NULL, '{\"typeId\":\"4\",\"authorId\":null,\"title\":\"Careers\",\"slug\":\"careers\",\"postDate\":1447750171,\"expiryDate\":null,\"enabled\":1,\"fields\":[]}', '2015-11-17 08:49:31', '2015-11-17 08:49:31', '1fa45868-ec52-4e05-9c2a-88167a4bb176');
INSERT INTO `craft_entryversions` (`id`, `entryId`, `sectionId`, `creatorId`, `locale`, `num`, `notes`, `data`, `dateCreated`, `dateUpdated`, `uid`) VALUES ('3', '6', '4', '1', 'en_us', '2', '', '{\"typeId\":null,\"authorId\":null,\"title\":\"Careers\",\"slug\":\"careers\",\"postDate\":1447750171,\"expiryDate\":null,\"enabled\":1,\"fields\":{\"1\":\"<p>We believe that the key to our success is not only the knowledge of our client\\u2019s industry and our general commercial awareness, but our interest in recruiting highly capable individuals and providing a very conducive environment to nurture their ambitions to reach for the top.<\\/p>\\r\\n\\r\\n\\r\\n\\r\\n\\r\\n\\r\\n<p> We are constantly looking for individuals who are highly capable and motivated to meet the challenges of a growing industry. if you meet this criteria, please email your resume to careers@gbc-law.com<\\/p>\",\"14\":[],\"4\":\"\",\"5\":\"\",\"6\":\"\",\"13\":[],\"7\":\"\",\"3\":\"\",\"8\":\"\"}}', '2015-11-17 08:55:56', '2015-11-17 08:55:56', 'c6843262-32ae-43af-9532-401f822dbaeb');
INSERT INTO `craft_entryversions` (`id`, `entryId`, `sectionId`, `creatorId`, `locale`, `num`, `notes`, `data`, `dateCreated`, `dateUpdated`, `uid`) VALUES ('4', '6', '4', '1', 'en_us', '3', '', '{\"typeId\":null,\"authorId\":null,\"title\":\"Careers\",\"slug\":\"careers\",\"postDate\":1447750171,\"expiryDate\":null,\"enabled\":1,\"fields\":{\"16\":\"<h3 class=\\\"omega text-serif text-light\\\">\\r\\n\\tWe believe that the key to our success is not only the knowledge of our client\\u2019s industry and our general commercial awareness, but our interest in recruiting highly capable individuals and providing a very conducive environment to nurture their ambitions to reach for the top.\\r\\n<\\/h3>\\r\\n\\r\\n<p class=\\\"text-sans\\\">\\r\\n\\tWe are constantly looking for individuals who are highly capable and motivated to meet the challenges of a growing industry. if you meet this criteria, please email your resume to careers@gbc-law.com \\r\\n<\\/p>\",\"14\":[],\"4\":\"\",\"5\":\"\",\"6\":\"\",\"13\":[],\"7\":\"\",\"3\":\"\",\"8\":\"\"}}', '2015-11-17 09:09:12', '2015-11-17 09:09:12', 'c2688053-0435-427d-b342-509603163974');
INSERT INTO `craft_entryversions` (`id`, `entryId`, `sectionId`, `creatorId`, `locale`, `num`, `notes`, `data`, `dateCreated`, `dateUpdated`, `uid`) VALUES ('5', '6', '4', '1', 'en_us', '4', '', '{\"typeId\":null,\"authorId\":null,\"title\":\"Careers\",\"slug\":\"careers\",\"postDate\":1447750171,\"expiryDate\":null,\"enabled\":1,\"fields\":{\"16\":\"<h3 class=\\\"omega text-serif text-light\\\">\\r\\n\\tWe believe that the key to our success is not only the knowledge of our client\\u2019s industry and our general commercial awareness, but our interest in recruiting highly capable individuals and providing a very conducive environment to nurture their ambitions to reach for the top.\\r\\n<\\/h3>\\r\\n\\r\\n<p class=\\\"text-sans\\\">\\r\\n\\tWe are constantly looking for individuals who are highly capable and motivated to meet the challenges of a growing industry. if you meet this criteria, please email your resume to careers@gbc-law.com \\r\\n<\\/p>\",\"14\":[\"7\"],\"4\":\"\",\"5\":\"\",\"6\":\"\",\"13\":[],\"7\":\"\",\"3\":\"\",\"8\":\"\"}}', '2015-11-17 09:11:36', '2015-11-17 09:11:36', '15c27bb5-6149-42b3-b713-536ca5c8968a');
INSERT INTO `craft_entryversions` (`id`, `entryId`, `sectionId`, `creatorId`, `locale`, `num`, `notes`, `data`, `dateCreated`, `dateUpdated`, `uid`) VALUES ('6', '9', '5', '1', 'en_us', '1', NULL, '{\"typeId\":\"5\",\"authorId\":null,\"title\":\"Contact\",\"slug\":\"contact\",\"postDate\":1447752700,\"expiryDate\":null,\"enabled\":1,\"fields\":[]}', '2015-11-17 09:31:40', '2015-11-17 09:31:40', '524bee6e-95ce-4b33-89e7-e1dfbf74b5cb');
INSERT INTO `craft_entryversions` (`id`, `entryId`, `sectionId`, `creatorId`, `locale`, `num`, `notes`, `data`, `dateCreated`, `dateUpdated`, `uid`) VALUES ('7', '9', '5', '1', 'en_us', '2', '', '{\"typeId\":null,\"authorId\":null,\"title\":\"Contact\",\"slug\":\"contact\",\"postDate\":1447752700,\"expiryDate\":null,\"enabled\":1,\"fields\":{\"16\":\"\",\"14\":[],\"4\":\"\",\"5\":\"\",\"6\":\"\",\"13\":[],\"7\":\"\",\"3\":\"\",\"8\":\"\"}}', '2015-11-17 09:36:12', '2015-11-17 09:36:12', '87354263-782e-40c1-9c86-2a84aeeee74d');
INSERT INTO `craft_entryversions` (`id`, `entryId`, `sectionId`, `creatorId`, `locale`, `num`, `notes`, `data`, `dateCreated`, `dateUpdated`, `uid`) VALUES ('8', '9', '5', '1', 'en_us', '3', '', '{\"typeId\":null,\"authorId\":null,\"title\":\"Contact\",\"slug\":\"contact\",\"postDate\":1447752700,\"expiryDate\":null,\"enabled\":1,\"fields\":{\"16\":\"\",\"14\":[\"10\"],\"4\":\"\",\"5\":\"\",\"6\":\"\",\"13\":[],\"7\":\"\",\"3\":\"\",\"8\":\"\"}}', '2015-11-17 09:40:31', '2015-11-17 09:40:31', '44a93526-6fff-4eba-a7ea-e84699121346');
INSERT INTO `craft_entryversions` (`id`, `entryId`, `sectionId`, `creatorId`, `locale`, `num`, `notes`, `data`, `dateCreated`, `dateUpdated`, `uid`) VALUES ('9', '9', '5', '1', 'en_us', '4', '', '{\"typeId\":null,\"authorId\":null,\"title\":\"Contact\",\"slug\":\"contact\",\"postDate\":1447752700,\"expiryDate\":null,\"enabled\":1,\"fields\":{\"16\":\"\",\"14\":[\"10\"],\"4\":\"\",\"5\":\"\",\"6\":\"\",\"13\":[],\"7\":\"\",\"3\":\"\",\"8\":\"\"}}', '2015-11-17 09:42:19', '2015-11-17 09:42:19', 'ef507831-bc71-452b-adc1-481213a1c6e6');
INSERT INTO `craft_entryversions` (`id`, `entryId`, `sectionId`, `creatorId`, `locale`, `num`, `notes`, `data`, `dateCreated`, `dateUpdated`, `uid`) VALUES ('10', '9', '5', '1', 'en_us', '5', '', '{\"typeId\":null,\"authorId\":null,\"title\":\"Contact\",\"slug\":\"contact\",\"postDate\":1447752700,\"expiryDate\":null,\"enabled\":1,\"fields\":{\"16\":\"<p>Hey<\\/p>\",\"14\":[\"10\"],\"4\":\"\",\"5\":\"\",\"6\":\"\",\"13\":[],\"7\":\"\",\"3\":\"\",\"8\":\"\"}}', '2015-11-17 09:45:39', '2015-11-17 09:45:39', '39539552-6e6c-47a1-8053-8b8beb1e3292');
INSERT INTO `craft_entryversions` (`id`, `entryId`, `sectionId`, `creatorId`, `locale`, `num`, `notes`, `data`, `dateCreated`, `dateUpdated`, `uid`) VALUES ('11', '9', '5', '1', 'en_us', '6', '', '{\"typeId\":null,\"authorId\":null,\"title\":\"Contact\",\"slug\":\"contact\",\"postDate\":1447752700,\"expiryDate\":null,\"enabled\":1,\"fields\":{\"16\":\"<p>Hey<\\/p>\",\"14\":[\"10\"],\"4\":\"\",\"5\":\"\",\"6\":\"\",\"13\":[],\"7\":\"\",\"3\":\"\",\"8\":\"\"}}', '2015-11-17 09:46:28', '2015-11-17 09:46:28', '5cecc11e-ba39-4c90-8c4b-04eb39356ee0');
INSERT INTO `craft_entryversions` (`id`, `entryId`, `sectionId`, `creatorId`, `locale`, `num`, `notes`, `data`, `dateCreated`, `dateUpdated`, `uid`) VALUES ('12', '9', '5', '1', 'en_us', '7', '', '{\"typeId\":null,\"authorId\":null,\"title\":\"Contact\",\"slug\":\"contact\",\"postDate\":1447752700,\"expiryDate\":null,\"enabled\":1,\"fields\":{\"16\":\"<p>Hey<\\/p>\",\"14\":[\"10\"],\"4\":\"\",\"5\":\"\",\"6\":\"\",\"13\":[],\"7\":\"\",\"3\":\"\",\"8\":\"\"}}', '2015-11-17 09:46:40', '2015-11-17 09:46:40', '0b188ceb-5260-4f6d-9aad-e15beaec3269');
INSERT INTO `craft_entryversions` (`id`, `entryId`, `sectionId`, `creatorId`, `locale`, `num`, `notes`, `data`, `dateCreated`, `dateUpdated`, `uid`) VALUES ('13', '9', '5', '1', 'en_us', '8', '', '{\"typeId\":null,\"authorId\":null,\"title\":\"Contact\",\"slug\":\"contact\",\"postDate\":1447752700,\"expiryDate\":null,\"enabled\":1,\"fields\":{\"16\":\"\",\"14\":[\"10\"],\"4\":\"\",\"5\":\"\",\"6\":\"\",\"13\":[],\"7\":\"\",\"3\":\"\",\"8\":\"\"}}', '2015-11-17 09:47:04', '2015-11-17 09:47:04', '03befb6d-17c7-4b04-80ab-b0d55b20f755');
INSERT INTO `craft_entryversions` (`id`, `entryId`, `sectionId`, `creatorId`, `locale`, `num`, `notes`, `data`, `dateCreated`, `dateUpdated`, `uid`) VALUES ('14', '9', '5', '1', 'en_us', '9', '', '{\"typeId\":null,\"authorId\":null,\"title\":\"Contact\",\"slug\":\"contact\",\"postDate\":1447752700,\"expiryDate\":null,\"enabled\":1,\"fields\":{\"16\":\"\",\"14\":[\"10\"],\"4\":\"\",\"5\":\"\",\"6\":\"\",\"13\":[],\"7\":\"\",\"3\":\"\",\"8\":\"\"}}', '2015-11-17 09:48:04', '2015-11-17 09:48:04', '2e95dfe2-753e-4871-9cc9-04ffad571adc');
INSERT INTO `craft_entryversions` (`id`, `entryId`, `sectionId`, `creatorId`, `locale`, `num`, `notes`, `data`, `dateCreated`, `dateUpdated`, `uid`) VALUES ('15', '9', '5', '1', 'en_us', '10', '', '{\"typeId\":null,\"authorId\":null,\"title\":\"Contact\",\"slug\":\"contact\",\"postDate\":1447752700,\"expiryDate\":null,\"enabled\":1,\"fields\":{\"16\":\"\",\"14\":[\"10\"],\"4\":\"\",\"5\":\"\",\"6\":\"\",\"13\":[],\"7\":\"\",\"3\":\"\",\"8\":\"\"}}', '2015-11-17 09:50:06', '2015-11-17 09:50:06', '82609118-78e3-49ad-9b5a-9fbcfd4ca881');
INSERT INTO `craft_entryversions` (`id`, `entryId`, `sectionId`, `creatorId`, `locale`, `num`, `notes`, `data`, `dateCreated`, `dateUpdated`, `uid`) VALUES ('16', '9', '5', '1', 'en_us', '11', '', '{\"typeId\":null,\"authorId\":null,\"title\":\"Contact\",\"slug\":\"contact\",\"postDate\":1447752700,\"expiryDate\":null,\"enabled\":1,\"fields\":{\"16\":\"\",\"14\":[\"10\"],\"4\":\"\",\"5\":\"\",\"6\":\"\",\"13\":[],\"7\":\"\",\"3\":\"\",\"8\":\"\"}}', '2015-11-17 09:50:29', '2015-11-17 09:50:29', '8a759ae6-7106-4578-9677-a63bcb4a68f5');
INSERT INTO `craft_entryversions` (`id`, `entryId`, `sectionId`, `creatorId`, `locale`, `num`, `notes`, `data`, `dateCreated`, `dateUpdated`, `uid`) VALUES ('17', '9', '5', '1', 'en_us', '12', '', '{\"typeId\":null,\"authorId\":null,\"title\":\"Contact\",\"slug\":\"contact\",\"postDate\":1447752700,\"expiryDate\":null,\"enabled\":1,\"fields\":{\"16\":\"<p><strong>Office Address:<\\/strong><\\/p><p><strong><\\/strong><\\/p><p>11, Babafemi Osoba Crescent <\\/p>\\r\\n\\r\\n<p> Off Admiralty Road, Lekki Phase 1, <\\/p>\\r\\n\\r\\n<p> P.O.Box 72250 Victoria Island, Lagos.<\\/p><p><strong><\\/strong><br><\\/p>\",\"14\":[\"10\"],\"4\":\"\",\"5\":\"\",\"6\":\"\",\"13\":[],\"7\":\"\",\"3\":\"\",\"8\":\"\"}}', '2015-11-17 09:51:16', '2015-11-17 09:51:16', '3a492344-afbf-426f-9f92-906900da58f9');
INSERT INTO `craft_entryversions` (`id`, `entryId`, `sectionId`, `creatorId`, `locale`, `num`, `notes`, `data`, `dateCreated`, `dateUpdated`, `uid`) VALUES ('18', '9', '5', '1', 'en_us', '13', '', '{\"typeId\":null,\"authorId\":null,\"title\":\"Contact\",\"slug\":\"contact\",\"postDate\":1447752700,\"expiryDate\":null,\"enabled\":1,\"fields\":{\"16\":\"<p><strong>Office Address:<\\/strong><\\/p>\\r\\n\\r\\n<p><strong><\\/strong><\\/p>\\r\\n\\r\\n<p>11, Babafemi Osoba Crescent <\\/p>\\r\\n\\r\\n<p> Off Admiralty Road, Lekki Phase 1, <\\/p>\\r\\n\\r\\n\\r\\n\\r\\n<p> P.O.Box 72250 Victoria Island, Lagos.<\\/p>\\r\\n\\r\\n<p><strong><\\/strong><br><\\/p>\",\"14\":[\"10\"],\"4\":\"\",\"5\":\"\",\"6\":\"\",\"13\":[],\"7\":\"\",\"3\":\"\",\"8\":\"\"}}', '2015-11-17 09:52:51', '2015-11-17 09:52:51', '8d0a88a9-0f4e-47c9-a6f8-f7861db47ab2');
INSERT INTO `craft_entryversions` (`id`, `entryId`, `sectionId`, `creatorId`, `locale`, `num`, `notes`, `data`, `dateCreated`, `dateUpdated`, `uid`) VALUES ('19', '9', '5', '1', 'en_us', '14', '', '{\"typeId\":null,\"authorId\":null,\"title\":\"Contact\",\"slug\":\"contact\",\"postDate\":1447752700,\"expiryDate\":null,\"enabled\":1,\"fields\":{\"1\":\"\",\"14\":[\"10\"],\"4\":\"\",\"5\":\"\",\"6\":\"\",\"13\":[],\"7\":\"\",\"3\":\"\",\"8\":\"\"}}', '2015-11-17 09:53:48', '2015-11-17 09:53:48', '32bd976e-5a42-486e-8208-7545ffdf6814');
INSERT INTO `craft_entryversions` (`id`, `entryId`, `sectionId`, `creatorId`, `locale`, `num`, `notes`, `data`, `dateCreated`, `dateUpdated`, `uid`) VALUES ('20', '9', '5', '1', 'en_us', '15', '', '{\"typeId\":null,\"authorId\":null,\"title\":\"Contact\",\"slug\":\"contact\",\"postDate\":1447752700,\"expiryDate\":null,\"enabled\":1,\"fields\":{\"1\":\"<p>Office Address:<\\/p>\\r\\n\\r\\n<p> 11, Babafemi Osoba Crescent <\\/p>\\r\\n\\r\\n<p> Off Admiralty Road, Lekki Phase 1, <\\/p>\\r\\n\\r\\n<p> P.O.Box 72250 Victoria Island, Lagos.<\\/p>\\r\\n\\r\\n\\r\\n\\r\\n\\r\\n\\r\\n<p> T: +234 (0)1 899 0764, +234 (0) 1 899 0765 <\\/p>\\r\\n\\r\\n<p> E: info@gbc-law.com<\\/p>\",\"14\":[\"10\"],\"4\":\"\",\"5\":\"\",\"6\":\"\",\"13\":[],\"7\":\"\",\"3\":\"\",\"8\":\"\"}}', '2015-11-17 09:54:25', '2015-11-17 09:54:25', '00d391db-9942-440b-98d6-8af3e4715312');
INSERT INTO `craft_entryversions` (`id`, `entryId`, `sectionId`, `creatorId`, `locale`, `num`, `notes`, `data`, `dateCreated`, `dateUpdated`, `uid`) VALUES ('21', '9', '5', '1', 'en_us', '16', '', '{\"typeId\":null,\"authorId\":null,\"title\":\"Contact\",\"slug\":\"contact\",\"postDate\":1447752700,\"expiryDate\":null,\"enabled\":1,\"fields\":{\"1\":\"<p>Office Address:<\\/p>\\r\\n\\r\\n<p> 11, Babafemi Osoba Crescent <\\/p>\\r\\n\\r\\n<p> Off Admiralty Road, Lekki Phase 1, <\\/p>\\r\\n\\r\\n<p> P.O.Box 72250 Victoria Island, Lagos.<\\/p>\\r\\n\\r\\n\\r\\n\\r\\n\\r\\n\\r\\n<p> T: +234 (0)1 899 0764, +234 (0) 1 899 0765 <\\/p>\\r\\n\\r\\n<p> E: info@gbc-law.com<\\/p>\",\"14\":[\"10\"],\"4\":\"\",\"5\":\"\",\"6\":\"\",\"13\":[],\"7\":\"\",\"3\":\"\",\"8\":\"\"}}', '2015-11-17 09:54:44', '2015-11-17 09:54:44', 'b5a0f881-1bb7-4651-a3c8-f29e4c76851d');
INSERT INTO `craft_entryversions` (`id`, `entryId`, `sectionId`, `creatorId`, `locale`, `num`, `notes`, `data`, `dateCreated`, `dateUpdated`, `uid`) VALUES ('22', '9', '5', '1', 'en_us', '17', '', '{\"typeId\":null,\"authorId\":null,\"title\":\"Contact\",\"slug\":\"contact\",\"postDate\":1447752700,\"expiryDate\":null,\"enabled\":1,\"fields\":{\"1\":\"<p>Office Address:<\\/p>\\r\\n\\r\\n<p> 11, Babafemi Osoba Crescent <\\/p>\\r\\n\\r\\n\\r\\n\\r\\n<p> Off Admiralty Road, Lekki Phase 1, <\\/p>\\r\\n\\r\\n\\r\\n\\r\\n<p> P.O.Box 72250 Victoria Island, Lagos.<\\/p>\\r\\n\\r\\n\\r\\n\\r\\n\\r\\n\\r\\n\\r\\n\\r\\n<p> T: +234 (0)1 899 0764, +234 (0) 1 899 0765 <\\/p>\\r\\n\\r\\n\\r\\n\\r\\n<p> E: info@gbc-law.com<\\/p>\",\"14\":[\"10\"],\"4\":\"\",\"5\":\"\",\"6\":\"\",\"13\":[],\"7\":\"\",\"3\":\"\",\"8\":\"\"}}', '2015-11-17 09:54:59', '2015-11-17 09:54:59', 'b58dbeb1-1606-463e-be10-9e1cb2635f24');
INSERT INTO `craft_entryversions` (`id`, `entryId`, `sectionId`, `creatorId`, `locale`, `num`, `notes`, `data`, `dateCreated`, `dateUpdated`, `uid`) VALUES ('34', '6', '4', '1', 'en_us', '5', '', '{\"typeId\":null,\"authorId\":null,\"title\":\"Careers\",\"slug\":\"careers\",\"postDate\":1447750171,\"expiryDate\":null,\"enabled\":1,\"fields\":{\"16\":\"<h3 class=\\\"omega text-serif text-light\\\">\\r\\n\\tWe believe that the key to our success is not only the knowledge of our client\\u2019s industry and our general commercial awareness, but our interest in recruiting highly capable individuals and providing a very conducive environment to nurture their ambitions to reach for the top.\\r\\n<\\/h3>\\r\\n\\r\\n<p class=\\\"text-sans\\\">\\r\\n\\tWe are constantly looking for individuals who are highly capable and motivated to meet the challenges of a growing industry. if you meet this criteria, please email your resume to careers@gbc-law.com \\r\\n<\\/p>\",\"14\":[\"7\"],\"4\":\"\",\"5\":\"\",\"6\":\"\",\"13\":[],\"7\":\"\",\"3\":\"\",\"8\":\"\"}}', '2015-11-17 10:24:01', '2015-11-17 10:24:01', 'a0afe42d-7275-4df0-81c7-d17608084008');
INSERT INTO `craft_entryversions` (`id`, `entryId`, `sectionId`, `creatorId`, `locale`, `num`, `notes`, `data`, `dateCreated`, `dateUpdated`, `uid`) VALUES ('35', '6', '4', '1', 'en_us', '6', '', '{\"typeId\":null,\"authorId\":null,\"title\":\"Careers\",\"slug\":\"careers\",\"postDate\":1447750171,\"expiryDate\":null,\"enabled\":1,\"fields\":{\"16\":\"<h3 class=\\\"omega text-serif text-light\\\">\\r\\n\\tWe believe that the key to our success is not only the knowledge of our client\\u2019s industry and our general commercial awareness, but our interest in recruiting highly capable individuals and providing a very conducive environment to nurture their ambitions to reach for the top.\\r\\n<\\/h3>\\r\\n\\r\\n<p class=\\\"text-sans\\\">\\r\\n\\tWe are constantly looking for individuals who are highly capable and motivated to meet the challenges of a growing industry. if you meet this criteria, please email your resume to careers@gbc-law.com \\r\\n<\\/p>\",\"14\":[\"7\"],\"4\":\"\",\"5\":\"\",\"6\":\"\",\"13\":[],\"7\":\"\",\"3\":\"\",\"8\":\"\"}}', '2015-11-17 10:24:10', '2015-11-17 10:24:10', 'eaeae069-41ca-4481-b0ea-f5f413e8f1c3');
INSERT INTO `craft_entryversions` (`id`, `entryId`, `sectionId`, `creatorId`, `locale`, `num`, `notes`, `data`, `dateCreated`, `dateUpdated`, `uid`) VALUES ('62', '21', '8', '1', 'en_us', '1', NULL, '{\"typeId\":\"10\",\"authorId\":null,\"title\":\"About GBC\",\"slug\":\"about-gbc\",\"postDate\":1447762193,\"expiryDate\":null,\"enabled\":1,\"fields\":[]}', '2015-11-17 12:09:53', '2015-11-17 12:09:53', '4842064e-c86d-4c27-9c45-b67a82f13338');
INSERT INTO `craft_entryversions` (`id`, `entryId`, `sectionId`, `creatorId`, `locale`, `num`, `notes`, `data`, `dateCreated`, `dateUpdated`, `uid`) VALUES ('63', '21', '8', '1', 'en_us', '2', '', '{\"typeId\":null,\"authorId\":null,\"title\":\"About GBC\",\"slug\":\"about-gbc\",\"postDate\":1447762193,\"expiryDate\":null,\"enabled\":1,\"fields\":{\"9\":\"<h3>Gbenga Biobaku & Co. (GBC) is a leading law firm in Nigeria with primary practice in the business scene.<\\/h3>\\r\\n\\r\\n<p>For over 20years, our Firm has demonstrated its expertise in handling challenging assignments for the most interesting clients. We have achieved extraordinary results with a team of intensely focused members with a focus on solving our clients\' most important problems.<\\/p>\\r\\n\\r\\n<p>Building strong client relationships is the compass of our business strategy. With diverse experience and exceptional professionals, we have continually delivered quality to our clients through innovative legal solutions.<\\/p>\\r\\n\\r\\n<p>Our clients range from multinationals, oil & energy firms, financial institutions and emerging companies. We also advise governments and public bodies.<\\/p>\",\"10\":\"\",\"17\":\"\",\"14\":[],\"4\":\"\",\"5\":\"\",\"6\":\"\",\"13\":[],\"7\":\"\",\"3\":\"\",\"8\":\"\",\"15\":[]}}', '2015-11-17 12:11:30', '2015-11-17 12:11:30', '5ae3c0af-6fa7-4b5e-996a-992eb105cc9d');
INSERT INTO `craft_entryversions` (`id`, `entryId`, `sectionId`, `creatorId`, `locale`, `num`, `notes`, `data`, `dateCreated`, `dateUpdated`, `uid`) VALUES ('64', '22', '7', '1', 'en_us', '1', '', '{\"typeId\":null,\"authorId\":\"1\",\"title\":\"Gbenga Biobaku\",\"slug\":\"gbenga-biobaku\",\"postDate\":1447762817,\"expiryDate\":null,\"enabled\":1,\"fields\":{\"24\":[{\"col1\":\"\"}],\"20\":[{\"col1\":\"University of Ife (LLB); 1986\"},{\"col1\":\"Nigerian Bar Association 1987\"}],\"21\":[{\"col1\":\"Foreign Investments\"},{\"col1\":\"Joint Ventures\"},{\"col1\":\"Acquisitions & Disposals\"},{\"col1\":\"Corporate Restructuring\"},{\"col1\":\"Project Development & Finance\"}],\"14\":[\"12\"],\"19\":\"<p>Gbenga has over 2 decades of legal practice experience in corporate \\/ commercial law predominantly in the Oil and Gas Industry. Previously at Jackson, Etti & Edu, where he was the head of the energy & corporate department for over 5 years. Prior to joining Jackson, Etti & Edu, Gbenga was a member of the energy and corporate\\/commercial practice group at Irving and Bonnar, Nigeria\\u2019s oldest law firm. Whilst at Irving & Bonnar, Gbenga worked on a variety of energy, corporate and commercial transactions for both domestic and international clients.<\\/p>\",\"22\":[{\"col1\":\"Nigerian Bar Association\"},{\"col1\":\"Energy & Natural Resources Section (SERL) of the International Bar Association\"},{\"col1\":\"Association of International Petroleum Negotiators(\\\"AIPN\\\")\"}],\"18\":\"Managing Partner\",\"23\":[{\"col1\":\"Advising a multinational exploration and production company in relation to a proposed LNG Project in the Niger-Delta region of Nigeria.\"},{\"col1\":\"Advising on the $785 Million Oso Field Development Project jointly owned by Mobil Producing Nigeria Unlimited and the Nigerian National Petroleum Corporation (NNPC), and partly financed by equity from the sponsors, and debt capital from international institutions, such as, the World Bank, International Finance Corporation (IFC), US Export Import Bank, Japan Export Import Bank and the European Investment Bank.\"},{\"col1\":\"Advising and negotiating the project financing, documentation and designing of the investment vehicle of the US$810million Oso-NGL Project, a gas utilisation project, which was sequel to the Oso-Field Development Project, and partly financed by equity from the sponsors and debt capital by a number of institutional investors in the United States and Europe.\"},{\"col1\":\"Advising the Norwegian Exploration & Production Company, Statoil, in respect of several Production Sharing Contracts with the Nigerian National Petroleum Corporation (NNPC), and assisting with the negotiation.\"},{\"col1\":\"Advising an international oil company in its bid for an oil block in the Nigeria\\/Sao Tome and Principe JDZ 2003 Licensing Round and conducting a detailed analysis of the Treaty and the petroleum, fiscal and contractual regime.\"},{\"col1\":\"Advising Sonatrach, the Algerian state oil company in connection with its bid for an oil block in the 2005 Licensing Round and providing advice on the bidding regulations as well as detailed analysis of the petroleum, fiscal and contractual regime.\"},{\"col1\":\"In collaboration with lawyers in a UK law firm, acting for and advising a group of International Banks on aspects of the financing of the Eleme Petrochemical Plant.\"},{\"col1\":\"Advising Statoil on the establishment of several subsidiary companies in Nigeria, including processing and obtaining of all pre-investment and regulatory approvals.\"},{\"col1\":\"Advising and assisting Consolidated Petroleum PTY, a South African Company on the farm-in arrangements into a marginal field including the drafting and review of the transaction documents including the Purchase Agreement, Farm-in Agreement, Joint Operating Agreement and the Deed of Assignment.\"},{\"col1\":\"Advising on several acquisitions and mergers, involving oil service companies, including the acquisition by Baker Hughes of a minority interest in a Nigerian Oil Service Company.\"},{\"col1\":\"Advising Baker Hughes on all legal aspects of the construction and development of a major facility in Port Harcourt, from negotiation of the long lease for the property to negotiating and rendering advise on the construction contract, advising on Town Planning regulatory issues as well as Environmental issues, and undertaking the registration and perfection of the long lease.\"},{\"col1\":\"Advising Skye Bank Plc in relation to a USD75million syndicated petroleum products receivables pre-financing facility.\"},{\"col1\":\"Advising TABA Nigeria Limited in respect of an Engineering Procurement and Construction (\\u201cEPC\\u201d) contract with NNPC relating to a power plant and advising and assisting with the structuring and documentation of the various subcontracting and the financing arrangements.\"},{\"col1\":\"Advising and assisting a private investor in connection with a joint venture arrangement with the Government of Ondo State of Nigeria, involving the privatization of the Ondo State Afforestation Project which was initially funded by the African Development Bank.\"},{\"col1\":\"Advising on the Merger between the Nigerian subsidiaries of SmithKline Beecham and Sterling Products.\"},{\"col1\":\"Conducted legal due diligence and advised Capital Alliance, a foremost international private equity firm in a $15million USD private equity investment in a leading cash-in-transit company in Nigeria.\"},{\"col1\":\"Advising Skye Bank Plc in connection with the negotiation of a trade finance facility from African Export \\u2013 Import Bank (\\u201cAfrexim\\u201d)\"},{\"col1\":\"Advising and assisting a private investor in connection with the acquisition of Iwopin Pulp and Paper Company from the Bureau of Public Enterprises (\\u201cBPE\\u201d) \\/ Federal Government of Nigeria.\"},{\"col1\":\"Advising Inlaks Plc, a Conglomerate at that time, on the separation and corporatisation of some of its division.\"},{\"col1\":\"Advising a leading Aluminum Company in Nigeria on a Scheme of Arrangement involving the Parent Company and a subsidiary.\"}],\"4\":\"\",\"5\":\"\",\"6\":\"\",\"13\":[],\"7\":\"\",\"3\":\"\",\"8\":\"\",\"15\":[\"11\"]}}', '2015-11-17 12:20:17', '2015-11-17 12:20:17', 'a2899490-74d0-4bed-bffd-878c347b53de');
INSERT INTO `craft_entryversions` (`id`, `entryId`, `sectionId`, `creatorId`, `locale`, `num`, `notes`, `data`, `dateCreated`, `dateUpdated`, `uid`) VALUES ('65', '21', '8', '1', 'en_us', '3', '', '{\"typeId\":null,\"authorId\":null,\"title\":\"About\",\"slug\":\"about-gbc\",\"postDate\":1447762193,\"expiryDate\":null,\"enabled\":1,\"fields\":{\"9\":\"<h3>Gbenga Biobaku & Co. (GBC) is a leading law firm in Nigeria with primary practice in the business scene.<\\/h3>\\r\\n\\r\\n<p>For over 20years, our Firm has demonstrated its expertise in handling challenging assignments for the most interesting clients. We have achieved extraordinary results with a team of intensely focused members with a focus on solving our clients\' most important problems.<\\/p>\\r\\n\\r\\n\\r\\n\\r\\n<p>Building strong client relationships is the compass of our business strategy. With diverse experience and exceptional professionals, we have continually delivered quality to our clients through innovative legal solutions.<\\/p>\\r\\n\\r\\n\\r\\n\\r\\n<p>Our clients range from multinationals, oil & energy firms, financial institutions and emerging companies. We also advise governments and public bodies.<\\/p>\",\"10\":\"\",\"17\":\"\",\"14\":[],\"4\":\"\",\"5\":\"\",\"6\":\"\",\"13\":[],\"7\":\"\",\"3\":\"\",\"8\":\"\",\"15\":[]}}', '2015-11-17 12:40:01', '2015-11-17 12:40:01', 'ebbf20b2-6301-44c8-ac13-d74d01fa2b4c');
INSERT INTO `craft_entryversions` (`id`, `entryId`, `sectionId`, `creatorId`, `locale`, `num`, `notes`, `data`, `dateCreated`, `dateUpdated`, `uid`) VALUES ('66', '24', '7', '1', 'en_us', '1', '', '{\"typeId\":null,\"authorId\":\"1\",\"title\":\"Nkoyo Rapu\",\"slug\":\"nkoyo-rapu\",\"postDate\":1447764753,\"expiryDate\":null,\"enabled\":1,\"fields\":{\"24\":[{\"col1\":\"\"}],\"20\":[{\"col1\":\"\"}],\"21\":[{\"col1\":\"\"}],\"14\":[],\"19\":\"\",\"22\":[{\"col1\":\"\"}],\"18\":\"Of Counsel\",\"23\":[{\"col1\":\"\"}],\"4\":\"\",\"5\":\"\",\"6\":\"\",\"13\":[],\"7\":\"\",\"3\":\"\",\"8\":\"\",\"15\":[\"23\"]}}', '2015-11-17 12:52:33', '2015-11-17 12:52:33', 'd5d06033-d5a2-4640-8885-9d3e77c42cf9');
INSERT INTO `craft_entryversions` (`id`, `entryId`, `sectionId`, `creatorId`, `locale`, `num`, `notes`, `data`, `dateCreated`, `dateUpdated`, `uid`) VALUES ('67', '24', '7', '1', 'en_us', '2', '', '{\"typeId\":\"9\",\"authorId\":\"1\",\"title\":\"Nkoyo Rapu\",\"slug\":\"nkoyo-rapu\",\"postDate\":1447764720,\"expiryDate\":null,\"enabled\":1,\"fields\":{\"24\":\"\",\"20\":\"\",\"21\":\"\",\"14\":[],\"19\":\"\",\"22\":\"\",\"18\":\"Of Counsel\",\"23\":\"\",\"4\":\"\",\"5\":\"\",\"6\":\"\",\"13\":[],\"7\":\"\",\"3\":\"\",\"8\":\"\",\"15\":[\"23\"]}}', '2015-11-17 13:02:51', '2015-11-17 13:02:51', '9dd84e7d-361b-479e-84ea-76101df35410');
INSERT INTO `craft_entryversions` (`id`, `entryId`, `sectionId`, `creatorId`, `locale`, `num`, `notes`, `data`, `dateCreated`, `dateUpdated`, `uid`) VALUES ('68', '25', '9', '1', 'en_us', '1', NULL, '{\"typeId\":\"11\",\"authorId\":null,\"title\":\"Expertise\",\"slug\":\"expertise\",\"postDate\":1447766113,\"expiryDate\":null,\"enabled\":1,\"fields\":[]}', '2015-11-17 13:15:13', '2015-11-17 13:15:13', '9b937932-ba4d-46ef-a6af-4ca50dc2bb5b');
INSERT INTO `craft_entryversions` (`id`, `entryId`, `sectionId`, `creatorId`, `locale`, `num`, `notes`, `data`, `dateCreated`, `dateUpdated`, `uid`) VALUES ('69', '25', '9', '1', 'en_us', '2', '', '{\"typeId\":null,\"authorId\":null,\"title\":\"Expertise\",\"slug\":\"expertise\",\"postDate\":1447766113,\"expiryDate\":null,\"enabled\":1,\"fields\":{\"26\":\"\",\"19\":\"<p>Gbenga Biobaku & Co. is a leading provider of business driven legal services. With a team with vast and varied experience in the legal and business space, our services continue to improve the way legal, compliance and business is being done in Nigerian.<\\/p>\",\"29\":\"\",\"30\":\"\",\"4\":\"\",\"5\":\"\",\"6\":\"\",\"13\":[],\"7\":\"\",\"3\":\"\",\"8\":\"\"}}', '2015-11-17 13:16:41', '2015-11-17 13:16:41', '5dd70dde-a761-4e4c-be81-ce1dc815be2c');
INSERT INTO `craft_entryversions` (`id`, `entryId`, `sectionId`, `creatorId`, `locale`, `num`, `notes`, `data`, `dateCreated`, `dateUpdated`, `uid`) VALUES ('70', '25', '9', '1', 'en_us', '3', '', '{\"typeId\":null,\"authorId\":null,\"title\":\"Expertise\",\"slug\":\"expertise\",\"postDate\":1447766113,\"expiryDate\":null,\"enabled\":1,\"fields\":{\"26\":\"\",\"19\":\"<p>Gbenga Biobaku & Co. is a leading provider of business driven legal services. With a team with vast and varied experience in the legal and business space, our services continue to improve the way legal, compliance and business is being done in Nigerian.<\\/p>\",\"29\":\"\",\"30\":\"<p>Our experience in the Nigerian Oil & Gas and Financial sectors is vast and varied. We have successfully advised firms, financial institutions, energy conglomerates and multinationals on several projections and transactions.<\\/p><p>Below are some relevant experiences garnered over the years.<\\/p>\",\"4\":\"\",\"5\":\"\",\"6\":\"\",\"13\":[],\"7\":\"\",\"3\":\"\",\"8\":\"\"}}', '2015-11-17 13:17:22', '2015-11-17 13:17:22', 'c6c27c07-985b-495f-a97d-bbf24c2909e3');
INSERT INTO `craft_entryversions` (`id`, `entryId`, `sectionId`, `creatorId`, `locale`, `num`, `notes`, `data`, `dateCreated`, `dateUpdated`, `uid`) VALUES ('71', '25', '9', '1', 'en_us', '4', '', '{\"typeId\":null,\"authorId\":null,\"title\":\"Expertise\",\"slug\":\"expertise\",\"postDate\":1447766113,\"expiryDate\":null,\"enabled\":1,\"fields\":{\"26\":\"\",\"19\":\"<p>Gbenga Biobaku & Co. is a leading provider of business driven legal services. With a team with vast and varied experience in the legal and business space, our services continue to improve the way legal, compliance and business is being done in Nigerian.<\\/p>\",\"29\":\"\",\"30\":\"<p>Our experience in the Nigerian Oil & Gas and Financial sectors is vast and varied. We have successfully advised firms, financial institutions, energy conglomerates and multinationals on several projections and transactions.<\\/p>\\r\\n\\r\\n<p>Below are some relevant experiences garnered over the years.<\\/p>\",\"4\":\"\",\"5\":\"\",\"6\":\"\",\"13\":[],\"7\":\"\",\"3\":\"\",\"8\":\"\"}}', '2015-11-17 13:20:25', '2015-11-17 13:20:25', 'c04a8fb7-2cdc-4362-be15-bee5399ec523');
INSERT INTO `craft_entryversions` (`id`, `entryId`, `sectionId`, `creatorId`, `locale`, `num`, `notes`, `data`, `dateCreated`, `dateUpdated`, `uid`) VALUES ('72', '25', '9', '1', 'en_us', '5', '', '{\"typeId\":null,\"authorId\":null,\"title\":\"Expertise\",\"slug\":\"expertise\",\"postDate\":1447766113,\"expiryDate\":null,\"enabled\":1,\"fields\":{\"26\":\"\",\"19\":\"<p>Gbenga Biobaku & Co. is a leading provider of business driven legal services. With a team with vast and varied experience in the legal and business space, our services continue to improve the way legal, compliance and business is being done in Nigerian.<\\/p>\",\"29\":[{\"col1\":\"Advising on the $785 Million Oso Field Development Project jointly owned by Mobil Producing Nigeria Unlimited and the Nigerian National Petroleum Corporation (NNPC), and partly financed by equity from the sponsors, and debt capital from international institutions, such as, the World Bank, International Finance Corporation (IFC), US Export Import Bank, Japan Export Import Bank and the European Investment Bank\"}],\"30\":\"<p>Our experience in the Nigerian Oil & Gas and Financial sectors is vast and varied. We have successfully advised firms, financial institutions, energy conglomerates and multinationals on several projections and transactions.<\\/p>\\r\\n\\r\\n<p>Below are some relevant experiences garnered over the years.<\\/p>\",\"4\":\"\",\"5\":\"\",\"6\":\"\",\"13\":[],\"7\":\"\",\"3\":\"\",\"8\":\"\"}}', '2015-11-17 13:24:53', '2015-11-17 13:24:53', '430dc00b-7c0a-4e3e-911f-de5b7a94351b');
INSERT INTO `craft_entryversions` (`id`, `entryId`, `sectionId`, `creatorId`, `locale`, `num`, `notes`, `data`, `dateCreated`, `dateUpdated`, `uid`) VALUES ('73', '25', '9', '1', 'en_us', '6', '', '{\"typeId\":null,\"authorId\":null,\"title\":\"Expertise\",\"slug\":\"expertise\",\"postDate\":1447766113,\"expiryDate\":null,\"enabled\":1,\"fields\":{\"26\":\"\",\"19\":\"<p>Gbenga Biobaku & Co. is a leading provider of business driven legal services. With a team with vast and varied experience in the legal and business space, our services continue to improve the way legal, compliance and business is being done in Nigerian.<\\/p>\",\"29\":[{\"col1\":\"Advising on the $785 Million Oso Field Development Project jointly owned by Mobil Producing Nigeria Unlimited and the Nigerian National Petroleum Corporation (NNPC), and partly financed by equity from the sponsors, and debt capital from international institutions, such as, the World Bank, International Finance Corporation (IFC), US Export Import Bank, Japan Export Import Bank and the European Investment Bank\"},{\"col1\":\"\"},{\"col1\":\"Advising and negotiating the project financing, documentation and designing of the investment vehicle of the US$810million Oso-NGL Project, a gas utilisation project, which was sequel to the Oso-Field Development Project, and partly financed by equity from the sponsors and debt capital by a number of institutional investors in the United States and Europe.\"}],\"30\":\"<p>Our experience in the Nigerian Oil & Gas and Financial sectors is vast and varied. We have successfully advised firms, financial institutions, energy conglomerates and multinationals on several projections and transactions.<\\/p>\\r\\n\\r\\n<p>Below are some relevant experiences garnered over the years.<\\/p>\",\"4\":\"\",\"5\":\"\",\"6\":\"\",\"13\":[],\"7\":\"\",\"3\":\"\",\"8\":\"\"}}', '2015-11-17 13:27:42', '2015-11-17 13:27:42', '6d62dc02-c0ba-4ae2-84f7-264750c71778');
INSERT INTO `craft_entryversions` (`id`, `entryId`, `sectionId`, `creatorId`, `locale`, `num`, `notes`, `data`, `dateCreated`, `dateUpdated`, `uid`) VALUES ('74', '25', '9', '1', 'en_us', '7', '', '{\"typeId\":null,\"authorId\":null,\"title\":\"Expertise\",\"slug\":\"expertise\",\"postDate\":1447766113,\"expiryDate\":null,\"enabled\":1,\"fields\":{\"26\":\"\",\"19\":\"<p>Gbenga Biobaku & Co. is a leading provider of business driven legal services. With a team with vast and varied experience in the legal and business space, our services continue to improve the way legal, compliance and business is being done in Nigerian.<\\/p>\",\"29\":[{\"col1\":\"Advising on the $785 Million Oso Field Development Project jointly owned by Mobil Producing Nigeria Unlimited and the Nigerian National Petroleum Corporation (NNPC), and partly financed by equity from the sponsors, and debt capital from international institutions, such as, the World Bank, International Finance Corporation (IFC), US Export Import Bank, Japan Export Import Bank and the European Investment Bank\"},{\"col1\":\"\"},{\"col1\":\"Advising and negotiating the project financing, documentation and designing of the investment vehicle of the US$810million Oso-NGL Project, a gas utilisation project, which was sequel to the Oso-Field Development Project, and partly financed by equity from the sponsors and debt capital by a number of institutional investors in the United States and Europe.\"},{\"col1\":\"Advising and negotiating the project financing, documentation and designing of the investment vehicle of the US$810million Oso-NGL Project, a gas utilisation project, which was sequel to the Oso-Field Development Project, and partly financed by equity from the sponsors and debt capital by a number of institutional investors in the United States and Europe.\"}],\"30\":\"<p>Our experience in the Nigerian Oil & Gas and Financial sectors is vast and varied. We have successfully advised firms, financial institutions, energy conglomerates and multinationals on several projections and transactions.<\\/p>\\r\\n\\r\\n<p>Below are some relevant experiences garnered over the years.<\\/p>\",\"4\":\"\",\"5\":\"\",\"6\":\"\",\"13\":[],\"7\":\"\",\"3\":\"\",\"8\":\"\"}}', '2015-11-17 13:27:58', '2015-11-17 13:27:58', '23957d97-21a7-4530-8226-f07547ff7a46');
INSERT INTO `craft_entryversions` (`id`, `entryId`, `sectionId`, `creatorId`, `locale`, `num`, `notes`, `data`, `dateCreated`, `dateUpdated`, `uid`) VALUES ('75', '25', '9', '1', 'en_us', '8', '', '{\"typeId\":null,\"authorId\":null,\"title\":\"Expertise\",\"slug\":\"expertise\",\"postDate\":1447766113,\"expiryDate\":null,\"enabled\":1,\"fields\":{\"26\":{\"new1\":{\"type\":\"expertise\",\"enabled\":\"1\",\"fields\":{\"exTitle\":\"asdfasdf\",\"exContent\":\"<p>adsfasfd<\\/p>\",\"exAreasOfInterest\":\"asdfasdf\"}}},\"19\":\"<p>Gbenga Biobaku & Co. is a leading provider of business driven legal services. With a team with vast and varied experience in the legal and business space, our services continue to improve the way legal, compliance and business is being done in Nigerian.<\\/p>\",\"29\":[{\"col1\":\"Advising on the $785 Million Oso Field Development Project jointly owned by Mobil Producing Nigeria Unlimited and the Nigerian National Petroleum Corporation (NNPC), and partly financed by equity from the sponsors, and debt capital from international institutions, such as, the World Bank, International Finance Corporation (IFC), US Export Import Bank, Japan Export Import Bank and the European Investment Bank\"},{\"col1\":\"\"},{\"col1\":\"Advising and negotiating the project financing, documentation and designing of the investment vehicle of the US$810million Oso-NGL Project, a gas utilisation project, which was sequel to the Oso-Field Development Project, and partly financed by equity from the sponsors and debt capital by a number of institutional investors in the United States and Europe.\"},{\"col1\":\"Advising and negotiating the project financing, documentation and designing of the investment vehicle of the US$810million Oso-NGL Project, a gas utilisation project, which was sequel to the Oso-Field Development Project, and partly financed by equity from the sponsors and debt capital by a number of institutional investors in the United States and Europe.\"}],\"30\":\"<p>Our experience in the Nigerian Oil & Gas and Financial sectors is vast and varied. We have successfully advised firms, financial institutions, energy conglomerates and multinationals on several projections and transactions.<\\/p>\\r\\n\\r\\n<p>Below are some relevant experiences garnered over the years.<\\/p>\",\"4\":\"\",\"5\":\"\",\"6\":\"\",\"13\":[],\"7\":\"\",\"3\":\"\",\"8\":\"\"}}', '2015-11-17 13:36:16', '2015-11-17 13:36:16', '7c670474-b401-476c-be03-626ca1af5aa7');
INSERT INTO `craft_entryversions` (`id`, `entryId`, `sectionId`, `creatorId`, `locale`, `num`, `notes`, `data`, `dateCreated`, `dateUpdated`, `uid`) VALUES ('76', '25', '9', '1', 'en_us', '9', '', '{\"typeId\":null,\"authorId\":null,\"title\":\"Expertise\",\"slug\":\"expertise\",\"postDate\":1447766113,\"expiryDate\":null,\"enabled\":1,\"fields\":{\"26\":{\"26\":{\"type\":\"expertise\",\"enabled\":\"1\",\"fields\":{\"exTitle\":\"Energy & Projects\",\"exContent\":\"<p>Gbenga Biobaku & Co. has developed an extensive Energy Project Development practice, representing parties on both sides of the spectrum. Our expertise encompasses the oil and gas, power, mining and infrastructure sectors of the Nigerian economy.<\\/p><p><br>As counsel to some major and developing energy players, GBC project scope has covered securing foreign investment, project financing transactions, advisory, federal regulatory approvals, operations and maintenance contracts, site acquisitions and other related corporate and commercial transactions.<br><br><\\/p><p>With the recent divestments and local participation law and the influx of foreign investment in the Nigerian Oil and Gas industry, GBC has been recognized for its ability to prescribe working business modules, and joint venture arrangements that ensures return on investment (ROI) for investors and the protection and sustainability of its indigenous clients.<\\/p><p><br>Our team has substantial experience in advising foreign and indigenous investors in Nigeria on energy projects financing. We also provide the necessary framework for obtaining the necessary regulatory and business approval for doing business in the energy, mining and oil and gas sectors.<\\/p>\",\"exAreasOfInterest\":[{\"col1\":\"EMPLOYMENT + LABOUR\"},{\"col1\":\"ENVIRONMENT\"},{\"col1\":\"PROFESSIONAL LIABILITY\"},{\"col1\":\"DISPUTE RESOLUTION\"},{\"col1\":\"MEDIATION & ARBITRATION\"},{\"col1\":\"TRADE DISPUTES\"},{\"col1\":\"DEBT RECOVERY\"},{\"col1\":\"CORPORATE GOVERNANCE\"},{\"col1\":\"CONTRACTS\"},{\"col1\":\"SECURITIES LITIGATION\"}]}},\"new1\":{\"type\":\"expertise\",\"enabled\":\"1\",\"fields\":{\"exTitle\":\"General Corporate Commercial\",\"exContent\":\"<p>The GBC\\u2019s Corporate and Commercial Practice department represents a broad range of corporate and business interests. The group delivers responsive, innovative and practical legal solutions in diverse areas including: Mergers & Acquisitions, Capital Markets, Banking & Finance, Offshore acquisitions and investments, Trust Arrangements, Estate Planning, Private Equity & Venture Capital, Intellectual Property, Foreign Investments & Joint Ventures, Privatization & Infrastructure Developments, Telecommunications, Information Technology, Immigration, Commercial Property Development & Conveyancing, Taxation, Employment & Labor Relations, Aircraft & Ship Financing, Business Advisory & Company Secretarial Services<\\/p>\\r\\n\\r\\n\\r\\n\\r\\n<p>GBC runs the gamut of corporate and commercial law practice with the aim of providing a seamless service, integrating diverse clients\\u2019 business interests. Our work with our clients involves ensuring compliance with standard business practices and procedures and operation within the national and local laws applicable to their specific industry.<\\/p>\\r\\n\\r\\n\\r\\n\\r\\n\\r\\n\\r\\n<p>Additionally, we advice on finance and corporate decision making and act on behalf of public and private companies and partnerships in dealing with commercial transactions as well as advising on efficient business structures.<\\/p>\",\"exAreasOfInterest\":[{\"col1\":\"MERGERS & ACQUISITIONS\"},{\"col1\":\"CAPITAL MARKETS\"},{\"col1\":\"BANKING & FINANCE\"},{\"col1\":\"PRIVATIZATION & INFRASTRUCTURE\"},{\"col1\":\"BUSINESS ADVISORY \"},{\"col1\":\"INTERNATIONAL TRADE\"},{\"col1\":\"FOREIGN INVESTMENTS & JOINT VENTURES\"},{\"col1\":\"TELECOMMUNICATIONS\"},{\"col1\":\"INFORMATION TECHNOLOGY\"},{\"col1\":\"IMMIGRATION\"},{\"col1\":\"COMMERCIAL PROPERTY DEVELOPMENT & CONVEYANCING\"},{\"col1\":\"TAXATION\"},{\"col1\":\"EMPLOYMENT & LABOR RELATIONS\"},{\"col1\":\"AIRCRAFT & SHIP FINANCING\"},{\"col1\":\"BUSINESS ADVISORY & COMPANY SECRETARIAL SERVICES\"}]}},\"new2\":{\"type\":\"expertise\",\"enabled\":\"1\",\"fields\":{\"exTitle\":\"Litigation & Arbitration\",\"exContent\":\"<p>The GBC\\u2019s litigation and arbitration practice is handled by the seasoned Dispute Resolution Department which has the primary object of achieving quick and satisfactory results in disputes while reducing the effects of a long drawn out lawsuit. Commercial and financial disputes and litigations are often complex; the department appreciates the need to conduct commercial and other litigation matters with business expediency in view, in that regard, we ensure our litigation strategy is planned with the primary aim of securing the business objective and goals of our clients.<\\/p>\\r\\n\\r\\n\\r\\n\\r\\n<p>At Gbenga Biobaku & Co., we recognize that remedies in commercial and other disputes are not necessarily achieved by embarking on litigation. Consequently, we advise on the use of alternative dispute resolution (ADR) mediums including negotiation, conciliation, mediation and arbitration in deserving cases.<\\/p>\\r\\n\\r\\n\\r\\n\\r\\n\\r\\n\\r\\n<p>We have applied our expertise in litigation and different ADR methods with good results across industries relating to disputes arising from the oil and gas sector, claims for compensation, taxation, disputes arising from corporate governance, breach of contracts, employer\\/employee\\/industrial disputes, breach of fundamental rights claims, debt recovery, winding up of Companies, land disputes, claims for negligence, judicial review of executive actions, etc<\\/p>\",\"exAreasOfInterest\":[{\"col1\":\"EMPLOYMENT + LABOUR\"},{\"col1\":\"ENVIRONMENT\"},{\"col1\":\"PROFESSIONAL LIABILITY\"},{\"col1\":\"DISPUTE RESOLUTION\"},{\"col1\":\"MEDIATION & ARBITRATION\"},{\"col1\":\"TAXATION\"},{\"col1\":\"TRADE DISPUTES\"},{\"col1\":\"DEBT RECOVERY\"},{\"col1\":\"CORPORATE GOVERNANCE\"},{\"col1\":\"CONTRACTS\"},{\"col1\":\"SECURITIES LITIGATION\"}]}},\"new3\":{\"type\":\"expertise\",\"enabled\":\"1\",\"fields\":{\"exTitle\":\"Intellectual Property (IP)\",\"exContent\":\"<p>GBC provides legal services to its clients on issues stemming from Intellectual Property (\\u201cIP\\u201d). Our IP services include obtaining regulatory approval with the appropriate agencies such as the Ministry of Trade and Investment. We also render transactional and advisory services in issues regarding technology transfer contracts and registration of such contracts with the National Office for Technology Acquisition and Promotion (\\u201cNOTAP\\u201d).<\\/p>\\r\\n\\r\\n\\r\\n\\r\\n<p>With the tripled growth in the Nigerian economy in the last 10 years, new ideas and innovations are now being introduced into the nation\\u2019s business clime and these ideas and innovations have now become assets for various body corporates and Small-Medium enterprises. With this growth, ensuring the proper exploitation and protection of intellectual property (IP), whether it be patents, trade marks or designs, is a primary commercial objective.<\\/p>\\r\\n\\r\\n\\r\\n\\r\\n\\r\\n\\r\\n<p>We provide practical and commercial legal advice at every stage in the life and development of an intellectual property right, from creation and exploitation to protection and enforcement. In addition, we provide registration of IP rights such as Patents, Trademarks and Industrial designs, and obtaining necessary business approvals from NOTAP and the Ministry of Trade and Investments.<\\/p>\",\"exAreasOfInterest\":[{\"col1\":\"COPYRIGHT\"},{\"col1\":\"IP LITIGATION\"},{\"col1\":\"IP DUE DILIGENCE\"},{\"col1\":\"PATENTS & TRADEMARKS\"},{\"col1\":\"TECHNOLOGY TRANSACTIONS\"},{\"col1\":\"ANTITRUST LAW\"}]}}},\"19\":\"<p>Gbenga Biobaku & Co. is a leading provider of business driven legal services. With a team with vast and varied experience in the legal and business space, our services continue to improve the way legal, compliance and business is being done in Nigerian.<\\/p>\",\"29\":[{\"col1\":\"Advising on the $785 Million Oso Field Development Project jointly owned by Mobil Producing Nigeria Unlimited and the Nigerian National Petroleum Corporation (NNPC), and partly financed by equity from the sponsors, and debt capital from international institutions, such as, the World Bank, International Finance Corporation (IFC), US Export Import Bank, Japan Export Import Bank and the European Investment Bank\"},{\"col1\":\"\"},{\"col1\":\"Advising and negotiating the project financing, documentation and designing of the investment vehicle of the US$810million Oso-NGL Project, a gas utilisation project, which was sequel to the Oso-Field Development Project, and partly financed by equity from the sponsors and debt capital by a number of institutional investors in the United States and Europe.\"},{\"col1\":\"Advising and negotiating the project financing, documentation and designing of the investment vehicle of the US$810million Oso-NGL Project, a gas utilisation project, which was sequel to the Oso-Field Development Project, and partly financed by equity from the sponsors and debt capital by a number of institutional investors in the United States and Europe.\"}],\"30\":\"<p>Our experience in the Nigerian Oil & Gas and Financial sectors is vast and varied. We have successfully advised firms, financial institutions, energy conglomerates and multinationals on several projections and transactions.<\\/p>\\r\\n\\r\\n<p>Below are some relevant experiences garnered over the years.<\\/p>\",\"4\":\"\",\"5\":\"\",\"6\":\"\",\"13\":[],\"7\":\"\",\"3\":\"\",\"8\":\"\"}}', '2015-11-17 13:53:44', '2015-11-17 13:53:44', '3985738a-86ac-401a-8c06-afde0151871b');
INSERT INTO `craft_entryversions` (`id`, `entryId`, `sectionId`, `creatorId`, `locale`, `num`, `notes`, `data`, `dateCreated`, `dateUpdated`, `uid`) VALUES ('79', '35', '11', '1', 'en_us', '1', '', '{\"typeId\":null,\"authorId\":\"1\",\"title\":\"The Exclusive Jurisdiction of the National Industrial Court in Labour and Employment Matters\",\"slug\":\"the-exclusive-jurisdiction-of-the-national-industrial-court-in-labour-and-employment-matters\",\"postDate\":1447769828,\"expiryDate\":null,\"enabled\":1,\"fields\":{\"33\":[\"31\"],\"32\":\"The National Industrial Court is vested with exclusive jurisdiction on all labour, employment and related matters and as such all labour, employment and allied matters pending before State High Courts across Nigeria are required to be transferred to the National Industrial Court. This position was confirmed in the recent case of Josiah Madu vs. Solus Schall Nigeria Ltd (Unrep.)\"}}', '2015-11-17 14:17:08', '2015-11-17 14:17:08', 'c20b8a66-32df-4a7a-af0f-076cc043584e');
INSERT INTO `craft_entryversions` (`id`, `entryId`, `sectionId`, `creatorId`, `locale`, `num`, `notes`, `data`, `dateCreated`, `dateUpdated`, `uid`) VALUES ('80', '36', '11', '1', 'en_us', '1', '', '{\"typeId\":null,\"authorId\":\"1\",\"title\":\"Arbitrability of tax issues arising from production sharing contracts\\u2013 FIRS v. NNPC\",\"slug\":\"arbitrability-of-tax-issues-arising-from-production-sharing-contracts-firs-v-nnpc\",\"postDate\":1447769880,\"expiryDate\":null,\"enabled\":1,\"fields\":{\"33\":[\"33\"],\"32\":\"The Federal High Court, Abuja in the case of Federal Inland Revenue Service VS. Nigerian National Petroleum Corporation & Others recently decided that an Arbitration Tribunal lacks jurisdiction to determine issues relating to taxation or connected with the Federal Government revenue as such jurisdiction is exclusively conferred on the FHC by the Constitution of the Federal Republic of Nigeria.\"}}', '2015-11-17 14:18:00', '2015-11-17 14:18:00', '4b851953-ab93-46c1-960f-91464844102d');
INSERT INTO `craft_entryversions` (`id`, `entryId`, `sectionId`, `creatorId`, `locale`, `num`, `notes`, `data`, `dateCreated`, `dateUpdated`, `uid`) VALUES ('81', '38', '11', '1', 'en_us', '1', '', '{\"typeId\":null,\"authorId\":\"1\",\"title\":\"Investing in Nigeria\\u2019s Oil and Gas Industry\",\"slug\":\"investing-in-nigerias-oil-and-gas-industry\",\"postDate\":1447769930,\"expiryDate\":null,\"enabled\":1,\"fields\":{\"33\":[\"37\"],\"32\":\"Nigeria is one of the world\\u2019s largest producers of crude oil. The country currently produces an average of 2.5 million barrels of crude oil per day. This makes her the 10th largest producer of crude oil in the world and the 6th largest exporter among OPEC members. Production capacity currently stands at about 3 million barrels per day whilst reserves is about 35 billion barrels which the government intends to increase to 40 billion barrels by the year 2010.\"}}', '2015-11-17 14:18:50', '2015-11-17 14:18:50', '6905e9a6-f630-4374-b117-4b5e0044ad60');
INSERT INTO `craft_entryversions` (`id`, `entryId`, `sectionId`, `creatorId`, `locale`, `num`, `notes`, `data`, `dateCreated`, `dateUpdated`, `uid`) VALUES ('82', '39', '12', '1', 'en_us', '1', NULL, '{\"typeId\":\"14\",\"authorId\":null,\"title\":\"Publications Landing\",\"slug\":\"publications-landing\",\"postDate\":1447769996,\"expiryDate\":null,\"enabled\":1,\"fields\":[]}', '2015-11-17 14:19:57', '2015-11-17 14:19:57', 'ec68f4be-ceaa-4c4c-8ad3-5a146081fe17');
INSERT INTO `craft_entryversions` (`id`, `entryId`, `sectionId`, `creatorId`, `locale`, `num`, `notes`, `data`, `dateCreated`, `dateUpdated`, `uid`) VALUES ('83', '39', '12', '1', 'en_us', '2', '', '{\"typeId\":null,\"authorId\":null,\"title\":\"Publications\",\"slug\":\"publications-landing\",\"postDate\":1447769996,\"expiryDate\":null,\"enabled\":1,\"fields\":{\"4\":\"\",\"5\":\"\",\"6\":\"\",\"13\":[],\"7\":\"\",\"3\":\"\",\"8\":\"\"}}', '2015-11-17 14:20:24', '2015-11-17 14:20:24', '7bc48fba-a6b5-4bcc-8ac9-0a9af4684b9a');
INSERT INTO `craft_entryversions` (`id`, `entryId`, `sectionId`, `creatorId`, `locale`, `num`, `notes`, `data`, `dateCreated`, `dateUpdated`, `uid`) VALUES ('84', '2', '1', '1', 'en_us', '1', '', '{\"typeId\":null,\"authorId\":null,\"title\":\"Homepage Gbenga Biobaku & Co.\",\"slug\":\"homepage\",\"postDate\":1447455260,\"expiryDate\":null,\"enabled\":1,\"fields\":{\"34\":[],\"4\":\"\",\"5\":\"\",\"6\":\"\",\"13\":[],\"7\":\"\",\"3\":\"GBC\",\"8\":\"\"}}', '2015-11-17 15:14:23', '2015-11-17 15:14:23', '5765affe-cee3-4185-9e09-0870f6b12a6f');
INSERT INTO `craft_entryversions` (`id`, `entryId`, `sectionId`, `creatorId`, `locale`, `num`, `notes`, `data`, `dateCreated`, `dateUpdated`, `uid`) VALUES ('85', '2', '1', '1', 'en_us', '2', '', '{\"typeId\":null,\"authorId\":null,\"title\":\"Gbenga Biobaku & Co.\",\"slug\":\"homepage\",\"postDate\":1447455260,\"expiryDate\":null,\"enabled\":1,\"fields\":{\"34\":[],\"4\":\"\",\"5\":\"\",\"6\":\"\",\"13\":[],\"7\":\"\",\"3\":\"GBC\",\"8\":\"\"}}', '2015-11-17 15:15:20', '2015-11-17 15:15:20', '77322a07-913e-44c7-81f0-02a9ee9ed22a');
INSERT INTO `craft_entryversions` (`id`, `entryId`, `sectionId`, `creatorId`, `locale`, `num`, `notes`, `data`, `dateCreated`, `dateUpdated`, `uid`) VALUES ('86', '2', '1', '1', 'en_us', '3', '', '{\"typeId\":null,\"authorId\":null,\"title\":\"Homepage Gbenga Biobaku & Co.\",\"slug\":\"homepage\",\"postDate\":1447455260,\"expiryDate\":null,\"enabled\":1,\"fields\":{\"34\":[],\"4\":\"\",\"5\":\"\",\"6\":\"\",\"13\":[],\"7\":\"\",\"3\":\"GBC\",\"8\":\"\"}}', '2015-11-17 15:24:22', '2015-11-17 15:24:22', 'c8bedc9e-e60f-41a2-9c39-8b3b6afa2bd6');
INSERT INTO `craft_entryversions` (`id`, `entryId`, `sectionId`, `creatorId`, `locale`, `num`, `notes`, `data`, `dateCreated`, `dateUpdated`, `uid`) VALUES ('87', '2', '1', '1', 'en_us', '4', '', '{\"typeId\":null,\"authorId\":null,\"title\":\"Homepage Gbenga Biobaku & Co.\",\"slug\":\"homepage\",\"postDate\":1447455260,\"expiryDate\":null,\"enabled\":1,\"fields\":{\"34\":[\"40\"],\"4\":\"\",\"5\":\"\",\"6\":\"\",\"13\":[],\"7\":\"\",\"3\":\"GBC\",\"8\":\"\"}}', '2015-11-17 15:30:17', '2015-11-17 15:30:17', '40d44d1e-f8bf-4839-9bd6-947aa0f1153f');
INSERT INTO `craft_entryversions` (`id`, `entryId`, `sectionId`, `creatorId`, `locale`, `num`, `notes`, `data`, `dateCreated`, `dateUpdated`, `uid`) VALUES ('88', '2', '1', '1', 'en_us', '5', '', '{\"typeId\":null,\"authorId\":null,\"title\":\"Homepage Gbenga Biobaku & Co.\",\"slug\":\"homepage\",\"postDate\":1447455260,\"expiryDate\":null,\"enabled\":1,\"fields\":{\"34\":[\"40\",\"42\"],\"4\":\"\",\"5\":\"\",\"6\":\"\",\"13\":[],\"7\":\"\",\"3\":\"GBC\",\"8\":\"\"}}', '2015-11-17 15:35:51', '2015-11-17 15:35:51', '880c927b-d80e-4dec-8ace-37932619c4cd');
INSERT INTO `craft_entryversions` (`id`, `entryId`, `sectionId`, `creatorId`, `locale`, `num`, `notes`, `data`, `dateCreated`, `dateUpdated`, `uid`) VALUES ('89', '44', '7', '1', 'en_us', '1', '', '{\"typeId\":null,\"authorId\":\"1\",\"title\":\"Ijeoma Abalogu\",\"slug\":\"ijeoma-abalogu\",\"postDate\":1447779716,\"expiryDate\":null,\"enabled\":1,\"fields\":{\"24\":[{\"col1\":\"\"}],\"20\":\"\",\"21\":\"\",\"14\":[],\"19\":\"\",\"22\":\"\",\"18\":\"\",\"23\":\"\",\"4\":\"\",\"5\":\"\",\"6\":\"\",\"13\":[],\"7\":\"\",\"3\":\"\",\"8\":\"\",\"15\":[\"43\"]}}', '2015-11-17 17:01:56', '2015-11-17 17:01:56', 'c62f3a0c-6998-4277-9710-f5fa7c9c28fd');
INSERT INTO `craft_entryversions` (`id`, `entryId`, `sectionId`, `creatorId`, `locale`, `num`, `notes`, `data`, `dateCreated`, `dateUpdated`, `uid`) VALUES ('90', '44', '7', '1', 'en_us', '2', '', '{\"typeId\":\"9\",\"authorId\":\"1\",\"title\":\"Ijeoma Abalogu\",\"slug\":\"ijeoma-abalogu\",\"postDate\":1447779660,\"expiryDate\":null,\"enabled\":1,\"fields\":{\"24\":[{\"col1\":\"\"}],\"20\":\"\",\"21\":\"\",\"14\":[],\"19\":\"\",\"22\":\"\",\"18\":\"Senior Associate\",\"23\":\"\",\"4\":\"\",\"5\":\"\",\"6\":\"\",\"13\":[],\"7\":\"\",\"3\":\"\",\"8\":\"\",\"15\":[\"43\"]}}', '2015-11-17 17:08:18', '2015-11-17 17:08:18', '52ad3500-2f64-461c-bf17-97c3b8f5baf8');
INSERT INTO `craft_entryversions` (`id`, `entryId`, `sectionId`, `creatorId`, `locale`, `num`, `notes`, `data`, `dateCreated`, `dateUpdated`, `uid`) VALUES ('91', '35', '11', '1', 'en_us', '2', '', '{\"typeId\":\"13\",\"authorId\":\"1\",\"title\":\"The Exclusive Jurisdiction of the National Industrial Court in Labour and Employment Matters\",\"slug\":\"the-exclusive-jurisdiction-of-the-national-industrial-court-in-labour-and-employment-matters\",\"postDate\":1447769820,\"expiryDate\":null,\"enabled\":1,\"fields\":{\"33\":[\"31\"],\"32\":\"The National Industrial Court is vested with exclusive jurisdiction on all labour, employment and related matters and as such all labour, employment and allied matters pending before State High Courts across Nigeria are required to be transferred to the National Industrial Court. This position was confirmed in the recent case of Josiah Madu vs. Solus Schall Nigeria Ltd (Unrep.)\",\"2\":[\"45\",\"46\"]}}', '2015-11-17 17:29:32', '2015-11-17 17:29:32', 'dcc3551f-e7b2-45fc-be32-d8b7f4b36a88');
INSERT INTO `craft_entryversions` (`id`, `entryId`, `sectionId`, `creatorId`, `locale`, `num`, `notes`, `data`, `dateCreated`, `dateUpdated`, `uid`) VALUES ('92', '36', '11', '1', 'en_us', '2', '', '{\"typeId\":\"13\",\"authorId\":\"1\",\"title\":\"Arbitrability of tax issues arising from production sharing contracts\\u2013 FIRS v. NNPC\",\"slug\":\"arbitrability-of-tax-issues-arising-from-production-sharing-contracts-firs-v-nnpc\",\"postDate\":1447769880,\"expiryDate\":null,\"enabled\":1,\"fields\":{\"33\":[\"33\"],\"32\":\"The Federal High Court, Abuja in the case of Federal Inland Revenue Service VS. Nigerian National Petroleum Corporation & Others recently decided that an Arbitration Tribunal lacks jurisdiction to determine issues relating to taxation or connected with the Federal Government revenue as such jurisdiction is exclusively conferred on the FHC by the Constitution of the Federal Republic of Nigeria.\",\"2\":[\"47\",\"48\",\"49\"]}}', '2015-11-17 17:31:00', '2015-11-17 17:31:00', 'ce56e905-8991-44b4-95e7-0dfd207f6b48');
INSERT INTO `craft_entryversions` (`id`, `entryId`, `sectionId`, `creatorId`, `locale`, `num`, `notes`, `data`, `dateCreated`, `dateUpdated`, `uid`) VALUES ('93', '44', '7', '1', 'en_us', '3', '', '{\"typeId\":\"9\",\"authorId\":\"1\",\"title\":\"Ijeoma Abalogu\",\"slug\":\"ijeoma-abalogu\",\"postDate\":1447779660,\"expiryDate\":null,\"enabled\":1,\"fields\":{\"24\":[{\"col1\":\"\"}],\"20\":\"\",\"21\":\"\",\"14\":[\"50\"],\"19\":\"\",\"22\":\"\",\"18\":\"Senior Associate\",\"23\":\"\",\"4\":\"\",\"5\":\"\",\"6\":\"\",\"13\":[],\"7\":\"\",\"3\":\"\",\"8\":\"\",\"15\":[\"43\"]}}', '2015-11-17 17:39:31', '2015-11-17 17:39:31', '684d3b93-348c-473e-814f-7d08c46e1fed');
INSERT INTO `craft_entryversions` (`id`, `entryId`, `sectionId`, `creatorId`, `locale`, `num`, `notes`, `data`, `dateCreated`, `dateUpdated`, `uid`) VALUES ('94', '44', '7', '1', 'en_us', '4', '', '{\"typeId\":\"9\",\"authorId\":\"1\",\"title\":\"Ijeoma Abalogu\",\"slug\":\"ijeoma-abalogu\",\"postDate\":1447779660,\"expiryDate\":null,\"enabled\":1,\"fields\":{\"24\":[{\"col1\":\"\"}],\"20\":[{\"col1\":\"Abia State University, Nigeria (LLB); 2002 \"},{\"col1\":\"The Nigerian Bar Association 2004\"}],\"21\":[{\"col1\":\"Corporate and Commercial Law \"},{\"col1\":\"Legal Advisory\"},{\"col1\":\"Company Secretarial \"},{\"col1\":\"Regulatory Compliance \"},{\"col1\":\"Intellectual Property \"},{\"col1\":\"Business Start-ups \"},{\"col1\":\"International Investments \"},{\"col1\":\"Private Equity \"},{\"col1\":\"Tax\"}],\"14\":[\"50\"],\"19\":\"<p>Ijeoma is responsible for the firm\\u2019s&nbsp;corporate compliance and regulatory matters. She has advised several companies&nbsp;on the establishment of business entities in Nigeria, as well as completed&nbsp;registration and obtaining relevant licenses and approvals for corporate&nbsp;clients including Statoil, Baker Hughes, Parker Drilling, Western Atlas and&nbsp;Petro Explorer Ltd. She heads the business advisory and compliance unit in the&nbsp;firm and is also in charge of all company secretarial matters. She also focuses&nbsp;on international investments and immigration practices and procedures, which is&nbsp;a constantly evolving area, with proven client satisfaction.<\\/p><p><span><\\/span>Prior to joining GBC Law, Ijeoma had a stint&nbsp;at another law firm where she was involved in the legal&nbsp;advisory and client&nbsp;representations on various aspects of corporate and commercial law.<\\/p>\",\"22\":\"\",\"18\":\"Senior Associate\",\"23\":[{\"col1\":\"Participated with the corporate team in the winding-up of the subsidiary of a multi-national oil servicing firm and assisted in ensuring that outstanding (debts) receivables are recovered on behalf of the company.\"},{\"col1\":\"Represented African Capital Alliance, a leading African private equity company, in conducting legal due diligence and structuring a management buy-in culminating in a purchase of equities worth $15 million USD.\"},{\"col1\":\"Acted for a land drilling company in an $18 million private equity investment.\"},{\"col1\":\"Advising and assisting several clients on the establishment of Nigerian subsidiaries and procuring relevant pre-investment and operational approvals, licenses and permits.\"}],\"4\":\"\",\"5\":\"\",\"6\":\"\",\"13\":[],\"7\":\"\",\"3\":\"\",\"8\":\"\",\"15\":[\"43\"]}}', '2015-11-17 17:48:25', '2015-11-17 17:48:25', 'a60ffba2-7c4a-4bf3-b37e-d711eeb472fd');
INSERT INTO `craft_entryversions` (`id`, `entryId`, `sectionId`, `creatorId`, `locale`, `num`, `notes`, `data`, `dateCreated`, `dateUpdated`, `uid`) VALUES ('95', '24', '7', '1', 'en_us', '3', '', '{\"typeId\":\"9\",\"authorId\":\"1\",\"title\":\"Nkoyo Rapu\",\"slug\":\"nkoyo-rapu\",\"postDate\":1447764720,\"expiryDate\":null,\"enabled\":1,\"fields\":{\"24\":\"\",\"20\":[{\"col1\":\"University of Lagos (LLM) \"},{\"col1\":\"The City of London Polytechnic (Diploma in English Private Law).\"}],\"21\":\"\",\"14\":[],\"19\":\"<p>Nkoyo has over 20 years extensive experience&nbsp;and expertise in general law practice and advocacy.&nbsp; She started her legal career as a government&nbsp;legal representative with the Legal Aid Council and then roceeded to Oshinowo&nbsp;& Co as a Counsel in Chambers before joining the prestigious Allen and&nbsp;Ogunkeye.<\\/p><p><span><\\/span>She is also involved in extensive work with&nbsp;non-governmental organizations with particular emphasis on matters relating to&nbsp;women and children in the socio-economic and political context of the Nigerian&nbsp;society. In this regard, she has played a significant role at the national&nbsp;level in the area of women empowerment&nbsp;having been appointed to various&nbsp;committees. She sits on the board of trustees of Freedom Foundation, an&nbsp;umbrella organization of five NGO units committed to pioneering change in&nbsp;society through poverty alleviation and wealth creation. She is also director&nbsp;of Stone Creek Property Investment Company whose aim is to project a new way of&nbsp;community living.<\\/p><p><span><\\/span>Nkoyo has led two&nbsp;trade missions to Togo and more recently, to South Africa with the involvement&nbsp;of both the Nigerian embassy and the embassies of the host countries. She&nbsp;was amongst a select Nigerian&nbsp;delegation appointed by the American Embassy to&nbsp;attend the Annual Business Global&nbsp;Renaissance Summit in Washington D.C, their&nbsp;assignment focus being the creation of more business for more women across more&nbsp;borders. She also served as a board member of the Canadian and African Business&nbsp;Women\\u2019s Alliance - (CAABWA).<\\/p>\",\"22\":\"\",\"18\":\"Of Counsel\",\"23\":\"\",\"4\":\"\",\"5\":\"\",\"6\":\"\",\"13\":[],\"7\":\"\",\"3\":\"\",\"8\":\"\",\"15\":[\"23\"]}}', '2015-11-17 17:52:15', '2015-11-17 17:52:15', '746d36fc-e2c9-46a4-b831-db3de317ae32');
INSERT INTO `craft_entryversions` (`id`, `entryId`, `sectionId`, `creatorId`, `locale`, `num`, `notes`, `data`, `dateCreated`, `dateUpdated`, `uid`) VALUES ('96', '24', '7', '1', 'en_us', '4', '', '{\"typeId\":\"9\",\"authorId\":\"1\",\"title\":\"Nkoyo Rapu\",\"slug\":\"nkoyo-rapu\",\"postDate\":1447764720,\"expiryDate\":null,\"enabled\":1,\"fields\":{\"24\":\"\",\"20\":[{\"col1\":\"University of Lagos (LLM) \"},{\"col1\":\"The City of London Polytechnic (Diploma in English Private Law).\"}],\"21\":\"\",\"14\":[\"52\"],\"19\":\"<p>Nkoyo has over 20 years extensive experience&nbsp;and expertise in general law practice and advocacy.&nbsp; She started her legal career as a government&nbsp;legal representative with the Legal Aid Council and then roceeded to Oshinowo&nbsp;& Co as a Counsel in Chambers before joining the prestigious Allen and&nbsp;Ogunkeye.<\\/p>\\r\\n\\r\\n<p>She is also involved in extensive work with&nbsp;non-governmental organizations with particular emphasis on matters relating to&nbsp;women and children in the socio-economic and political context of the Nigerian&nbsp;society. In this regard, she has played a significant role at the national&nbsp;level in the area of women empowerment&nbsp;having been appointed to various&nbsp;committees. She sits on the board of trustees of Freedom Foundation, an&nbsp;umbrella organization of five NGO units committed to pioneering change in&nbsp;society through poverty alleviation and wealth creation. She is also director&nbsp;of Stone Creek Property Investment Company whose aim is to project a new way of&nbsp;community living.<\\/p>\\r\\n\\r\\n<p>Nkoyo has led two&nbsp;trade missions to Togo and more recently, to South Africa with the involvement&nbsp;of both the Nigerian embassy and the embassies of the host countries. She&nbsp;was amongst a select Nigerian&nbsp;delegation appointed by the American Embassy to&nbsp;attend the Annual Business Global&nbsp;Renaissance Summit in Washington D.C, their&nbsp;assignment focus being the creation of more business for more women across more&nbsp;borders. She also served as a board member of the Canadian and African Business&nbsp;Women\\u2019s Alliance - (CAABWA).<\\/p>\",\"22\":\"\",\"18\":\"Of Counsel\",\"23\":\"\",\"4\":\"\",\"5\":\"\",\"6\":\"\",\"13\":[],\"7\":\"\",\"3\":\"\",\"8\":\"\",\"15\":[\"23\"]}}', '2015-11-17 17:57:12', '2015-11-17 17:57:12', 'c47c2f5a-761d-4be0-94a5-031c030a28df');
INSERT INTO `craft_entryversions` (`id`, `entryId`, `sectionId`, `creatorId`, `locale`, `num`, `notes`, `data`, `dateCreated`, `dateUpdated`, `uid`) VALUES ('97', '24', '7', '1', 'en_us', '5', '', '{\"typeId\":\"9\",\"authorId\":\"1\",\"title\":\"Nkoyo Rapu\",\"slug\":\"nkoyo-rapu\",\"postDate\":1447764720,\"expiryDate\":null,\"enabled\":1,\"fields\":{\"35\":\"\",\"24\":\"\",\"36\":[{\"col1\":\"Norwegian Human Rights Fund Royal Norwegian Embassy Lagos\"},{\"col1\":\"United States Agency Information Development (USAID)\\u00a0Victoria Island, Lagos.\"},{\"col1\":\"Centre for Development and Population Activities (CEDPA) Lagos Chapter\"},{\"col1\":\"Jamaican High Commission, Abuja, Nigeria.\\u00a0\\u00a0\\u00a0\\u00a0\"}],\"20\":[{\"col1\":\"University of Lagos (LLM) \"},{\"col1\":\"The City of London Polytechnic (Diploma in English Private Law).\"}],\"21\":\"\",\"14\":[\"52\"],\"19\":\"<p>Nkoyo has over 20 years extensive experience&nbsp;and expertise in general law practice and advocacy.&nbsp; She started her legal career as a government&nbsp;legal representative with the Legal Aid Council and then roceeded to Oshinowo&nbsp;& Co as a Counsel in Chambers before joining the prestigious Allen and&nbsp;Ogunkeye.<\\/p>\\r\\n\\r\\n<p>She is also involved in extensive work with&nbsp;non-governmental organizations with particular emphasis on matters relating to&nbsp;women and children in the socio-economic and political context of the Nigerian&nbsp;society. In this regard, she has played a significant role at the national&nbsp;level in the area of women empowerment&nbsp;having been appointed to various&nbsp;committees. She sits on the board of trustees of Freedom Foundation, an&nbsp;umbrella organization of five NGO units committed to pioneering change in&nbsp;society through poverty alleviation and wealth creation. She is also director&nbsp;of Stone Creek Property Investment Company whose aim is to project a new way of&nbsp;community living.<\\/p>\\r\\n\\r\\n\\r\\n\\r\\n<p>Nkoyo has led two&nbsp;trade missions to Togo and more recently, to South Africa with the involvement&nbsp;of both the Nigerian embassy and the embassies of the host countries. She&nbsp;was amongst a select Nigerian&nbsp;delegation appointed by the American Embassy to&nbsp;attend the Annual Business Global&nbsp;Renaissance Summit in Washington D.C, their&nbsp;assignment focus being the creation of more business for more women across more&nbsp;borders. She also served as a board member of the Canadian and African Business&nbsp;Women\\u2019s Alliance - (CAABWA).<\\/p>\",\"22\":\"\",\"18\":\"Of Counsel\",\"23\":\"\",\"4\":\"\",\"5\":\"\",\"6\":\"\",\"13\":[],\"7\":\"\",\"3\":\"\",\"8\":\"\",\"15\":[\"23\"]}}', '2015-11-17 18:05:02', '2015-11-17 18:05:02', 'c96bcb05-1207-42d9-9d10-00c164afd2a1');
INSERT INTO `craft_entryversions` (`id`, `entryId`, `sectionId`, `creatorId`, `locale`, `num`, `notes`, `data`, `dateCreated`, `dateUpdated`, `uid`) VALUES ('98', '24', '7', '1', 'en_us', '6', '', '{\"typeId\":\"9\",\"authorId\":\"1\",\"title\":\"Nkoyo Rapu\",\"slug\":\"nkoyo-rapu\",\"postDate\":1447764720,\"expiryDate\":null,\"enabled\":1,\"fields\":{\"35\":\"<p><strong>Federal Government Committees:<\\/strong><\\/p><p>Women\\u2019s Affirmative Action Committee,&nbsp;December 1998 inaugurated by the Federal Ministry of Women\\u2019s Affairs, Abuja,Nigeria.<br><strong>A<\\/strong><strong>ssignment:<\\/strong>&nbsp;Constitutional amendments for women.<\\/p><p>Constitution Drafting Committee, January&nbsp;2000 inaugurated by National Centre for Women\\u2019s Development, Abuja.<br><strong>Assignment:<\\/strong>&nbsp;Prepare consensus on position of&nbsp;Nigerian women on 1999 constitution<\\/p><p>American Embassy Nigerian Delegation:<br>Selected to attend the Annual Business Women\\u2019s Global Renaissance Summit in&nbsp;Washington D.C, October 1999.<br><strong>Assignment:<\\/strong>&nbsp;More Business for More Women across&nbsp;More Borders.<\\/p><p>Canadian and African Business Women\\u2019s&nbsp;Alliance Nigeria (CAABWA)<br><strong>Assignment:<\\/strong>&nbsp;Forge business associations between<br>Nigerian and Canadian Business Women.<\\/p>\",\"24\":\"\",\"36\":[{\"col1\":\"Norwegian Human Rights Fund Royal Norwegian Embassy Lagos\"},{\"col1\":\"United States Agency Information Development (USAID)\\u00a0Victoria Island, Lagos.\"},{\"col1\":\"Centre for Development and Population Activities (CEDPA) Lagos Chapter\"},{\"col1\":\"Jamaican High Commission, Abuja, Nigeria.\\u00a0\\u00a0\\u00a0\\u00a0\"}],\"20\":[{\"col1\":\"University of Lagos (LLM) \"},{\"col1\":\"The City of London Polytechnic (Diploma in English Private Law).\"}],\"21\":\"\",\"14\":[\"52\"],\"19\":\"<p>Nkoyo has over 20 years extensive experience&nbsp;and expertise in general law practice and advocacy.&nbsp; She started her legal career as a government&nbsp;legal representative with the Legal Aid Council and then roceeded to Oshinowo&nbsp;& Co as a Counsel in Chambers before joining the prestigious Allen and&nbsp;Ogunkeye.<\\/p>\\r\\n\\r\\n<p>She is also involved in extensive work with&nbsp;non-governmental organizations with particular emphasis on matters relating to&nbsp;women and children in the socio-economic and political context of the Nigerian&nbsp;society. In this regard, she has played a significant role at the national&nbsp;level in the area of women empowerment&nbsp;having been appointed to various&nbsp;committees. She sits on the board of trustees of Freedom Foundation, an&nbsp;umbrella organization of five NGO units committed to pioneering change in&nbsp;society through poverty alleviation and wealth creation. She is also director&nbsp;of Stone Creek Property Investment Company whose aim is to project a new way of&nbsp;community living.<\\/p>\\r\\n\\r\\n\\r\\n\\r\\n\\r\\n\\r\\n<p>Nkoyo has led two&nbsp;trade missions to Togo and more recently, to South Africa with the involvement&nbsp;of both the Nigerian embassy and the embassies of the host countries. She&nbsp;was amongst a select Nigerian&nbsp;delegation appointed by the American Embassy to&nbsp;attend the Annual Business Global&nbsp;Renaissance Summit in Washington D.C, their&nbsp;assignment focus being the creation of more business for more women across more&nbsp;borders. She also served as a board member of the Canadian and African Business&nbsp;Women\\u2019s Alliance - (CAABWA).<\\/p>\",\"22\":\"\",\"18\":\"Of Counsel\",\"23\":\"\",\"4\":\"\",\"5\":\"\",\"6\":\"\",\"13\":[],\"7\":\"\",\"3\":\"\",\"8\":\"\",\"15\":[\"23\"]}}', '2015-11-17 18:11:13', '2015-11-17 18:11:13', '7fca15d8-c40d-4598-a1bb-d792326914c9');
INSERT INTO `craft_entryversions` (`id`, `entryId`, `sectionId`, `creatorId`, `locale`, `num`, `notes`, `data`, `dateCreated`, `dateUpdated`, `uid`) VALUES ('99', '55', '7', '1', 'en_us', '1', '', '{\"typeId\":null,\"authorId\":\"1\",\"title\":\"Okey Nwaya\",\"slug\":\"okey-nwaya\",\"postDate\":1447784528,\"expiryDate\":null,\"enabled\":1,\"fields\":{\"35\":\"\",\"24\":[{\"col1\":\"\"}],\"36\":\"\",\"20\":\"\",\"21\":\"\",\"14\":[\"54\"],\"19\":\"\",\"22\":\"\",\"18\":\"Senior Associate\",\"23\":\"\",\"4\":\"\",\"5\":\"\",\"6\":\"\",\"13\":[],\"7\":\"\",\"3\":\"\",\"8\":\"\",\"15\":[\"53\"]}}', '2015-11-17 18:22:08', '2015-11-17 18:22:08', '23734e64-f879-4b11-84c5-5fcdb2c38cf7');
INSERT INTO `craft_entryversions` (`id`, `entryId`, `sectionId`, `creatorId`, `locale`, `num`, `notes`, `data`, `dateCreated`, `dateUpdated`, `uid`) VALUES ('100', '55', '7', '1', 'en_us', '2', '', '{\"typeId\":\"9\",\"authorId\":\"1\",\"title\":\"Okey Nwaya\",\"slug\":\"okey-nwaya\",\"postDate\":1447784520,\"expiryDate\":null,\"enabled\":1,\"fields\":{\"35\":\"\",\"24\":[{\"col1\":\"\"}],\"36\":\"\",\"20\":[{\"col1\":\"University of Benin (LLB) \"},{\"col1\":\"Nigerian Bar Association 2002 \"}],\"21\":[{\"col1\":\"Commercial Litigation \"},{\"col1\":\"Labour and Employment \"},{\"col1\":\"Energy\"}],\"14\":[\"54\"],\"19\":\"<p>Okey&nbsp;has a good knowledge and understanding of the theory and practice of Nigerian&nbsp;civil, commercial and criminal Laws, he has experience in litigation practice&nbsp;and procedure from the Magistrates\\u2019 Court to the Supreme Court, he has a good&nbsp;drafting and documentation skills.<\\/p><p><span><\\/span>His practice&nbsp;covers a broad range of contentious matters on behalf of corporate clients,&nbsp;financial institutions and oil servicing companies. Okey has acted for clients&nbsp;in litigation both in state and federal levels, as well as in several arbitrations,&nbsp;principally conducted under ICC rules.<\\/p><p><span><\\/span>He had been involved in matters from wide subject areas&nbsp;including energy, employment, credit and security, commerce, and real estate.<\\/p>\",\"22\":\"\",\"18\":\"Senior Associate\",\"23\":[{\"col1\":\"Acting as lead Counsel representing an international professional services firm in a N1.4 billion action involving report by it on the issue of the incorrectly reported profit by a publicly quoted company in Nigeria.\"},{\"col1\":\"Represented PricewaterhouseCoopers in an arbitration matter involving a long lease of its office facility.\"},{\"col1\":\"Conducted legal due diligence and provided pre-investment advice in a $15 million USD private equity investment by African Capital Alliance in Bankers Warehouse Limited foremost international private equity firm in a leading cash-in-transit company in Nigeria.\"},{\"col1\":\"Represented Baker Hughes in several litigation matters in the Niger-Delta region and other parts of Nigeria.\"},{\"col1\":\"Represented ExxonMobil in litigation matters in the Niger-Delta region of Nigeria.\"},{\"col1\":\"Represented a multi-national oil service company in various labour disputes including actions at the High Courts in the Niger-Delta region.\"},{\"col1\":\"Advising and assisting a multi-national company in respect of a tax dispute with the Lagos State Board of Internal Revenue.\"}],\"4\":\"\",\"5\":\"\",\"6\":\"\",\"13\":[],\"7\":\"\",\"3\":\"\",\"8\":\"\",\"15\":[\"53\"]}}', '2015-11-17 18:28:25', '2015-11-17 18:28:25', '90c973d7-c96c-4472-a2ab-e11089577e82');
INSERT INTO `craft_entryversions` (`id`, `entryId`, `sectionId`, `creatorId`, `locale`, `num`, `notes`, `data`, `dateCreated`, `dateUpdated`, `uid`) VALUES ('101', '59', '7', '1', 'en_us', '1', '', '{\"typeId\":null,\"authorId\":\"1\",\"title\":\"Sogo Akinola\",\"slug\":\"sogo-akinola\",\"postDate\":1447785420,\"expiryDate\":null,\"enabled\":1,\"fields\":{\"35\":\"\",\"24\":[{\"col1\":\"\"}],\"36\":\"\",\"20\":[{\"col1\":\"Obafemi Awolowo University Ile Ife, (LLB) \"},{\"col1\":\"The Nigerian Bar \"}],\"21\":[{\"col1\":\"Corporate and Commercial \"},{\"col1\":\"Taxation\"},{\"col1\":\"Foreign Investment \"}],\"14\":[\"58\"],\"19\":\"<p>Sogo&nbsp;has been engaged in a wide variety of transactions with special emphasis on corporate&nbsp;and commercial, taxation, power, privatization & foreign investment, technology&nbsp;and emerging practice areas. His commitment to exceeding expectations, adding&nbsp;value, and the assurance of success in any transaction with which he is&nbsp;identified places him above the ordinary lawyer.<\\/p>\",\"22\":\"\",\"18\":\"Associate\",\"23\":\"\",\"4\":\"\",\"5\":\"\",\"6\":\"\",\"13\":[],\"7\":\"\",\"3\":\"\",\"8\":\"\",\"15\":[\"57\"]}}', '2015-11-17 18:39:37', '2015-11-17 18:39:37', '0a3a95c9-3e90-4a89-b6c3-7c7f23bc3dd7');
INSERT INTO `craft_entryversions` (`id`, `entryId`, `sectionId`, `creatorId`, `locale`, `num`, `notes`, `data`, `dateCreated`, `dateUpdated`, `uid`) VALUES ('102', '59', '7', '1', 'en_us', '2', '', '{\"typeId\":\"9\",\"authorId\":\"1\",\"title\":\"Sogo Akinola\",\"slug\":\"sogo-akinola\",\"postDate\":1447785420,\"expiryDate\":null,\"enabled\":1,\"fields\":{\"35\":\"\",\"24\":[{\"col1\":\"\"}],\"36\":\"\",\"20\":[{\"col1\":\"Obafemi Awolowo University Ile Ife, (LLB) \"},{\"col1\":\"The Nigerian Bar \"}],\"21\":[{\"col1\":\"Corporate and Commercial \"},{\"col1\":\"Taxation\"},{\"col1\":\"Foreign Investment \"}],\"14\":[\"58\"],\"19\":\"<p>Sogo&nbsp;has been engaged in a wide variety of transactions with special emphasis on corporate&nbsp;and commercial, taxation, power, privatization & foreign investment, technology&nbsp;and emerging practice areas. His commitment to exceeding expectations, adding&nbsp;value, and the assurance of success in any transaction with which he is&nbsp;identified places him above the ordinary lawyer.<\\/p>\",\"37\":[{\"col1\":\"Jamaican\"},{\"col1\":\"Chinese\"}],\"22\":\"\",\"18\":\"Associate\",\"23\":\"\",\"4\":\"\",\"5\":\"\",\"6\":\"\",\"13\":[],\"7\":\"\",\"3\":\"\",\"8\":\"\",\"15\":[\"57\"]}}', '2015-11-17 18:48:29', '2015-11-17 18:48:29', '6f33fde8-a5ab-470a-bd9a-2039818bab17');
INSERT INTO `craft_entryversions` (`id`, `entryId`, `sectionId`, `creatorId`, `locale`, `num`, `notes`, `data`, `dateCreated`, `dateUpdated`, `uid`) VALUES ('103', '63', '7', '1', 'en_us', '1', '', '{\"typeId\":null,\"authorId\":\"1\",\"title\":\"Sandra Asuzu\",\"slug\":\"sandra-asuzu\",\"postDate\":1447786583,\"expiryDate\":null,\"enabled\":1,\"fields\":{\"35\":\"\",\"24\":[{\"col1\":\"\"}],\"36\":\"\",\"20\":[{\"col1\":\"University of Nigeria, Nsukka (LLM) \"},{\"col1\":\"The Nigerian Bar;2012\"}],\"21\":[{\"col1\":\"Energy and Projects \"},{\"col1\":\"Regulatory and Compliance \"},{\"col1\":\"Maritime and Intellectual Property\\u00a0\\u00a0\\u00a0\\u00a0\"}],\"14\":[\"62\"],\"19\":\"<p>Sandra focuses on the energy and&nbsp;projects practice of GBC Law, especially in gas to power projects. She also&nbsp;participates actively in the corporate commercial and maritime areas of the&nbsp;firm. She demonstrates remarkable competencies in project finance, regulatory&nbsp;and compliance, general corporate\\/commercial practice.<\\/p>\",\"37\":\"\",\"22\":[{\"col1\":\"Nigerian Bar Association \"},{\"col1\":\"Institute of Chartered Secretaries and Administrators of Nigeria.\"}],\"18\":\"Associate\",\"23\":[{\"col1\":\"Successfully carrying out due diligence, preparing transactional documents and was also involved in the negotiations for the project financing of a Gas Processing Plant which pegged at the sum of $64M in a combination of equity and loan.\"},{\"col1\":\"Analyzing and providing legal opinions in respect of Nigerian content issues relating to oil and gas projects and petroleum operations.\"}],\"4\":\"\",\"5\":\"\",\"6\":\"\",\"13\":[],\"7\":\"\",\"3\":\"\",\"8\":\"\",\"15\":[\"61\"]}}', '2015-11-17 18:56:23', '2015-11-17 18:56:23', '4f1ff24e-c856-4f28-87f8-afe39bd06d2f');
INSERT INTO `craft_entryversions` (`id`, `entryId`, `sectionId`, `creatorId`, `locale`, `num`, `notes`, `data`, `dateCreated`, `dateUpdated`, `uid`) VALUES ('104', '66', '7', '1', 'en_us', '1', '', '{\"typeId\":null,\"authorId\":\"1\",\"title\":\"Ayoade Oluwasanmi\\u00a0\\u00a0\",\"slug\":\"ayoade-oluwasanmi\",\"postDate\":1447787549,\"expiryDate\":null,\"enabled\":1,\"fields\":{\"35\":\"\",\"24\":[{\"col1\":\"\"}],\"36\":\"\",\"20\":[{\"col1\":\"Ambrose Alli University (LLB); 2004 \"},{\"col1\":\"The Nigerian Bar 2005\"}],\"21\":[{\"col1\":\"Corporate Commercial Litigation \"},{\"col1\":\"Corporate and Commercial Law \"},{\"col1\":\"Legal Advisory\\u00a0\\u00a0\\u00a0\\u00a0\"}],\"14\":[\"65\"],\"19\":\"<p>Ayoade has over 10 years&nbsp;cognate experience advising on and litigating tax, labour, oil and gas, company&nbsp;law and recovery of premises related matters.<\\/p><p><span><\\/span>He has a wide experience of the law on a&nbsp;range of issues but has a bias for commercial litigation and arbitration. He&nbsp;has practical, working knowledge in litigation matters on a wide range of&nbsp;issues as diverse as Energy, Employment, Credit Transactions, Commercial&nbsp;Transactions, and Real Estate. He is a member of the litigation team at GBC&nbsp;Law.<\\/p>\",\"37\":\"\",\"22\":[{\"col1\":\"The Nigerian Bar Association \"},{\"col1\":\"The UK Chartered Institute of Arbitrators\"}],\"18\":\"Associate\",\"23\":[{\"col1\":\"Provided representation for an international professional services firm in a N1.4 billion action involving report by it on the issue of the incorrectly reported profit by a publicly quoted company in Nigeria.\"},{\"col1\":\"Represented a multi-national oil company at the Citizens Mediation Centre in a labour related matter filed by its employees.\"},{\"col1\":\"Advised a multi-national oil service company with regards to its liabilities and responsibilities in connection with the environmental impact of the company\\u2019s drilling activities in the Niger-Delta region of Nigeria.\"},{\"col1\":\"Represented Teleglobe in the enforcement of a foreign judgment in Nigeria relating to the termination of Internet Subscription Service Agreement.\"},{\"col1\":\"Was the counsel in charge of the litigation on behalf of Baker Hughes Nigeria Limited, a multinational oil services firm with regards to illegal tax levied against it.\\u00a0 \"},{\"col1\":\"Was part of the team that represented and advised African Capital Alliance, a leading African private equity company, in conducting legal due diligence and structuring a management buy-in culminating in a purchase of majority shares in the dominant cash-in-transit services company in Nigeria.\"},{\"col1\":\"Was part of the litigation team that represented PricewaterhouseCooopers, a multinational financial advisory and auditing firm with regards to the alleged misstatement of profits by Cadbury Nigeria Limited which led to an increased shareholding by Cadbury in the UK.\"},{\"col1\":\"Was part of the team that instituted an action against the Lagos State Government and obtained judgement in favour of a client, obtaining a reversal of a purported revocation of both a Certificate of Occupancy and allocation by the New Towns Development Authority.\"}],\"4\":\"\",\"5\":\"\",\"6\":\"\",\"13\":[],\"7\":\"\",\"3\":\"\",\"8\":\"\",\"15\":[\"64\"]}}', '2015-11-17 19:12:29', '2015-11-17 19:12:29', 'd1c30f22-9394-4054-9561-8baec243d8dc');
INSERT INTO `craft_entryversions` (`id`, `entryId`, `sectionId`, `creatorId`, `locale`, `num`, `notes`, `data`, `dateCreated`, `dateUpdated`, `uid`) VALUES ('105', '70', '7', '1', 'en_us', '1', '', '{\"typeId\":null,\"authorId\":\"1\",\"title\":\"Edward O. Vera Cruz\",\"slug\":\"edward-o-vera-cruz\",\"postDate\":1447789421,\"expiryDate\":null,\"enabled\":1,\"fields\":{\"35\":\"\",\"24\":[{\"col1\":\"\"}],\"36\":\"\",\"20\":[{\"col1\":\"University of Lagos (LLB) \"},{\"col1\":\"The Nigerian Bar Association 1990\"},{\"col1\":\"Solicitor of the Supreme Court of England and Wales\"},{\"col1\":\"Solicitor of the Supreme Court of England and Wales\"}],\"21\":[{\"col1\":\"Oil and Gas\\u00a0\"},{\"col1\":\"Energy\\u00a0\"},{\"col1\":\"International Trade\\u00a0\"},{\"col1\":\"Public Procurement\\u00a0\"},{\"col1\":\"Project Finance \"}],\"14\":[\"68\"],\"19\":\"<p>Edward\\u2019s practice extends over 20 years and has covered a&nbsp;comprehensive range of international corporate and commercial transactions. In&nbsp;particular, he focuses on oil and gas law, law of credit and security,&nbsp;international business transactions law, intellectual property and information&nbsp;technology law.<\\/p><p>In the energy sector, Edward has acted for sponsors and a&nbsp;wide variety of other clients in major project finance, general corporate and&nbsp;commercial transactions and regulatory matters.<\\/p><p><span><\\/span>Edward has held various leadership positions in most of the&nbsp;firms he has worked with. He was the Head of Chambers in the Firm of Lanre&nbsp;Olaoluwa & Co. (now Matrix Solicitors) and later Managing Partner in the&nbsp;Firm of Victor and Charles Solicitors (now part of AELEX Partners), a position&nbsp;he held for over 7 years.<\\/p><p> He is a regular participant at local and international&nbsp;seminars and was for a number of years both a visiting lecturer on the Nigerian&nbsp;Institute of Advanced Legal Studies \'Advance Legal Drafting Course\' and the&nbsp;contributing rapporteur for Nigeria for the Journal of Energy and Natural&nbsp;Resources Law.<\\/p>\",\"37\":\"\",\"22\":[{\"col1\":\"Solicitor of the Supreme Court of England and Wales\"},{\"col1\":\"The Law Society of England & Wales \"},{\"col1\":\"The Procurement Lawyers Association \"},{\"col1\":\"The Association of British Council Fellows \"},{\"col1\":\"The Association of British Chevening Scholars  \"},{\"col1\":\"Gideons International\"}],\"18\":\"Of Counsel\",\"23\":[{\"col1\":\"Representing Texaco Inc., and providing general legal advice on the implementation in Nigeria of an incorporated joint venture between Chevron and Texaco for the marketing internationally of marine fuels and lubricants.\"},{\"col1\":\"Representing ENRON International; Enron B\\u00e9nin Gas Holdings Ltd; and Enron West Africa Pipeline Ltd and providing general legal advisory work and consultations on the structuring, contract documentation, and security issues on the acquisition by Enron of the rights to all of the gas and condensate in the Aje Field of OML 113 and future rights in the gas and condensate produced from OML 113 outside the Aje Field.\"},{\"col1\":\"Rendered advice to TOTAL Exploration Nig. Ltd. on the legal aspects of the proposed acquisition by TOTAL (Transferee) of the interests of Ashland Nigeria Exploration Unlimited in various Oil Producing Licences in Nigeria.\"},{\"col1\":\"Advising and documentation for TOTAL Upstream Nigeria Ltd on the unincorporated joint venture, with a local and another international party, for the joint prospecting for and exploitation of the oil deposits in a virgin offshore concession (OPL 246).\"},{\"col1\":\"Preparing Farm-In Agreement involving TOTAL Upstream Nigeria Ltd on the acquisition by TOTAL (Farminee) of 24% undivided interest in the deep offshore field (OPL 246) granted to South Atlantic Petroleum Ltd.\"},{\"col1\":\"Completed legal, regulatory and due diligence aspects of the acquisition by Petroleum Oil & Gas Company of South Africa (Nig.) Ltd PETROSA (Nigeria) (Transferee) of 50% (non-operating) interest in the existing production fields of Addax Petroleum Nigeria.\"},{\"col1\":\"One of the Legal Advisers (Nigeria) to the Project Sponsors\\/Commercial Group, including Chevron, Shell, Nigeria National Petroleum Corporation, SobeGaz, SotoGaz,and the Ghanaian National Petroleum Corporation, which included Project structuring, project financing, and environmental issues advise on the West African sub-regional gas pipeline project.\"},{\"col1\":\"Team member: pre-project advisory team to Mobil Power Inc. and Mobil Producing Nigeria Unlimited (Project Sponsor) \\u2013 Preliminary, behind-the-scenes advisory work and consultations on the statutory and regulatory framework existing in Nigeria for the setting up of an independent natural gas-based power. \"}],\"4\":\"\",\"5\":\"\",\"6\":\"\",\"13\":[],\"7\":\"\",\"3\":\"\",\"8\":\"\",\"15\":[\"69\"]}}', '2015-11-17 19:43:41', '2015-11-17 19:43:41', '531142fa-f80e-44ad-aa93-a085b6981bf7');
INSERT INTO `craft_entryversions` (`id`, `entryId`, `sectionId`, `creatorId`, `locale`, `num`, `notes`, `data`, `dateCreated`, `dateUpdated`, `uid`) VALUES ('106', '72', '7', '1', 'en_us', '1', '', '{\"typeId\":null,\"authorId\":\"1\",\"title\":\"Lola Ogunmodede\",\"slug\":\"lola-ogunmodede\",\"postDate\":1447789909,\"expiryDate\":null,\"enabled\":1,\"fields\":{\"35\":\"<p>-&nbsp;&nbsp;&nbsp;&nbsp;&nbsp;&nbsp; Advising on the acquisition of a<br> merchant-banking subsidiary by Union Bank of Nigeria PLC.<\\/p>\",\"24\":[{\"col1\":\"\"}],\"36\":\"\",\"20\":[{\"col1\":\"Ogun State University (LLB); 1990\"},{\"col1\":\"Nigerian Bar Association 1991. \"},{\"col1\":\"University of Lagos (Masters in Law) \"},{\"col1\":\"IESE, University of Navarra, Barcelona, Spain (MBA). \"}],\"21\":[{\"col1\":\"Trade and Investments\"},{\"col1\":\"Corporate Law \"},{\"col1\":\"Banking and Finance \"},{\"col1\":\"Employment \"},{\"col1\":\"Commercial Contracts \"},{\"col1\":\"Company Secretarial Practice\"},{\"col1\":\"Project Finance\"},{\"col1\":\"Mergers and Acquisitions\"}],\"14\":[],\"19\":\"<p>Lola&nbsp;has over 19 years of hands-on experience in corporate\\/commercial law. She has&nbsp;extensive experience and expertise in handling large-scale commercial&nbsp;transactions particularly involving the banking and financial services industry.&nbsp;She has worked with First Atlantic Bank Limited as The Legal Adviser\\/Company<br> Secretary and in the legal department of Union Bank where she advised on a&nbsp;variety of legal matters.&nbsp; Whilst in these organisations, she was involved&nbsp;in the negotiation and documentation of several banking transactions and the&nbsp;drafting of various commercial contracts such as the acquisition of a&nbsp;merchant-banking subsidiary by Union Bank.<span><\\/span><\\/p>\",\"37\":[{\"col1\":\"English and French\"}],\"22\":[{\"col1\":\"Nigerian Bar Association\"}],\"18\":\"Partner\",\"23\":[{\"col1\":\"Advising on the acquisition of a merchant-banking subsidiary by Union Bank of Nigeria PLC.\"},{\"col1\":\"Advising on the acquisition of\\u00a0Flexcube\\u00a0banking software by Union Bank of Nigeria Plc and Finnacle\\u00a0banking software by First Atlantic Bank Ltd.\"},{\"col1\":\"Advising on the acquisition of an Internet Based Money Transfer facility by First Atlantic Bank Ltd.\"},{\"col1\":\"Advising on the setting up of a Staff Share Investment scheme by First Atlantic Bank Ltd.\"},{\"col1\":\"Advising and documenting various syndicated facilities relating to Peugeot Automobile Nigeria, Intel Oil Services, G. Cappa, International Distillers, Victoria Garden Hotels and several other leading companies.\"},{\"col1\":\"Drafting, reviewing and advising on various Security Documentation including but not limited to Legal Mortgages, Debentures (Fixed, Floating and Mortgage), Equipment Leases including Sale and Lease Back contracts, pledges, guarantees and indemnities.\"},{\"col1\":\"Conducting market research and putting together the business plan of\\u00a0Venture Partners\\u00a0a start up Venture Capital Company focused on offering financial and managerial support to small and medium scale enterprises.\"}],\"4\":\"\",\"5\":\"\",\"6\":\"\",\"13\":[],\"7\":\"\",\"3\":\"\",\"8\":\"\",\"15\":[]}}', '2015-11-17 19:51:49', '2015-11-17 19:51:49', '2d38472b-e5dc-4639-8ee4-f1889522565b');
INSERT INTO `craft_entryversions` (`id`, `entryId`, `sectionId`, `creatorId`, `locale`, `num`, `notes`, `data`, `dateCreated`, `dateUpdated`, `uid`) VALUES ('107', '73', '7', '1', 'en_us', '1', '', '{\"typeId\":null,\"authorId\":\"1\",\"title\":\"Wole Tejuoso\\u00a0\\u00a0\\u00a0\\u00a0\\u00a0\\u00a0\\u00a0\\u00a0\\u00a0\\u00a0\\u00a0\\u00a0\\u00a0\\u00a0\\u00a0\\u00a0\\u00a0\\u00a0\\u00a0 \",\"slug\":\"wole-tejuoso\",\"postDate\":1447790227,\"expiryDate\":null,\"enabled\":1,\"fields\":{\"35\":\"\",\"24\":[{\"col1\":\"\"}],\"36\":\"\",\"20\":[{\"col1\":\"Lagos State University (LLB); 1990 \"},{\"col1\":\"The Nigerian Bar 1991 \"},{\"col1\":\"The Washington College of Law (Masters in Law) \"},{\"col1\":\"He qualified as a Solicitor in England and Wales in 1999. \"},{\"col1\":\"He qualified as a Solicitor in England and Wales in 1999. \"}],\"21\":[{\"col1\":\"Intellectual Property \"},{\"col1\":\"Energy\"},{\"col1\":\"Banking and Finance \"},{\"col1\":\"Banking and Finance \"},{\"col1\":\"Real Estate\"}],\"14\":[],\"19\":\"<p>Wole is responsible for intellectual property matters at GBC&nbsp;Law.&nbsp; He also focuses on real estate transactions, and corporate&nbsp;commercial law.&nbsp; He has over 19 years experience of legal practice and&nbsp;also has considerable expertise in e-commerce. He has also been involved in a&nbsp;number of transactions in the Nigerian energy sector.<\\/p>\\r\\n\\r\\n<p> <br> Wole worked as an associate at Sheikh & Co. Solicitors,&nbsp;London, before joining Merrill Lynch International Bank, London where he worked&nbsp;in the Private Banking Department. He worked as Company Secretary at Dabis&nbsp;International Company Limited, London also, before a stint at Irving &&nbsp;Bonnar where he worked with the corporate\\/commercial group on a variety of&nbsp;transactions for both domestic and international clients.<\\/p>\",\"37\":\"\",\"22\":[{\"col1\":\"He qualified as a Solicitor in England and Wales in 1999. \"},{\"col1\":\"The International Trademark Association (INTA).\"}],\"18\":\"Partner\",\"23\":\"\",\"4\":\"\",\"5\":\"\",\"6\":\"\",\"13\":[],\"7\":\"\",\"3\":\"\",\"8\":\"\",\"15\":[]}}', '2015-11-17 19:57:07', '2015-11-17 19:57:07', 'd8b5f7c8-8216-4d42-accf-e167258bd401');
INSERT INTO `craft_entryversions` (`id`, `entryId`, `sectionId`, `creatorId`, `locale`, `num`, `notes`, `data`, `dateCreated`, `dateUpdated`, `uid`) VALUES ('108', '72', '7', '1', 'en_us', '2', '', '{\"typeId\":\"9\",\"authorId\":\"1\",\"title\":\"Lola Ogunmodede\",\"slug\":\"lola-ogunmodede\",\"postDate\":1447789860,\"expiryDate\":null,\"enabled\":1,\"fields\":{\"35\":\"<p>-&nbsp;&nbsp;&nbsp;&nbsp;&nbsp;&nbsp; Advising on the acquisition of a<br> merchant-banking subsidiary by Union Bank of Nigeria PLC.<\\/p>\",\"24\":[{\"col1\":\"\"}],\"36\":\"\",\"20\":[{\"col1\":\"Ogun State University (LLB); 1990\"},{\"col1\":\"Nigerian Bar Association 1991. \"},{\"col1\":\"University of Lagos (Masters in Law) \"},{\"col1\":\"IESE, University of Navarra, Barcelona, Spain (MBA). \"}],\"21\":[{\"col1\":\"Trade and Investments\"},{\"col1\":\"Corporate Law \"},{\"col1\":\"Banking and Finance \"},{\"col1\":\"Employment \"},{\"col1\":\"Commercial Contracts \"},{\"col1\":\"Company Secretarial Practice\"},{\"col1\":\"Project Finance\"},{\"col1\":\"Mergers and Acquisitions\"}],\"14\":[\"75\"],\"19\":\"<p>Lola&nbsp;has over 19 years of hands-on experience in corporate\\/commercial law. She has&nbsp;extensive experience and expertise in handling large-scale commercial&nbsp;transactions particularly involving the banking and financial services industry.&nbsp;She has worked with First Atlantic Bank Limited as The Legal Adviser\\/Company<br> Secretary and in the legal department of Union Bank where she advised on a&nbsp;variety of legal matters.&nbsp; Whilst in these organisations, she was involved&nbsp;in the negotiation and documentation of several banking transactions and the&nbsp;drafting of various commercial contracts such as the acquisition of a&nbsp;merchant-banking subsidiary by Union Bank.<\\/p>\",\"37\":[{\"col1\":\"English and French\"}],\"22\":[{\"col1\":\"Nigerian Bar Association\"}],\"18\":\"Partner\",\"23\":[{\"col1\":\"Advising on the acquisition of a merchant-banking subsidiary by Union Bank of Nigeria PLC.\"},{\"col1\":\"Advising on the acquisition of\\u00a0Flexcube\\u00a0banking software by Union Bank of Nigeria Plc and Finnacle\\u00a0banking software by First Atlantic Bank Ltd.\"},{\"col1\":\"Advising on the acquisition of an Internet Based Money Transfer facility by First Atlantic Bank Ltd.\"},{\"col1\":\"Advising on the setting up of a Staff Share Investment scheme by First Atlantic Bank Ltd.\"},{\"col1\":\"Advising and documenting various syndicated facilities relating to Peugeot Automobile Nigeria, Intel Oil Services, G. Cappa, International Distillers, Victoria Garden Hotels and several other leading companies.\"},{\"col1\":\"Drafting, reviewing and advising on various Security Documentation including but not limited to Legal Mortgages, Debentures (Fixed, Floating and Mortgage), Equipment Leases including Sale and Lease Back contracts, pledges, guarantees and indemnities.\"},{\"col1\":\"Conducting market research and putting together the business plan of\\u00a0Venture Partners\\u00a0a start up Venture Capital Company focused on offering financial and managerial support to small and medium scale enterprises.\"}],\"4\":\"\",\"5\":\"\",\"6\":\"\",\"13\":[],\"7\":\"\",\"3\":\"\",\"8\":\"\",\"15\":[\"74\"]}}', '2015-11-17 20:11:28', '2015-11-17 20:11:28', '8402bad0-8c9f-4a82-aaa6-735eb80b7b70');
INSERT INTO `craft_entryversions` (`id`, `entryId`, `sectionId`, `creatorId`, `locale`, `num`, `notes`, `data`, `dateCreated`, `dateUpdated`, `uid`) VALUES ('109', '73', '7', '1', 'en_us', '2', '', '{\"typeId\":\"9\",\"authorId\":\"1\",\"title\":\"Wole Tejuoso\\u00a0\\u00a0\\u00a0\\u00a0\\u00a0\\u00a0\\u00a0\\u00a0\\u00a0\\u00a0\\u00a0\\u00a0\\u00a0\\u00a0\\u00a0\\u00a0\\u00a0\\u00a0\\u00a0 \",\"slug\":\"wole-tejuoso\",\"postDate\":1447790220,\"expiryDate\":null,\"enabled\":1,\"fields\":{\"35\":\"\",\"24\":[{\"col1\":\"\"}],\"36\":\"\",\"20\":[{\"col1\":\"Lagos State University (LLB); 1990 \"},{\"col1\":\"The Nigerian Bar 1991 \"},{\"col1\":\"The Washington College of Law (Masters in Law) \"},{\"col1\":\"He qualified as a Solicitor in England and Wales in 1999. \"},{\"col1\":\"He qualified as a Solicitor in England and Wales in 1999. \"}],\"21\":[{\"col1\":\"Intellectual Property \"},{\"col1\":\"Energy\"},{\"col1\":\"Banking and Finance \"},{\"col1\":\"Banking and Finance \"},{\"col1\":\"Real Estate\"}],\"14\":[\"76\"],\"19\":\"<p>Wole is responsible for intellectual property matters at GBC&nbsp;Law.&nbsp; He also focuses on real estate transactions, and corporate&nbsp;commercial law.&nbsp; He has over 19 years experience of legal practice and&nbsp;also has considerable expertise in e-commerce. He has also been involved in a&nbsp;number of transactions in the Nigerian energy sector.<\\/p>\\r\\n\\r\\n<p> <br> Wole worked as an associate at Sheikh & Co. Solicitors,&nbsp;London, before joining Merrill Lynch International Bank, London where he worked&nbsp;in the Private Banking Department. He worked as Company Secretary at Dabis&nbsp;International Company Limited, London also, before a stint at Irving &&nbsp;Bonnar where he worked with the corporate\\/commercial group on a variety of&nbsp;transactions for both domestic and international clients.<\\/p>\",\"37\":\"\",\"22\":[{\"col1\":\"He qualified as a Solicitor in England and Wales in 1999. \"},{\"col1\":\"The International Trademark Association (INTA).\"}],\"18\":\"Partner\",\"23\":\"\",\"4\":\"\",\"5\":\"\",\"6\":\"\",\"13\":[],\"7\":\"\",\"3\":\"\",\"8\":\"\",\"15\":[\"77\"]}}', '2015-11-17 20:11:43', '2015-11-17 20:11:43', 'aa47b2e8-169b-4f4e-827d-db53dd8c4659');
INSERT INTO `craft_entryversions` (`id`, `entryId`, `sectionId`, `creatorId`, `locale`, `num`, `notes`, `data`, `dateCreated`, `dateUpdated`, `uid`) VALUES ('110', '78', '7', '1', 'en_us', '1', '', '{\"typeId\":null,\"authorId\":\"1\",\"title\":\"Edwin Egede\",\"slug\":\"edwin-egede\",\"postDate\":1447791468,\"expiryDate\":null,\"enabled\":1,\"fields\":{\"35\":\"\",\"24\":[{\"col1\":\"\"}],\"36\":\"\",\"20\":[{\"col1\":\"University of Benin (LLB Hons.) \"},{\"col1\":\"University of Lagos (LLM) \"},{\"col1\":\"Cardiff University, Cardiff, Wales, United Kingdom (PhD in International Law) \"}],\"21\":[{\"col1\":\"International Law \"},{\"col1\":\"International Maritime and Trade Law \"},{\"col1\":\"Foreign Investment Law \"},{\"col1\":\"Enforcement of Foreign Judgments \"},{\"col1\":\"Oil and Gas Law \"},{\"col1\":\"Bilateral Investment Treaties \"},{\"col1\":\"State and Diplomatic Immunity Law\"}],\"14\":[\"75\"],\"19\":\"<p>Dr.&nbsp;Egede (PhD. International Law) has over 25 years extensive practice experience.&nbsp;His expertise covers a range of subjects, including International Maritime and&nbsp;Trade Law, Foreign Investment Law, Enforcement of Foreign Judgments, Oil and&nbsp;Gas Law, Bilateral Investment Treaties (BITs) claims, State and Diplomatic&nbsp;<br> immunity Law and the Law on the Regulation and Management of Offshore Mineral&nbsp;and Fisheries and all aspects of International Law. Over the years he has acted&nbsp;and \\/or provided advice to various Multinational Corporations (MNCs), Banks,&nbsp;Governments and Government agencies. He has provided advice in respect of the&nbsp;recognition and enforcement of the judgment of the Court of a Latin American&nbsp;Country in Nigeria and the application of the United States Foreign Corrupt&nbsp;Practices Act (FCPA) in Nigeria. He has also advised a State government in&nbsp;Nigeria on its rights under international law to the offshore sea-bed and the<br> resources therein. Further, he has provided advice on the impact of the<br> European Union Common Fisheries Policy.<\\/p><p>Dr.&nbsp;Egede is currently engaged in interdisciplinary teaching and research in&nbsp;International Law and International Relations at the Cardiff University and is&nbsp;a Fellow of the Higher Education Academy (FHEA), United Kingdom.&nbsp;<\\/p><p><span><\\/span>He&nbsp;has written and published books with renowned publishers and journal articles&nbsp;in peer reviewed international journals in the area of International Law.<\\/p><p><span><\\/span>Dr.&nbsp;Egede is a regular participant at local and international Conferences\\/Seminars&nbsp;and has delivered papers in various places, including the International&nbsp;Hydrographic Organisation\\/International Association of Geodesy Advisory Board&nbsp;on the Law of the Sea (ABLOS) Conference in Monaco; the African Studies&nbsp;Association of the UK (ASAUK) Conference at the Oxford University and the&nbsp;Institute for International Shipping and Trade Law, Swansea University.<\\/p>\",\"37\":\"\",\"22\":[{\"col1\":\"Nigerian Bar Association \"},{\"col1\":\"The International Law Association \"},{\"col1\":\"The Academic Council on the United Nations Systems \"},{\"col1\":\"The Legal, Economic & Regulatory Section of Gerson Lehrman Group \"},{\"col1\":\"The Welsh Centre of International Affairs (WCIA) \"},{\"col1\":\"Legal Affairs Committee, Wales, United Kingdom. \"}],\"18\":\"Consultant\",\"23\":\"\",\"4\":\"\",\"5\":\"\",\"6\":\"\",\"13\":[],\"7\":\"\",\"3\":\"\",\"8\":\"\",\"15\":[\"74\"]}}', '2015-11-17 20:17:48', '2015-11-17 20:17:48', '4cec7b6b-d44a-4896-a9f6-b6e8d552ab4e');
INSERT INTO `craft_entryversions` (`id`, `entryId`, `sectionId`, `creatorId`, `locale`, `num`, `notes`, `data`, `dateCreated`, `dateUpdated`, `uid`) VALUES ('111', '73', '7', '1', 'en_us', '3', '', '{\"typeId\":\"9\",\"authorId\":\"1\",\"title\":\"Wole Tejuoso\",\"slug\":\"wole-tejuoso\",\"postDate\":1447790220,\"expiryDate\":null,\"enabled\":1,\"fields\":{\"35\":\"\",\"24\":[{\"col1\":\"\"}],\"36\":\"\",\"20\":[{\"col1\":\"Lagos State University (LLB); 1990 \"},{\"col1\":\"The Nigerian Bar 1991 \"},{\"col1\":\"The Washington College of Law (Masters in Law) \"},{\"col1\":\"He qualified as a Solicitor in England and Wales in 1999. \"},{\"col1\":\"He qualified as a Solicitor in England and Wales in 1999. \"}],\"21\":[{\"col1\":\"Intellectual Property \"},{\"col1\":\"Energy\"},{\"col1\":\"Banking and Finance \"},{\"col1\":\"Banking and Finance \"},{\"col1\":\"Real Estate\"}],\"14\":[\"76\"],\"19\":\"<p>Wole is responsible for intellectual property matters at GBC&nbsp;Law.&nbsp; He also focuses on real estate transactions, and corporate&nbsp;commercial law.&nbsp; He has over 19 years experience of legal practice and&nbsp;also has considerable expertise in e-commerce. He has also been involved in a&nbsp;number of transactions in the Nigerian energy sector.<\\/p>\\r\\n\\r\\n<p> <br> Wole worked as an associate at Sheikh & Co. Solicitors,&nbsp;London, before joining Merrill Lynch International Bank, London where he worked&nbsp;in the Private Banking Department. He worked as Company Secretary at Dabis&nbsp;International Company Limited, London also, before a stint at Irving &&nbsp;Bonnar where he worked with the corporate\\/commercial group on a variety of&nbsp;transactions for both domestic and international clients.<\\/p>\",\"37\":\"\",\"22\":[{\"col1\":\"He qualified as a Solicitor in England and Wales in 1999. \"},{\"col1\":\"The International Trademark Association (INTA).\"}],\"18\":\"Partner\",\"23\":\"\",\"4\":\"\",\"5\":\"\",\"6\":\"\",\"13\":[],\"7\":\"\",\"3\":\"\",\"8\":\"\",\"15\":[\"77\"]}}', '2015-11-17 20:28:08', '2015-11-17 20:28:08', 'f28aaf4e-c9d5-47ba-be64-20e8159958b8');



DROP TABLE IF EXISTS `craft_fieldgroups`;


--
-- Schema for table `craft_fieldgroups`
--
CREATE TABLE `craft_fieldgroups` (
  `id` int(11) NOT NULL AUTO_INCREMENT,
  `name` varchar(255) COLLATE utf8_unicode_ci NOT NULL,
  `dateCreated` datetime NOT NULL,
  `dateUpdated` datetime NOT NULL,
  `uid` char(36) COLLATE utf8_unicode_ci NOT NULL DEFAULT '0',
  PRIMARY KEY (`id`),
  UNIQUE KEY `craft_fieldgroups_name_unq_idx` (`name`)
) ENGINE=InnoDB AUTO_INCREMENT=7 DEFAULT CHARSET=utf8 COLLATE=utf8_unicode_ci;

--
-- Data for table `craft_fieldgroups`
--

INSERT INTO `craft_fieldgroups` (`id`, `name`, `dateCreated`, `dateUpdated`, `uid`) VALUES ('1', 'Default', '2015-11-13 22:54:20', '2015-11-13 22:54:20', 'f15b7dbf-66f4-471f-8824-a481ef280f6c');
INSERT INTO `craft_fieldgroups` (`id`, `name`, `dateCreated`, `dateUpdated`, `uid`) VALUES ('2', 'Seo', '2015-11-17 07:20:16', '2015-11-17 07:20:16', '34165791-a73c-44b1-922a-3e199f916215');
INSERT INTO `craft_fieldgroups` (`id`, `name`, `dateCreated`, `dateUpdated`, `uid`) VALUES ('3', 'About', '2015-11-17 08:01:27', '2015-11-17 08:01:27', '48fce0ca-0fdc-4329-9939-5cf39c034bcf');
INSERT INTO `craft_fieldgroups` (`id`, `name`, `dateCreated`, `dateUpdated`, `uid`) VALUES ('4', 'Team', '2015-11-17 11:09:10', '2015-11-17 11:09:10', '61184f31-482d-4875-9ff8-bc9e92525667');
INSERT INTO `craft_fieldgroups` (`id`, `name`, `dateCreated`, `dateUpdated`, `uid`) VALUES ('5', 'Expertise', '2015-11-17 13:08:22', '2015-11-17 13:08:22', 'f7f0a86b-72f3-4d8b-b7dc-63c89d9bf313');
INSERT INTO `craft_fieldgroups` (`id`, `name`, `dateCreated`, `dateUpdated`, `uid`) VALUES ('6', 'Publications', '2015-11-17 14:02:55', '2015-11-17 14:02:55', 'b540c05b-e4f0-4b09-8fbc-4e1b061db263');



DROP TABLE IF EXISTS `craft_fieldlayoutfields`;


--
-- Schema for table `craft_fieldlayoutfields`
--
CREATE TABLE `craft_fieldlayoutfields` (
  `id` int(11) NOT NULL AUTO_INCREMENT,
  `layoutId` int(11) NOT NULL,
  `tabId` int(11) NOT NULL,
  `fieldId` int(11) NOT NULL,
  `required` tinyint(1) unsigned NOT NULL DEFAULT '0',
  `sortOrder` tinyint(4) DEFAULT NULL,
  `dateCreated` datetime NOT NULL,
  `dateUpdated` datetime NOT NULL,
  `uid` char(36) COLLATE utf8_unicode_ci NOT NULL DEFAULT '0',
  PRIMARY KEY (`id`),
  UNIQUE KEY `craft_fieldlayoutfields_layoutId_fieldId_unq_idx` (`layoutId`,`fieldId`),
  KEY `craft_fieldlayoutfields_sortOrder_idx` (`sortOrder`),
  KEY `craft_fieldlayoutfields_tabId_fk` (`tabId`),
  KEY `craft_fieldlayoutfields_fieldId_fk` (`fieldId`)
) ENGINE=InnoDB AUTO_INCREMENT=331 DEFAULT CHARSET=utf8 COLLATE=utf8_unicode_ci;

--
-- Data for table `craft_fieldlayoutfields`
--

INSERT INTO `craft_fieldlayoutfields` (`id`, `layoutId`, `tabId`, `fieldId`, `required`, `sortOrder`, `dateCreated`, `dateUpdated`, `uid`) VALUES ('2', '5', '2', '1', '1', '1', '2015-11-13 22:54:20', '2015-11-13 22:54:20', '719f4802-eb0b-4920-a2a8-c2aaed01a4c4');
INSERT INTO `craft_fieldlayoutfields` (`id`, `layoutId`, `tabId`, `fieldId`, `required`, `sortOrder`, `dateCreated`, `dateUpdated`, `uid`) VALUES ('3', '5', '2', '2', '0', '2', '2015-11-13 22:54:20', '2015-11-13 22:54:20', 'a4966571-e1af-46d7-aa42-978ed7015707');
INSERT INTO `craft_fieldlayoutfields` (`id`, `layoutId`, `tabId`, `fieldId`, `required`, `sortOrder`, `dateCreated`, `dateUpdated`, `uid`) VALUES ('4', '9', '3', '11', '1', '1', '2015-11-17 08:05:29', '2015-11-17 08:05:29', 'b4bc1b21-8a6e-4909-89b9-bd6b1bd74791');
INSERT INTO `craft_fieldlayoutfields` (`id`, `layoutId`, `tabId`, `fieldId`, `required`, `sortOrder`, `dateCreated`, `dateUpdated`, `uid`) VALUES ('5', '9', '3', '12', '1', '2', '2015-11-17 08:05:29', '2015-11-17 08:05:29', 'c6ee2be3-63ac-49b6-8581-af6850be0fb9');
INSERT INTO `craft_fieldlayoutfields` (`id`, `layoutId`, `tabId`, `fieldId`, `required`, `sortOrder`, `dateCreated`, `dateUpdated`, `uid`) VALUES ('32', '15', '10', '16', '0', '1', '2015-11-17 09:05:24', '2015-11-17 09:05:24', 'f75fb905-3641-47c3-bc20-966ec44118bf');
INSERT INTO `craft_fieldlayoutfields` (`id`, `layoutId`, `tabId`, `fieldId`, `required`, `sortOrder`, `dateCreated`, `dateUpdated`, `uid`) VALUES ('33', '15', '10', '14', '0', '2', '2015-11-17 09:05:24', '2015-11-17 09:05:24', '4f4772b7-14c6-4953-ba26-789c4bf95d68');
INSERT INTO `craft_fieldlayoutfields` (`id`, `layoutId`, `tabId`, `fieldId`, `required`, `sortOrder`, `dateCreated`, `dateUpdated`, `uid`) VALUES ('34', '15', '11', '4', '0', '1', '2015-11-17 09:05:24', '2015-11-17 09:05:24', 'e4e775f1-506e-49db-92fd-0c705c5434e5');
INSERT INTO `craft_fieldlayoutfields` (`id`, `layoutId`, `tabId`, `fieldId`, `required`, `sortOrder`, `dateCreated`, `dateUpdated`, `uid`) VALUES ('35', '15', '11', '5', '0', '2', '2015-11-17 09:05:24', '2015-11-17 09:05:24', '42e40831-1091-42c9-9cbb-bd5eedfe7203');
INSERT INTO `craft_fieldlayoutfields` (`id`, `layoutId`, `tabId`, `fieldId`, `required`, `sortOrder`, `dateCreated`, `dateUpdated`, `uid`) VALUES ('36', '15', '11', '6', '0', '3', '2015-11-17 09:05:24', '2015-11-17 09:05:24', '27433ccb-9e2d-4393-9dcf-059df6505d7c');
INSERT INTO `craft_fieldlayoutfields` (`id`, `layoutId`, `tabId`, `fieldId`, `required`, `sortOrder`, `dateCreated`, `dateUpdated`, `uid`) VALUES ('37', '15', '11', '13', '0', '4', '2015-11-17 09:05:24', '2015-11-17 09:05:24', '7382abda-e7ca-4a3d-8e81-d232b5a2e638');
INSERT INTO `craft_fieldlayoutfields` (`id`, `layoutId`, `tabId`, `fieldId`, `required`, `sortOrder`, `dateCreated`, `dateUpdated`, `uid`) VALUES ('38', '15', '11', '7', '0', '5', '2015-11-17 09:05:24', '2015-11-17 09:05:24', 'abcfcab1-0f4c-400b-9b94-d66fc033285c');
INSERT INTO `craft_fieldlayoutfields` (`id`, `layoutId`, `tabId`, `fieldId`, `required`, `sortOrder`, `dateCreated`, `dateUpdated`, `uid`) VALUES ('39', '15', '11', '3', '0', '6', '2015-11-17 09:05:24', '2015-11-17 09:05:24', '6593ec92-c75c-497b-ab49-aa877a8ccd79');
INSERT INTO `craft_fieldlayoutfields` (`id`, `layoutId`, `tabId`, `fieldId`, `required`, `sortOrder`, `dateCreated`, `dateUpdated`, `uid`) VALUES ('40', '15', '11', '8', '0', '7', '2015-11-17 09:05:24', '2015-11-17 09:05:24', 'eab9f792-b972-4743-9385-5da6ad1f8ec6');
INSERT INTO `craft_fieldlayoutfields` (`id`, `layoutId`, `tabId`, `fieldId`, `required`, `sortOrder`, `dateCreated`, `dateUpdated`, `uid`) VALUES ('76', '21', '20', '14', '0', '1', '2015-11-17 09:55:43', '2015-11-17 09:55:43', '118f5a0b-d954-4735-b5a6-0f8e060dc31a');
INSERT INTO `craft_fieldlayoutfields` (`id`, `layoutId`, `tabId`, `fieldId`, `required`, `sortOrder`, `dateCreated`, `dateUpdated`, `uid`) VALUES ('77', '21', '20', '16', '0', '2', '2015-11-17 09:55:43', '2015-11-17 09:55:43', '4f0f1e34-d03e-4061-bf4a-be52bfa9301d');
INSERT INTO `craft_fieldlayoutfields` (`id`, `layoutId`, `tabId`, `fieldId`, `required`, `sortOrder`, `dateCreated`, `dateUpdated`, `uid`) VALUES ('78', '21', '21', '4', '0', '1', '2015-11-17 09:55:43', '2015-11-17 09:55:43', '6671bc2a-d31f-4446-932a-faf7095236a2');
INSERT INTO `craft_fieldlayoutfields` (`id`, `layoutId`, `tabId`, `fieldId`, `required`, `sortOrder`, `dateCreated`, `dateUpdated`, `uid`) VALUES ('79', '21', '21', '5', '0', '2', '2015-11-17 09:55:43', '2015-11-17 09:55:43', '90d797b4-eb5a-443e-b93d-97e9c39d65a2');
INSERT INTO `craft_fieldlayoutfields` (`id`, `layoutId`, `tabId`, `fieldId`, `required`, `sortOrder`, `dateCreated`, `dateUpdated`, `uid`) VALUES ('80', '21', '21', '6', '0', '3', '2015-11-17 09:55:43', '2015-11-17 09:55:43', '52a6464e-e8b4-49a1-8684-33b2e9d92cd9');
INSERT INTO `craft_fieldlayoutfields` (`id`, `layoutId`, `tabId`, `fieldId`, `required`, `sortOrder`, `dateCreated`, `dateUpdated`, `uid`) VALUES ('81', '21', '21', '13', '0', '4', '2015-11-17 09:55:43', '2015-11-17 09:55:43', '8d102c20-dc5d-4d23-b6c0-c70af1f1f175');
INSERT INTO `craft_fieldlayoutfields` (`id`, `layoutId`, `tabId`, `fieldId`, `required`, `sortOrder`, `dateCreated`, `dateUpdated`, `uid`) VALUES ('82', '21', '21', '7', '0', '5', '2015-11-17 09:55:43', '2015-11-17 09:55:43', '89a22915-5a99-4acf-b9e1-aabefff0d4f3');
INSERT INTO `craft_fieldlayoutfields` (`id`, `layoutId`, `tabId`, `fieldId`, `required`, `sortOrder`, `dateCreated`, `dateUpdated`, `uid`) VALUES ('83', '21', '21', '3', '0', '6', '2015-11-17 09:55:43', '2015-11-17 09:55:43', 'c8692ded-bfee-462c-806c-50a9cef235c3');
INSERT INTO `craft_fieldlayoutfields` (`id`, `layoutId`, `tabId`, `fieldId`, `required`, `sortOrder`, `dateCreated`, `dateUpdated`, `uid`) VALUES ('84', '21', '21', '8', '0', '7', '2015-11-17 09:55:43', '2015-11-17 09:55:43', '2f59c8af-a8e0-4417-9384-68fe71eb96e1');
INSERT INTO `craft_fieldlayoutfields` (`id`, `layoutId`, `tabId`, `fieldId`, `required`, `sortOrder`, `dateCreated`, `dateUpdated`, `uid`) VALUES ('128', '26', '28', '18', '0', '1', '2015-11-17 11:27:52', '2015-11-17 11:27:52', 'ebf23c80-d265-474e-acd5-0d5c9ca9d8ea');
INSERT INTO `craft_fieldlayoutfields` (`id`, `layoutId`, `tabId`, `fieldId`, `required`, `sortOrder`, `dateCreated`, `dateUpdated`, `uid`) VALUES ('129', '26', '28', '15', '0', '2', '2015-11-17 11:27:52', '2015-11-17 11:27:52', '1dda7161-a9b9-4fe0-9052-f6df95f1137f');
INSERT INTO `craft_fieldlayoutfields` (`id`, `layoutId`, `tabId`, `fieldId`, `required`, `sortOrder`, `dateCreated`, `dateUpdated`, `uid`) VALUES ('130', '26', '28', '14', '0', '3', '2015-11-17 11:27:52', '2015-11-17 11:27:52', '95f45498-4f12-4234-8297-8ccff333cdf8');
INSERT INTO `craft_fieldlayoutfields` (`id`, `layoutId`, `tabId`, `fieldId`, `required`, `sortOrder`, `dateCreated`, `dateUpdated`, `uid`) VALUES ('131', '26', '28', '19', '0', '4', '2015-11-17 11:27:52', '2015-11-17 11:27:52', 'cb93705d-e6ab-40ec-9c4d-1fa18ac0e5f4');
INSERT INTO `craft_fieldlayoutfields` (`id`, `layoutId`, `tabId`, `fieldId`, `required`, `sortOrder`, `dateCreated`, `dateUpdated`, `uid`) VALUES ('132', '26', '28', '20', '0', '5', '2015-11-17 11:27:52', '2015-11-17 11:27:52', 'b76a6463-2540-46b6-9041-b938e7482967');
INSERT INTO `craft_fieldlayoutfields` (`id`, `layoutId`, `tabId`, `fieldId`, `required`, `sortOrder`, `dateCreated`, `dateUpdated`, `uid`) VALUES ('133', '26', '28', '21', '0', '6', '2015-11-17 11:27:52', '2015-11-17 11:27:52', 'c050adec-1c4f-476c-b626-d0c1aece278f');
INSERT INTO `craft_fieldlayoutfields` (`id`, `layoutId`, `tabId`, `fieldId`, `required`, `sortOrder`, `dateCreated`, `dateUpdated`, `uid`) VALUES ('134', '26', '28', '22', '0', '7', '2015-11-17 11:27:52', '2015-11-17 11:27:52', '1c3cfd2f-3b61-40ca-9d29-e818d4bf7bfb');
INSERT INTO `craft_fieldlayoutfields` (`id`, `layoutId`, `tabId`, `fieldId`, `required`, `sortOrder`, `dateCreated`, `dateUpdated`, `uid`) VALUES ('135', '26', '28', '23', '0', '8', '2015-11-17 11:27:52', '2015-11-17 11:27:52', '866f6026-3fd6-4118-85bd-7f6688c6f8b9');
INSERT INTO `craft_fieldlayoutfields` (`id`, `layoutId`, `tabId`, `fieldId`, `required`, `sortOrder`, `dateCreated`, `dateUpdated`, `uid`) VALUES ('136', '26', '28', '24', '0', '9', '2015-11-17 11:27:52', '2015-11-17 11:27:52', '9f501561-3bc0-426e-8841-856613ba104d');
INSERT INTO `craft_fieldlayoutfields` (`id`, `layoutId`, `tabId`, `fieldId`, `required`, `sortOrder`, `dateCreated`, `dateUpdated`, `uid`) VALUES ('137', '26', '29', '4', '0', '1', '2015-11-17 11:27:52', '2015-11-17 11:27:52', '650bc476-e751-4f71-b491-3d683bd4aae6');
INSERT INTO `craft_fieldlayoutfields` (`id`, `layoutId`, `tabId`, `fieldId`, `required`, `sortOrder`, `dateCreated`, `dateUpdated`, `uid`) VALUES ('138', '26', '29', '5', '0', '2', '2015-11-17 11:27:52', '2015-11-17 11:27:52', 'c5a80719-71fc-4f31-8a77-e7fd0f938cdc');
INSERT INTO `craft_fieldlayoutfields` (`id`, `layoutId`, `tabId`, `fieldId`, `required`, `sortOrder`, `dateCreated`, `dateUpdated`, `uid`) VALUES ('139', '26', '29', '6', '0', '3', '2015-11-17 11:27:52', '2015-11-17 11:27:52', 'ed95ff7c-1e4a-433e-9c64-296d4cd491ca');
INSERT INTO `craft_fieldlayoutfields` (`id`, `layoutId`, `tabId`, `fieldId`, `required`, `sortOrder`, `dateCreated`, `dateUpdated`, `uid`) VALUES ('140', '26', '29', '13', '0', '4', '2015-11-17 11:27:52', '2015-11-17 11:27:52', '208965d8-24f2-414a-a166-a022adc3696d');
INSERT INTO `craft_fieldlayoutfields` (`id`, `layoutId`, `tabId`, `fieldId`, `required`, `sortOrder`, `dateCreated`, `dateUpdated`, `uid`) VALUES ('141', '26', '29', '7', '0', '5', '2015-11-17 11:27:52', '2015-11-17 11:27:52', '2b42f412-a0fc-47d6-a75d-5394ad6ec79c');
INSERT INTO `craft_fieldlayoutfields` (`id`, `layoutId`, `tabId`, `fieldId`, `required`, `sortOrder`, `dateCreated`, `dateUpdated`, `uid`) VALUES ('142', '26', '29', '3', '0', '6', '2015-11-17 11:27:53', '2015-11-17 11:27:53', '33a20965-41b8-40a8-8eb6-4f90f1326e67');
INSERT INTO `craft_fieldlayoutfields` (`id`, `layoutId`, `tabId`, `fieldId`, `required`, `sortOrder`, `dateCreated`, `dateUpdated`, `uid`) VALUES ('143', '26', '29', '8', '0', '7', '2015-11-17 11:27:53', '2015-11-17 11:27:53', 'c747cbd5-c3a1-4006-aa1f-335aa6692b6d');
INSERT INTO `craft_fieldlayoutfields` (`id`, `layoutId`, `tabId`, `fieldId`, `required`, `sortOrder`, `dateCreated`, `dateUpdated`, `uid`) VALUES ('160', '28', '32', '9', '0', '1', '2015-11-17 11:35:05', '2015-11-17 11:35:05', '616e13cd-549b-4e2d-943c-a870aa428d16');
INSERT INTO `craft_fieldlayoutfields` (`id`, `layoutId`, `tabId`, `fieldId`, `required`, `sortOrder`, `dateCreated`, `dateUpdated`, `uid`) VALUES ('161', '28', '32', '17', '0', '2', '2015-11-17 11:35:05', '2015-11-17 11:35:05', '4b4d72ae-9f8f-4352-bc09-d536a21fa558');
INSERT INTO `craft_fieldlayoutfields` (`id`, `layoutId`, `tabId`, `fieldId`, `required`, `sortOrder`, `dateCreated`, `dateUpdated`, `uid`) VALUES ('162', '28', '32', '10', '0', '3', '2015-11-17 11:35:05', '2015-11-17 11:35:05', '937f7fa4-6386-4016-b175-9dc24dfa0df7');
INSERT INTO `craft_fieldlayoutfields` (`id`, `layoutId`, `tabId`, `fieldId`, `required`, `sortOrder`, `dateCreated`, `dateUpdated`, `uid`) VALUES ('163', '28', '33', '4', '0', '1', '2015-11-17 11:35:05', '2015-11-17 11:35:05', '40a8e5b3-2a3e-46c2-9ff3-19c9d6e64ae8');
INSERT INTO `craft_fieldlayoutfields` (`id`, `layoutId`, `tabId`, `fieldId`, `required`, `sortOrder`, `dateCreated`, `dateUpdated`, `uid`) VALUES ('164', '28', '33', '5', '0', '2', '2015-11-17 11:35:05', '2015-11-17 11:35:05', '49cb23fe-b574-452e-8fcd-9f0393fa893d');
INSERT INTO `craft_fieldlayoutfields` (`id`, `layoutId`, `tabId`, `fieldId`, `required`, `sortOrder`, `dateCreated`, `dateUpdated`, `uid`) VALUES ('165', '28', '33', '6', '0', '3', '2015-11-17 11:35:05', '2015-11-17 11:35:05', 'f4e055ad-54b1-45f4-80a5-c5d418064108');
INSERT INTO `craft_fieldlayoutfields` (`id`, `layoutId`, `tabId`, `fieldId`, `required`, `sortOrder`, `dateCreated`, `dateUpdated`, `uid`) VALUES ('166', '28', '33', '7', '0', '4', '2015-11-17 11:35:05', '2015-11-17 11:35:05', 'bc320bf5-3f2c-4916-97cd-5300cb553326');
INSERT INTO `craft_fieldlayoutfields` (`id`, `layoutId`, `tabId`, `fieldId`, `required`, `sortOrder`, `dateCreated`, `dateUpdated`, `uid`) VALUES ('167', '28', '33', '3', '0', '5', '2015-11-17 11:35:05', '2015-11-17 11:35:05', '0b3e49b4-55ca-499c-b8a8-1ecf4e0d5d54');
INSERT INTO `craft_fieldlayoutfields` (`id`, `layoutId`, `tabId`, `fieldId`, `required`, `sortOrder`, `dateCreated`, `dateUpdated`, `uid`) VALUES ('168', '28', '33', '13', '0', '6', '2015-11-17 11:35:05', '2015-11-17 11:35:05', 'e81a9331-1b7e-4ddb-90b6-f4a626758b68');
INSERT INTO `craft_fieldlayoutfields` (`id`, `layoutId`, `tabId`, `fieldId`, `required`, `sortOrder`, `dateCreated`, `dateUpdated`, `uid`) VALUES ('169', '28', '33', '8', '0', '7', '2015-11-17 11:35:05', '2015-11-17 11:35:05', '0bb0a120-98b1-4e3a-9efc-b84993f8cf51');
INSERT INTO `craft_fieldlayoutfields` (`id`, `layoutId`, `tabId`, `fieldId`, `required`, `sortOrder`, `dateCreated`, `dateUpdated`, `uid`) VALUES ('170', '29', '34', '15', '0', '1', '2015-11-17 11:39:33', '2015-11-17 11:39:33', 'd107cf9f-b6c6-4957-890f-9195ef2e6771');
INSERT INTO `craft_fieldlayoutfields` (`id`, `layoutId`, `tabId`, `fieldId`, `required`, `sortOrder`, `dateCreated`, `dateUpdated`, `uid`) VALUES ('171', '29', '34', '14', '0', '2', '2015-11-17 11:39:33', '2015-11-17 11:39:33', '209cd5fc-f4c9-478d-a656-e8869cc41040');
INSERT INTO `craft_fieldlayoutfields` (`id`, `layoutId`, `tabId`, `fieldId`, `required`, `sortOrder`, `dateCreated`, `dateUpdated`, `uid`) VALUES ('172', '29', '34', '19', '0', '3', '2015-11-17 11:39:33', '2015-11-17 11:39:33', '5f277f47-9174-4200-bb50-72782877109f');
INSERT INTO `craft_fieldlayoutfields` (`id`, `layoutId`, `tabId`, `fieldId`, `required`, `sortOrder`, `dateCreated`, `dateUpdated`, `uid`) VALUES ('173', '29', '34', '20', '0', '4', '2015-11-17 11:39:33', '2015-11-17 11:39:33', 'dac20388-26e2-4738-b76c-391477400411');
INSERT INTO `craft_fieldlayoutfields` (`id`, `layoutId`, `tabId`, `fieldId`, `required`, `sortOrder`, `dateCreated`, `dateUpdated`, `uid`) VALUES ('174', '29', '34', '21', '0', '5', '2015-11-17 11:39:33', '2015-11-17 11:39:33', '00c198d4-846c-47d8-82a3-b294a1543a19');
INSERT INTO `craft_fieldlayoutfields` (`id`, `layoutId`, `tabId`, `fieldId`, `required`, `sortOrder`, `dateCreated`, `dateUpdated`, `uid`) VALUES ('175', '29', '34', '22', '0', '6', '2015-11-17 11:39:33', '2015-11-17 11:39:33', 'fa36eb0e-b7fb-4349-b78e-9dd69f2279b7');
INSERT INTO `craft_fieldlayoutfields` (`id`, `layoutId`, `tabId`, `fieldId`, `required`, `sortOrder`, `dateCreated`, `dateUpdated`, `uid`) VALUES ('176', '29', '34', '18', '0', '7', '2015-11-17 11:39:33', '2015-11-17 11:39:33', 'c86ed2eb-9091-4f38-9d50-37c0571ee020');
INSERT INTO `craft_fieldlayoutfields` (`id`, `layoutId`, `tabId`, `fieldId`, `required`, `sortOrder`, `dateCreated`, `dateUpdated`, `uid`) VALUES ('177', '29', '34', '23', '0', '8', '2015-11-17 11:39:33', '2015-11-17 11:39:33', '90f0d9d5-8de4-45ed-8e25-647b7efb5672');
INSERT INTO `craft_fieldlayoutfields` (`id`, `layoutId`, `tabId`, `fieldId`, `required`, `sortOrder`, `dateCreated`, `dateUpdated`, `uid`) VALUES ('178', '29', '34', '24', '0', '9', '2015-11-17 11:39:33', '2015-11-17 11:39:33', '6c280821-f8c7-49e3-828c-5ca2a14a7e40');
INSERT INTO `craft_fieldlayoutfields` (`id`, `layoutId`, `tabId`, `fieldId`, `required`, `sortOrder`, `dateCreated`, `dateUpdated`, `uid`) VALUES ('179', '29', '35', '4', '0', '1', '2015-11-17 11:39:33', '2015-11-17 11:39:33', 'fba8cc30-a775-40d0-b348-e215c1be16bd');
INSERT INTO `craft_fieldlayoutfields` (`id`, `layoutId`, `tabId`, `fieldId`, `required`, `sortOrder`, `dateCreated`, `dateUpdated`, `uid`) VALUES ('180', '29', '35', '5', '0', '2', '2015-11-17 11:39:33', '2015-11-17 11:39:33', 'b106c4fa-5ade-435d-b53f-fe7ba05d0b6f');
INSERT INTO `craft_fieldlayoutfields` (`id`, `layoutId`, `tabId`, `fieldId`, `required`, `sortOrder`, `dateCreated`, `dateUpdated`, `uid`) VALUES ('181', '29', '35', '6', '0', '3', '2015-11-17 11:39:33', '2015-11-17 11:39:33', '013dc604-ab59-4561-82c6-9ee1fcd318fb');
INSERT INTO `craft_fieldlayoutfields` (`id`, `layoutId`, `tabId`, `fieldId`, `required`, `sortOrder`, `dateCreated`, `dateUpdated`, `uid`) VALUES ('182', '29', '35', '13', '0', '4', '2015-11-17 11:39:33', '2015-11-17 11:39:33', 'a64e91b9-8cd6-42d1-abbc-42f4e4710790');
INSERT INTO `craft_fieldlayoutfields` (`id`, `layoutId`, `tabId`, `fieldId`, `required`, `sortOrder`, `dateCreated`, `dateUpdated`, `uid`) VALUES ('183', '29', '35', '7', '0', '5', '2015-11-17 11:39:33', '2015-11-17 11:39:33', '7af89ce6-f468-4e6f-9f3d-90db13607470');
INSERT INTO `craft_fieldlayoutfields` (`id`, `layoutId`, `tabId`, `fieldId`, `required`, `sortOrder`, `dateCreated`, `dateUpdated`, `uid`) VALUES ('184', '29', '35', '3', '0', '6', '2015-11-17 11:39:33', '2015-11-17 11:39:33', 'cc3b302e-a936-4a34-99bc-041675ce072e');
INSERT INTO `craft_fieldlayoutfields` (`id`, `layoutId`, `tabId`, `fieldId`, `required`, `sortOrder`, `dateCreated`, `dateUpdated`, `uid`) VALUES ('185', '29', '35', '8', '0', '7', '2015-11-17 11:39:33', '2015-11-17 11:39:33', '06c14600-7720-45d1-996b-f0798f64df56');
INSERT INTO `craft_fieldlayoutfields` (`id`, `layoutId`, `tabId`, `fieldId`, `required`, `sortOrder`, `dateCreated`, `dateUpdated`, `uid`) VALUES ('239', '36', '44', '9', '0', '1', '2015-11-17 12:39:54', '2015-11-17 12:39:54', 'c4ac4ea7-e705-44e5-bcdd-2574467397de');
INSERT INTO `craft_fieldlayoutfields` (`id`, `layoutId`, `tabId`, `fieldId`, `required`, `sortOrder`, `dateCreated`, `dateUpdated`, `uid`) VALUES ('240', '36', '44', '10', '0', '2', '2015-11-17 12:39:54', '2015-11-17 12:39:54', 'cb3c1765-81b0-4670-b3c4-594562f2b2fd');
INSERT INTO `craft_fieldlayoutfields` (`id`, `layoutId`, `tabId`, `fieldId`, `required`, `sortOrder`, `dateCreated`, `dateUpdated`, `uid`) VALUES ('241', '36', '44', '17', '0', '3', '2015-11-17 12:39:54', '2015-11-17 12:39:54', '3ec93543-aa38-43e6-b772-4efaa5ad2393');
INSERT INTO `craft_fieldlayoutfields` (`id`, `layoutId`, `tabId`, `fieldId`, `required`, `sortOrder`, `dateCreated`, `dateUpdated`, `uid`) VALUES ('242', '36', '44', '14', '0', '4', '2015-11-17 12:39:54', '2015-11-17 12:39:54', '4962c4a9-d536-4de3-b2f1-b0bdb75174bf');
INSERT INTO `craft_fieldlayoutfields` (`id`, `layoutId`, `tabId`, `fieldId`, `required`, `sortOrder`, `dateCreated`, `dateUpdated`, `uid`) VALUES ('243', '36', '44', '15', '0', '5', '2015-11-17 12:39:54', '2015-11-17 12:39:54', 'd7af3c19-2f73-43e9-9aff-57d5a276e049');
INSERT INTO `craft_fieldlayoutfields` (`id`, `layoutId`, `tabId`, `fieldId`, `required`, `sortOrder`, `dateCreated`, `dateUpdated`, `uid`) VALUES ('244', '36', '45', '4', '0', '1', '2015-11-17 12:39:54', '2015-11-17 12:39:54', 'f5ae12f0-f83f-4b71-9ae4-b8e5aea01fd6');
INSERT INTO `craft_fieldlayoutfields` (`id`, `layoutId`, `tabId`, `fieldId`, `required`, `sortOrder`, `dateCreated`, `dateUpdated`, `uid`) VALUES ('245', '36', '45', '5', '0', '2', '2015-11-17 12:39:54', '2015-11-17 12:39:54', '581e7846-d5ad-4dc3-8b41-754cd3803da5');
INSERT INTO `craft_fieldlayoutfields` (`id`, `layoutId`, `tabId`, `fieldId`, `required`, `sortOrder`, `dateCreated`, `dateUpdated`, `uid`) VALUES ('246', '36', '45', '6', '0', '3', '2015-11-17 12:39:54', '2015-11-17 12:39:54', '58b9a86c-729a-409d-bfff-9dabffb349e4');
INSERT INTO `craft_fieldlayoutfields` (`id`, `layoutId`, `tabId`, `fieldId`, `required`, `sortOrder`, `dateCreated`, `dateUpdated`, `uid`) VALUES ('247', '36', '45', '13', '0', '4', '2015-11-17 12:39:54', '2015-11-17 12:39:54', '3fa94e0e-902a-4ab9-ad89-132d7979b063');
INSERT INTO `craft_fieldlayoutfields` (`id`, `layoutId`, `tabId`, `fieldId`, `required`, `sortOrder`, `dateCreated`, `dateUpdated`, `uid`) VALUES ('248', '36', '45', '7', '0', '5', '2015-11-17 12:39:54', '2015-11-17 12:39:54', '1bc34ac5-a2f4-4271-b481-3987ffffee26');
INSERT INTO `craft_fieldlayoutfields` (`id`, `layoutId`, `tabId`, `fieldId`, `required`, `sortOrder`, `dateCreated`, `dateUpdated`, `uid`) VALUES ('249', '36', '45', '3', '0', '6', '2015-11-17 12:39:54', '2015-11-17 12:39:54', '48f27f41-d41e-4863-b9d7-7b686ce6985f');
INSERT INTO `craft_fieldlayoutfields` (`id`, `layoutId`, `tabId`, `fieldId`, `required`, `sortOrder`, `dateCreated`, `dateUpdated`, `uid`) VALUES ('250', '36', '45', '8', '0', '7', '2015-11-17 12:39:54', '2015-11-17 12:39:54', 'f869c908-9232-4fa8-9627-a493c2e3f44b');
INSERT INTO `craft_fieldlayoutfields` (`id`, `layoutId`, `tabId`, `fieldId`, `required`, `sortOrder`, `dateCreated`, `dateUpdated`, `uid`) VALUES ('253', '39', '47', '19', '0', '1', '2015-11-17 13:15:56', '2015-11-17 13:15:56', '27c52b32-0857-4de2-9191-173fb3ad87e9');
INSERT INTO `craft_fieldlayoutfields` (`id`, `layoutId`, `tabId`, `fieldId`, `required`, `sortOrder`, `dateCreated`, `dateUpdated`, `uid`) VALUES ('254', '39', '47', '26', '0', '2', '2015-11-17 13:15:56', '2015-11-17 13:15:56', 'c08c3582-b3b3-4b18-8b9a-808db926a0b4');
INSERT INTO `craft_fieldlayoutfields` (`id`, `layoutId`, `tabId`, `fieldId`, `required`, `sortOrder`, `dateCreated`, `dateUpdated`, `uid`) VALUES ('255', '39', '47', '29', '0', '3', '2015-11-17 13:15:56', '2015-11-17 13:15:56', '0b6ae203-7629-4f82-a807-af942b228739');
INSERT INTO `craft_fieldlayoutfields` (`id`, `layoutId`, `tabId`, `fieldId`, `required`, `sortOrder`, `dateCreated`, `dateUpdated`, `uid`) VALUES ('256', '39', '47', '30', '0', '4', '2015-11-17 13:15:56', '2015-11-17 13:15:56', 'e5244e6b-a32f-4d11-a2d6-0094969c8a19');
INSERT INTO `craft_fieldlayoutfields` (`id`, `layoutId`, `tabId`, `fieldId`, `required`, `sortOrder`, `dateCreated`, `dateUpdated`, `uid`) VALUES ('257', '39', '48', '4', '0', '1', '2015-11-17 13:15:56', '2015-11-17 13:15:56', 'bfd1bdf2-6c41-45aa-ab12-77467761aee2');
INSERT INTO `craft_fieldlayoutfields` (`id`, `layoutId`, `tabId`, `fieldId`, `required`, `sortOrder`, `dateCreated`, `dateUpdated`, `uid`) VALUES ('258', '39', '48', '5', '0', '2', '2015-11-17 13:15:56', '2015-11-17 13:15:56', '1c23b264-b4f4-478f-89f0-54743f298b4d');
INSERT INTO `craft_fieldlayoutfields` (`id`, `layoutId`, `tabId`, `fieldId`, `required`, `sortOrder`, `dateCreated`, `dateUpdated`, `uid`) VALUES ('259', '39', '48', '6', '0', '3', '2015-11-17 13:15:56', '2015-11-17 13:15:56', '3a8234cc-9456-4898-91d8-bab25f6fea61');
INSERT INTO `craft_fieldlayoutfields` (`id`, `layoutId`, `tabId`, `fieldId`, `required`, `sortOrder`, `dateCreated`, `dateUpdated`, `uid`) VALUES ('260', '39', '48', '13', '0', '4', '2015-11-17 13:15:56', '2015-11-17 13:15:56', '179dd1d1-8e9e-480a-80ef-a69c014bafb5');
INSERT INTO `craft_fieldlayoutfields` (`id`, `layoutId`, `tabId`, `fieldId`, `required`, `sortOrder`, `dateCreated`, `dateUpdated`, `uid`) VALUES ('261', '39', '48', '7', '0', '5', '2015-11-17 13:15:56', '2015-11-17 13:15:56', 'c92422c6-e852-4781-9934-8fbfe6de06a9');
INSERT INTO `craft_fieldlayoutfields` (`id`, `layoutId`, `tabId`, `fieldId`, `required`, `sortOrder`, `dateCreated`, `dateUpdated`, `uid`) VALUES ('262', '39', '48', '3', '0', '6', '2015-11-17 13:15:56', '2015-11-17 13:15:56', '029d303e-7273-4c3f-a993-25f379feba6f');
INSERT INTO `craft_fieldlayoutfields` (`id`, `layoutId`, `tabId`, `fieldId`, `required`, `sortOrder`, `dateCreated`, `dateUpdated`, `uid`) VALUES ('263', '39', '48', '8', '0', '7', '2015-11-17 13:15:56', '2015-11-17 13:15:56', '07b0612f-399b-4771-83a6-634e66d26014');
INSERT INTO `craft_fieldlayoutfields` (`id`, `layoutId`, `tabId`, `fieldId`, `required`, `sortOrder`, `dateCreated`, `dateUpdated`, `uid`) VALUES ('267', '41', '50', '31', '0', '1', '2015-11-17 13:38:20', '2015-11-17 13:38:20', '6008d0c2-da27-44b8-94d3-bc94841d29d7');
INSERT INTO `craft_fieldlayoutfields` (`id`, `layoutId`, `tabId`, `fieldId`, `required`, `sortOrder`, `dateCreated`, `dateUpdated`, `uid`) VALUES ('268', '41', '50', '27', '0', '2', '2015-11-17 13:38:20', '2015-11-17 13:38:20', '63aefe10-c977-488c-bf14-2de84e755023');
INSERT INTO `craft_fieldlayoutfields` (`id`, `layoutId`, `tabId`, `fieldId`, `required`, `sortOrder`, `dateCreated`, `dateUpdated`, `uid`) VALUES ('269', '41', '50', '28', '0', '3', '2015-11-17 13:38:20', '2015-11-17 13:38:20', 'de4b2b19-b8de-4904-85ca-6cea1d0b95ff');
INSERT INTO `craft_fieldlayoutfields` (`id`, `layoutId`, `tabId`, `fieldId`, `required`, `sortOrder`, `dateCreated`, `dateUpdated`, `uid`) VALUES ('272', '45', '52', '33', '0', '1', '2015-11-17 14:11:13', '2015-11-17 14:11:13', 'd0d15d63-a064-4e04-8964-7ece6e3ad68a');
INSERT INTO `craft_fieldlayoutfields` (`id`, `layoutId`, `tabId`, `fieldId`, `required`, `sortOrder`, `dateCreated`, `dateUpdated`, `uid`) VALUES ('273', '45', '52', '32', '0', '2', '2015-11-17 14:11:13', '2015-11-17 14:11:13', '02cb246d-169c-4165-9283-e5e7ea208480');
INSERT INTO `craft_fieldlayoutfields` (`id`, `layoutId`, `tabId`, `fieldId`, `required`, `sortOrder`, `dateCreated`, `dateUpdated`, `uid`) VALUES ('276', '49', '54', '4', '0', '1', '2015-11-17 14:20:15', '2015-11-17 14:20:15', 'fd01ca8c-f409-4283-a3e9-011ff7239355');
INSERT INTO `craft_fieldlayoutfields` (`id`, `layoutId`, `tabId`, `fieldId`, `required`, `sortOrder`, `dateCreated`, `dateUpdated`, `uid`) VALUES ('277', '49', '54', '5', '0', '2', '2015-11-17 14:20:15', '2015-11-17 14:20:15', '9ff18582-5650-4294-a336-6466bea9cd92');
INSERT INTO `craft_fieldlayoutfields` (`id`, `layoutId`, `tabId`, `fieldId`, `required`, `sortOrder`, `dateCreated`, `dateUpdated`, `uid`) VALUES ('278', '49', '54', '6', '0', '3', '2015-11-17 14:20:15', '2015-11-17 14:20:15', '3d6024dc-8d9b-4aa8-a3f1-a27125279ad3');
INSERT INTO `craft_fieldlayoutfields` (`id`, `layoutId`, `tabId`, `fieldId`, `required`, `sortOrder`, `dateCreated`, `dateUpdated`, `uid`) VALUES ('279', '49', '54', '13', '0', '4', '2015-11-17 14:20:15', '2015-11-17 14:20:15', '636ea3b8-57e7-4bef-b757-5e41e792e1e1');
INSERT INTO `craft_fieldlayoutfields` (`id`, `layoutId`, `tabId`, `fieldId`, `required`, `sortOrder`, `dateCreated`, `dateUpdated`, `uid`) VALUES ('280', '49', '54', '7', '0', '5', '2015-11-17 14:20:15', '2015-11-17 14:20:15', '12769443-7065-442d-9fbd-77a4ce13f44b');
INSERT INTO `craft_fieldlayoutfields` (`id`, `layoutId`, `tabId`, `fieldId`, `required`, `sortOrder`, `dateCreated`, `dateUpdated`, `uid`) VALUES ('281', '49', '54', '3', '0', '6', '2015-11-17 14:20:15', '2015-11-17 14:20:15', 'c831b6e0-febe-4a8f-9036-4d6dd01f6513');
INSERT INTO `craft_fieldlayoutfields` (`id`, `layoutId`, `tabId`, `fieldId`, `required`, `sortOrder`, `dateCreated`, `dateUpdated`, `uid`) VALUES ('282', '49', '54', '8', '0', '7', '2015-11-17 14:20:15', '2015-11-17 14:20:15', 'a9bfd948-4d69-4058-a5a0-d32910fd865f');
INSERT INTO `craft_fieldlayoutfields` (`id`, `layoutId`, `tabId`, `fieldId`, `required`, `sortOrder`, `dateCreated`, `dateUpdated`, `uid`) VALUES ('283', '50', '55', '34', '0', '1', '2015-11-17 15:13:30', '2015-11-17 15:13:30', 'ee9e1dd6-ef1b-4dd1-a4cd-fd3faa8272b8');
INSERT INTO `craft_fieldlayoutfields` (`id`, `layoutId`, `tabId`, `fieldId`, `required`, `sortOrder`, `dateCreated`, `dateUpdated`, `uid`) VALUES ('284', '50', '56', '4', '0', '1', '2015-11-17 15:13:30', '2015-11-17 15:13:30', 'c1cd8f84-15b5-4e20-b5c1-4a5224c1625e');
INSERT INTO `craft_fieldlayoutfields` (`id`, `layoutId`, `tabId`, `fieldId`, `required`, `sortOrder`, `dateCreated`, `dateUpdated`, `uid`) VALUES ('285', '50', '56', '5', '0', '2', '2015-11-17 15:13:30', '2015-11-17 15:13:30', 'a35de6ed-9e14-4f4b-ade3-73c36b647081');
INSERT INTO `craft_fieldlayoutfields` (`id`, `layoutId`, `tabId`, `fieldId`, `required`, `sortOrder`, `dateCreated`, `dateUpdated`, `uid`) VALUES ('286', '50', '56', '6', '0', '3', '2015-11-17 15:13:30', '2015-11-17 15:13:30', 'c92dcc35-97d1-4ac3-afb4-a0aec96871e5');
INSERT INTO `craft_fieldlayoutfields` (`id`, `layoutId`, `tabId`, `fieldId`, `required`, `sortOrder`, `dateCreated`, `dateUpdated`, `uid`) VALUES ('287', '50', '56', '13', '0', '4', '2015-11-17 15:13:30', '2015-11-17 15:13:30', '1832a97f-979d-4c42-9132-ca1f95618dbb');
INSERT INTO `craft_fieldlayoutfields` (`id`, `layoutId`, `tabId`, `fieldId`, `required`, `sortOrder`, `dateCreated`, `dateUpdated`, `uid`) VALUES ('288', '50', '56', '7', '0', '5', '2015-11-17 15:13:30', '2015-11-17 15:13:30', 'a2101736-210b-4246-9e6f-acb6a0aadc69');
INSERT INTO `craft_fieldlayoutfields` (`id`, `layoutId`, `tabId`, `fieldId`, `required`, `sortOrder`, `dateCreated`, `dateUpdated`, `uid`) VALUES ('289', '50', '56', '3', '0', '6', '2015-11-17 15:13:30', '2015-11-17 15:13:30', 'c28646bf-0bd4-4234-a184-45beade07890');
INSERT INTO `craft_fieldlayoutfields` (`id`, `layoutId`, `tabId`, `fieldId`, `required`, `sortOrder`, `dateCreated`, `dateUpdated`, `uid`) VALUES ('290', '50', '56', '8', '0', '7', '2015-11-17 15:13:30', '2015-11-17 15:13:30', 'f5697172-4544-40e6-b1f3-9b464467b808');
INSERT INTO `craft_fieldlayoutfields` (`id`, `layoutId`, `tabId`, `fieldId`, `required`, `sortOrder`, `dateCreated`, `dateUpdated`, `uid`) VALUES ('291', '51', '57', '33', '0', '1', '2015-11-17 17:24:37', '2015-11-17 17:24:37', '305e5a8d-9742-405a-9fe8-b8d96b880398');
INSERT INTO `craft_fieldlayoutfields` (`id`, `layoutId`, `tabId`, `fieldId`, `required`, `sortOrder`, `dateCreated`, `dateUpdated`, `uid`) VALUES ('292', '51', '57', '32', '0', '2', '2015-11-17 17:24:37', '2015-11-17 17:24:37', '177b6c88-b9e3-4f66-825f-90e2ca97fb7d');
INSERT INTO `craft_fieldlayoutfields` (`id`, `layoutId`, `tabId`, `fieldId`, `required`, `sortOrder`, `dateCreated`, `dateUpdated`, `uid`) VALUES ('293', '51', '57', '2', '0', '3', '2015-11-17 17:24:37', '2015-11-17 17:24:37', '4ca2b72c-8feb-4c9c-a42b-d3c3f27dc339');
INSERT INTO `craft_fieldlayoutfields` (`id`, `layoutId`, `tabId`, `fieldId`, `required`, `sortOrder`, `dateCreated`, `dateUpdated`, `uid`) VALUES ('312', '53', '60', '18', '0', '1', '2015-11-17 18:47:48', '2015-11-17 18:47:48', '98dd4c34-abfe-42fc-9d79-fde49d0f18c1');
INSERT INTO `craft_fieldlayoutfields` (`id`, `layoutId`, `tabId`, `fieldId`, `required`, `sortOrder`, `dateCreated`, `dateUpdated`, `uid`) VALUES ('313', '53', '60', '15', '0', '2', '2015-11-17 18:47:48', '2015-11-17 18:47:48', 'eabdb4e1-0c58-4fe4-873d-8913b2e46d49');
INSERT INTO `craft_fieldlayoutfields` (`id`, `layoutId`, `tabId`, `fieldId`, `required`, `sortOrder`, `dateCreated`, `dateUpdated`, `uid`) VALUES ('314', '53', '60', '14', '0', '3', '2015-11-17 18:47:48', '2015-11-17 18:47:48', '18961daf-8457-4b50-9b9d-873993b1f59d');
INSERT INTO `craft_fieldlayoutfields` (`id`, `layoutId`, `tabId`, `fieldId`, `required`, `sortOrder`, `dateCreated`, `dateUpdated`, `uid`) VALUES ('315', '53', '60', '19', '0', '4', '2015-11-17 18:47:48', '2015-11-17 18:47:48', '397f6a80-3b1f-4afc-bc0b-2511a28bb16a');
INSERT INTO `craft_fieldlayoutfields` (`id`, `layoutId`, `tabId`, `fieldId`, `required`, `sortOrder`, `dateCreated`, `dateUpdated`, `uid`) VALUES ('316', '53', '60', '20', '0', '5', '2015-11-17 18:47:48', '2015-11-17 18:47:48', 'dd2052c1-a7db-4efc-88b0-1a7255a57231');
INSERT INTO `craft_fieldlayoutfields` (`id`, `layoutId`, `tabId`, `fieldId`, `required`, `sortOrder`, `dateCreated`, `dateUpdated`, `uid`) VALUES ('317', '53', '60', '21', '0', '6', '2015-11-17 18:47:48', '2015-11-17 18:47:48', '97747c70-65e8-40e8-9fb7-d714ff76fdae');
INSERT INTO `craft_fieldlayoutfields` (`id`, `layoutId`, `tabId`, `fieldId`, `required`, `sortOrder`, `dateCreated`, `dateUpdated`, `uid`) VALUES ('318', '53', '60', '22', '0', '7', '2015-11-17 18:47:48', '2015-11-17 18:47:48', 'e3dad6ad-ae95-4e53-881e-8f5014e0e043');
INSERT INTO `craft_fieldlayoutfields` (`id`, `layoutId`, `tabId`, `fieldId`, `required`, `sortOrder`, `dateCreated`, `dateUpdated`, `uid`) VALUES ('319', '53', '60', '37', '0', '8', '2015-11-17 18:47:48', '2015-11-17 18:47:48', '0c886845-fb2b-4683-b9ab-b9100b921214');
INSERT INTO `craft_fieldlayoutfields` (`id`, `layoutId`, `tabId`, `fieldId`, `required`, `sortOrder`, `dateCreated`, `dateUpdated`, `uid`) VALUES ('320', '53', '60', '36', '0', '9', '2015-11-17 18:47:48', '2015-11-17 18:47:48', '63512603-83fb-429c-bf2a-3d269afd0126');
INSERT INTO `craft_fieldlayoutfields` (`id`, `layoutId`, `tabId`, `fieldId`, `required`, `sortOrder`, `dateCreated`, `dateUpdated`, `uid`) VALUES ('321', '53', '60', '23', '0', '10', '2015-11-17 18:47:48', '2015-11-17 18:47:48', '8672640c-0d08-4861-aeec-df58d07bb637');
INSERT INTO `craft_fieldlayoutfields` (`id`, `layoutId`, `tabId`, `fieldId`, `required`, `sortOrder`, `dateCreated`, `dateUpdated`, `uid`) VALUES ('322', '53', '60', '24', '0', '11', '2015-11-17 18:47:48', '2015-11-17 18:47:48', 'b7b63160-f664-4999-97f3-9632777d589f');
INSERT INTO `craft_fieldlayoutfields` (`id`, `layoutId`, `tabId`, `fieldId`, `required`, `sortOrder`, `dateCreated`, `dateUpdated`, `uid`) VALUES ('323', '53', '60', '35', '0', '12', '2015-11-17 18:47:48', '2015-11-17 18:47:48', '1a918c88-450c-4e63-9a24-32b54d5d27b0');
INSERT INTO `craft_fieldlayoutfields` (`id`, `layoutId`, `tabId`, `fieldId`, `required`, `sortOrder`, `dateCreated`, `dateUpdated`, `uid`) VALUES ('324', '53', '61', '4', '0', '1', '2015-11-17 18:47:48', '2015-11-17 18:47:48', '14b821fd-7655-47cb-9f26-85fe9edc7247');
INSERT INTO `craft_fieldlayoutfields` (`id`, `layoutId`, `tabId`, `fieldId`, `required`, `sortOrder`, `dateCreated`, `dateUpdated`, `uid`) VALUES ('325', '53', '61', '5', '0', '2', '2015-11-17 18:47:48', '2015-11-17 18:47:48', 'ac671d29-2011-47cf-8a2f-ec54b27f0e28');
INSERT INTO `craft_fieldlayoutfields` (`id`, `layoutId`, `tabId`, `fieldId`, `required`, `sortOrder`, `dateCreated`, `dateUpdated`, `uid`) VALUES ('326', '53', '61', '6', '0', '3', '2015-11-17 18:47:48', '2015-11-17 18:47:48', 'f9a835ec-b4ef-4499-956c-1537ec1e8bf1');
INSERT INTO `craft_fieldlayoutfields` (`id`, `layoutId`, `tabId`, `fieldId`, `required`, `sortOrder`, `dateCreated`, `dateUpdated`, `uid`) VALUES ('327', '53', '61', '13', '0', '4', '2015-11-17 18:47:48', '2015-11-17 18:47:48', '040c268a-0ba7-4195-9dce-ef9bbc3acb53');
INSERT INTO `craft_fieldlayoutfields` (`id`, `layoutId`, `tabId`, `fieldId`, `required`, `sortOrder`, `dateCreated`, `dateUpdated`, `uid`) VALUES ('328', '53', '61', '7', '0', '5', '2015-11-17 18:47:48', '2015-11-17 18:47:48', 'c617fff7-e772-4383-80e4-b0977ec13f41');
INSERT INTO `craft_fieldlayoutfields` (`id`, `layoutId`, `tabId`, `fieldId`, `required`, `sortOrder`, `dateCreated`, `dateUpdated`, `uid`) VALUES ('329', '53', '61', '3', '0', '6', '2015-11-17 18:47:48', '2015-11-17 18:47:48', 'f2ed4814-518a-4216-a1fa-418b7215ea5b');
INSERT INTO `craft_fieldlayoutfields` (`id`, `layoutId`, `tabId`, `fieldId`, `required`, `sortOrder`, `dateCreated`, `dateUpdated`, `uid`) VALUES ('330', '53', '61', '8', '0', '7', '2015-11-17 18:47:48', '2015-11-17 18:47:48', '5b7da91a-c4e9-4dd9-8032-9b7d6d49ec98');



DROP TABLE IF EXISTS `craft_fieldlayouts`;


--
-- Schema for table `craft_fieldlayouts`
--
CREATE TABLE `craft_fieldlayouts` (
  `id` int(11) NOT NULL AUTO_INCREMENT,
  `type` varchar(150) COLLATE utf8_unicode_ci NOT NULL,
  `dateCreated` datetime NOT NULL,
  `dateUpdated` datetime NOT NULL,
  `uid` char(36) COLLATE utf8_unicode_ci NOT NULL DEFAULT '0',
  PRIMARY KEY (`id`),
  KEY `craft_fieldlayouts_type_idx` (`type`)
) ENGINE=InnoDB AUTO_INCREMENT=54 DEFAULT CHARSET=utf8 COLLATE=utf8_unicode_ci;

--
-- Data for table `craft_fieldlayouts`
--

INSERT INTO `craft_fieldlayouts` (`id`, `type`, `dateCreated`, `dateUpdated`, `uid`) VALUES ('1', 'Tag', '2015-11-13 22:54:20', '2015-11-13 22:54:20', '42857387-b276-4898-b6d0-4529a1e528bf');
INSERT INTO `craft_fieldlayouts` (`id`, `type`, `dateCreated`, `dateUpdated`, `uid`) VALUES ('5', 'Entry', '2015-11-13 22:54:20', '2015-11-13 22:54:20', 'cb27085e-f869-47d4-8fb5-6a7576c3fe85');
INSERT INTO `craft_fieldlayouts` (`id`, `type`, `dateCreated`, `dateUpdated`, `uid`) VALUES ('6', 'Asset', '2015-11-17 07:49:49', '2015-11-17 07:49:49', '899e17d5-f897-43f9-be21-995cc928803a');
INSERT INTO `craft_fieldlayouts` (`id`, `type`, `dateCreated`, `dateUpdated`, `uid`) VALUES ('7', 'Asset', '2015-11-17 08:00:19', '2015-11-17 08:00:19', '634bd7cc-da51-4062-8f3a-f1270f91d93a');
INSERT INTO `craft_fieldlayouts` (`id`, `type`, `dateCreated`, `dateUpdated`, `uid`) VALUES ('8', 'Asset', '2015-11-17 08:00:40', '2015-11-17 08:00:40', '64a38c4a-d53f-4f12-bd57-f68483624f96');
INSERT INTO `craft_fieldlayouts` (`id`, `type`, `dateCreated`, `dateUpdated`, `uid`) VALUES ('9', 'MatrixBlock', '2015-11-17 08:05:29', '2015-11-17 08:05:29', '0ebdfd65-01c1-41b4-9530-df1ff47b87f4');
INSERT INTO `craft_fieldlayouts` (`id`, `type`, `dateCreated`, `dateUpdated`, `uid`) VALUES ('15', 'Entry', '2015-11-17 09:05:24', '2015-11-17 09:05:24', '7d82852e-e307-4c87-90a1-dcd4facdc303');
INSERT INTO `craft_fieldlayouts` (`id`, `type`, `dateCreated`, `dateUpdated`, `uid`) VALUES ('21', 'Entry', '2015-11-17 09:55:43', '2015-11-17 09:55:43', '066c8946-20c6-4db3-9042-95f9a9738baa');
INSERT INTO `craft_fieldlayouts` (`id`, `type`, `dateCreated`, `dateUpdated`, `uid`) VALUES ('26', 'Entry', '2015-11-17 11:27:52', '2015-11-17 11:27:52', 'd8c5ef77-543d-4b33-b23e-530364d2923c');
INSERT INTO `craft_fieldlayouts` (`id`, `type`, `dateCreated`, `dateUpdated`, `uid`) VALUES ('28', 'Entry', '2015-11-17 11:35:05', '2015-11-17 11:35:05', 'feabbd85-3331-4eef-a1c8-20628d34aeee');
INSERT INTO `craft_fieldlayouts` (`id`, `type`, `dateCreated`, `dateUpdated`, `uid`) VALUES ('29', 'Entry', '2015-11-17 11:39:33', '2015-11-17 11:39:33', 'cfd97edc-fc3b-4c52-a9d3-026b6ffd24a4');
INSERT INTO `craft_fieldlayouts` (`id`, `type`, `dateCreated`, `dateUpdated`, `uid`) VALUES ('36', 'Entry', '2015-11-17 12:39:54', '2015-11-17 12:39:54', '611f8a60-ff8b-4d59-b9c8-6779dcb3651f');
INSERT INTO `craft_fieldlayouts` (`id`, `type`, `dateCreated`, `dateUpdated`, `uid`) VALUES ('39', 'Entry', '2015-11-17 13:15:56', '2015-11-17 13:15:56', 'd56a1959-febe-40b0-aa6e-5df508ddef1f');
INSERT INTO `craft_fieldlayouts` (`id`, `type`, `dateCreated`, `dateUpdated`, `uid`) VALUES ('41', 'MatrixBlock', '2015-11-17 13:38:20', '2015-11-17 13:38:20', '64814739-7e8b-444f-b413-ec02f5851028');
INSERT INTO `craft_fieldlayouts` (`id`, `type`, `dateCreated`, `dateUpdated`, `uid`) VALUES ('42', 'Asset', '2015-11-17 14:03:56', '2015-11-17 14:03:56', 'e56baf91-7b6d-49ab-813c-476b4a4fb054');
INSERT INTO `craft_fieldlayouts` (`id`, `type`, `dateCreated`, `dateUpdated`, `uid`) VALUES ('45', 'Entry', '2015-11-17 14:11:13', '2015-11-17 14:11:13', '2f4acf27-08fc-49de-b082-b18255e9d212');
INSERT INTO `craft_fieldlayouts` (`id`, `type`, `dateCreated`, `dateUpdated`, `uid`) VALUES ('49', 'Entry', '2015-11-17 14:20:15', '2015-11-17 14:20:15', '8c0a1a15-6176-454f-9648-09be30357230');
INSERT INTO `craft_fieldlayouts` (`id`, `type`, `dateCreated`, `dateUpdated`, `uid`) VALUES ('50', 'Entry', '2015-11-17 15:13:30', '2015-11-17 15:13:30', 'f69aaf3e-60e1-4c1e-bd30-bf5f652bd935');
INSERT INTO `craft_fieldlayouts` (`id`, `type`, `dateCreated`, `dateUpdated`, `uid`) VALUES ('51', 'Entry', '2015-11-17 17:24:37', '2015-11-17 17:24:37', '5a0a6910-255d-4bcb-89bb-3feca98e42fb');
INSERT INTO `craft_fieldlayouts` (`id`, `type`, `dateCreated`, `dateUpdated`, `uid`) VALUES ('53', 'Entry', '2015-11-17 18:47:48', '2015-11-17 18:47:48', 'c3be3dc7-d1d5-4646-8b43-3182c0b0a0b9');



DROP TABLE IF EXISTS `craft_fieldlayouttabs`;


--
-- Schema for table `craft_fieldlayouttabs`
--
CREATE TABLE `craft_fieldlayouttabs` (
  `id` int(11) NOT NULL AUTO_INCREMENT,
  `layoutId` int(11) NOT NULL,
  `name` varchar(255) COLLATE utf8_unicode_ci NOT NULL,
  `sortOrder` tinyint(4) DEFAULT NULL,
  `dateCreated` datetime NOT NULL,
  `dateUpdated` datetime NOT NULL,
  `uid` char(36) COLLATE utf8_unicode_ci NOT NULL DEFAULT '0',
  PRIMARY KEY (`id`),
  KEY `craft_fieldlayouttabs_sortOrder_idx` (`sortOrder`),
  KEY `craft_fieldlayouttabs_layoutId_fk` (`layoutId`)
) ENGINE=InnoDB AUTO_INCREMENT=62 DEFAULT CHARSET=utf8 COLLATE=utf8_unicode_ci;

--
-- Data for table `craft_fieldlayouttabs`
--

INSERT INTO `craft_fieldlayouttabs` (`id`, `layoutId`, `name`, `sortOrder`, `dateCreated`, `dateUpdated`, `uid`) VALUES ('2', '5', 'Content', '1', '2015-11-13 22:54:20', '2015-11-13 22:54:20', '10e4c9d1-dace-4bef-b06d-11a687e4153c');
INSERT INTO `craft_fieldlayouttabs` (`id`, `layoutId`, `name`, `sortOrder`, `dateCreated`, `dateUpdated`, `uid`) VALUES ('3', '9', 'Content', '1', '2015-11-17 08:05:29', '2015-11-17 08:05:29', '8977ace8-4835-4c9d-a4e4-a31a1fff35ad');
INSERT INTO `craft_fieldlayouttabs` (`id`, `layoutId`, `name`, `sortOrder`, `dateCreated`, `dateUpdated`, `uid`) VALUES ('10', '15', 'Content', '1', '2015-11-17 09:05:24', '2015-11-17 09:05:24', 'c517a838-c250-49fe-b03d-45f4074bf2bb');
INSERT INTO `craft_fieldlayouttabs` (`id`, `layoutId`, `name`, `sortOrder`, `dateCreated`, `dateUpdated`, `uid`) VALUES ('11', '15', 'Seo', '2', '2015-11-17 09:05:24', '2015-11-17 09:05:24', '140a94b8-a2d2-442c-a2eb-1f7c58e1a9f7');
INSERT INTO `craft_fieldlayouttabs` (`id`, `layoutId`, `name`, `sortOrder`, `dateCreated`, `dateUpdated`, `uid`) VALUES ('20', '21', 'Content', '1', '2015-11-17 09:55:43', '2015-11-17 09:55:43', 'd97ee5f8-2f45-4a33-90b6-09f60154fd9f');
INSERT INTO `craft_fieldlayouttabs` (`id`, `layoutId`, `name`, `sortOrder`, `dateCreated`, `dateUpdated`, `uid`) VALUES ('21', '21', 'Seo', '2', '2015-11-17 09:55:43', '2015-11-17 09:55:43', '870c7d5b-e5d2-486a-96fa-20710b4901da');
INSERT INTO `craft_fieldlayouttabs` (`id`, `layoutId`, `name`, `sortOrder`, `dateCreated`, `dateUpdated`, `uid`) VALUES ('28', '26', 'Team', '1', '2015-11-17 11:27:52', '2015-11-17 11:27:52', '05e6151d-9fe6-41ad-9e38-444d2488d475');
INSERT INTO `craft_fieldlayouttabs` (`id`, `layoutId`, `name`, `sortOrder`, `dateCreated`, `dateUpdated`, `uid`) VALUES ('29', '26', 'Seo', '2', '2015-11-17 11:27:52', '2015-11-17 11:27:52', '3c95f56e-c656-42be-b622-c2d5049b7ac9');
INSERT INTO `craft_fieldlayouttabs` (`id`, `layoutId`, `name`, `sortOrder`, `dateCreated`, `dateUpdated`, `uid`) VALUES ('32', '28', 'About', '1', '2015-11-17 11:35:05', '2015-11-17 11:35:05', '042b9cf9-d0d0-4111-a3f5-98976133447d');
INSERT INTO `craft_fieldlayouttabs` (`id`, `layoutId`, `name`, `sortOrder`, `dateCreated`, `dateUpdated`, `uid`) VALUES ('33', '28', 'Seo', '2', '2015-11-17 11:35:05', '2015-11-17 11:35:05', '96da1db2-9ff0-44c7-9eac-354e4b5bf6bc');
INSERT INTO `craft_fieldlayouttabs` (`id`, `layoutId`, `name`, `sortOrder`, `dateCreated`, `dateUpdated`, `uid`) VALUES ('34', '29', 'Team', '1', '2015-11-17 11:39:33', '2015-11-17 11:39:33', '48b33277-49ac-4a8d-b78f-84dab5d05406');
INSERT INTO `craft_fieldlayouttabs` (`id`, `layoutId`, `name`, `sortOrder`, `dateCreated`, `dateUpdated`, `uid`) VALUES ('35', '29', 'Seo', '2', '2015-11-17 11:39:33', '2015-11-17 11:39:33', 'fbe29270-0451-4ca3-b703-537a63bacc2b');
INSERT INTO `craft_fieldlayouttabs` (`id`, `layoutId`, `name`, `sortOrder`, `dateCreated`, `dateUpdated`, `uid`) VALUES ('44', '36', 'About', '1', '2015-11-17 12:39:54', '2015-11-17 12:39:54', 'aaef625e-6dd9-4482-8900-607b3782d055');
INSERT INTO `craft_fieldlayouttabs` (`id`, `layoutId`, `name`, `sortOrder`, `dateCreated`, `dateUpdated`, `uid`) VALUES ('45', '36', 'Seo', '2', '2015-11-17 12:39:54', '2015-11-17 12:39:54', '33e24321-cbc7-47ee-b425-3458a27df345');
INSERT INTO `craft_fieldlayouttabs` (`id`, `layoutId`, `name`, `sortOrder`, `dateCreated`, `dateUpdated`, `uid`) VALUES ('47', '39', 'Expertise', '1', '2015-11-17 13:15:56', '2015-11-17 13:15:56', 'db89f853-45c2-4447-8cac-3b1748d793ab');
INSERT INTO `craft_fieldlayouttabs` (`id`, `layoutId`, `name`, `sortOrder`, `dateCreated`, `dateUpdated`, `uid`) VALUES ('48', '39', 'Seo', '2', '2015-11-17 13:15:56', '2015-11-17 13:15:56', '0f690f31-45d2-4c66-a991-e35eb493b5bb');
INSERT INTO `craft_fieldlayouttabs` (`id`, `layoutId`, `name`, `sortOrder`, `dateCreated`, `dateUpdated`, `uid`) VALUES ('50', '41', 'Content', '1', '2015-11-17 13:38:20', '2015-11-17 13:38:20', '392a234b-53fc-4893-a094-bd8ded50a979');
INSERT INTO `craft_fieldlayouttabs` (`id`, `layoutId`, `name`, `sortOrder`, `dateCreated`, `dateUpdated`, `uid`) VALUES ('52', '45', 'Publications', '1', '2015-11-17 14:11:13', '2015-11-17 14:11:13', '23cefba5-7b41-4ddb-a8f1-9253f037c725');
INSERT INTO `craft_fieldlayouttabs` (`id`, `layoutId`, `name`, `sortOrder`, `dateCreated`, `dateUpdated`, `uid`) VALUES ('54', '49', 'Seo', '1', '2015-11-17 14:20:15', '2015-11-17 14:20:15', '36925ccf-292c-4574-ae9a-d74ae37626d6');
INSERT INTO `craft_fieldlayouttabs` (`id`, `layoutId`, `name`, `sortOrder`, `dateCreated`, `dateUpdated`, `uid`) VALUES ('55', '50', 'Content', '1', '2015-11-17 15:13:30', '2015-11-17 15:13:30', 'a6859f4e-2812-499b-b1b9-55e722a5d930');
INSERT INTO `craft_fieldlayouttabs` (`id`, `layoutId`, `name`, `sortOrder`, `dateCreated`, `dateUpdated`, `uid`) VALUES ('56', '50', 'Seo', '2', '2015-11-17 15:13:30', '2015-11-17 15:13:30', 'd6b516a1-d836-432c-b72b-b23942dfc080');
INSERT INTO `craft_fieldlayouttabs` (`id`, `layoutId`, `name`, `sortOrder`, `dateCreated`, `dateUpdated`, `uid`) VALUES ('57', '51', 'Publications', '1', '2015-11-17 17:24:37', '2015-11-17 17:24:37', '3be90477-d4a7-4b6b-b991-9e1e3c9aca61');
INSERT INTO `craft_fieldlayouttabs` (`id`, `layoutId`, `name`, `sortOrder`, `dateCreated`, `dateUpdated`, `uid`) VALUES ('60', '53', 'Team', '1', '2015-11-17 18:47:48', '2015-11-17 18:47:48', '942c14ab-8435-4a67-9708-9d12aaef5676');
INSERT INTO `craft_fieldlayouttabs` (`id`, `layoutId`, `name`, `sortOrder`, `dateCreated`, `dateUpdated`, `uid`) VALUES ('61', '53', 'Seo', '2', '2015-11-17 18:47:48', '2015-11-17 18:47:48', '029e8d84-9344-460f-99d9-1cccb9d3b465');



DROP TABLE IF EXISTS `craft_fields`;


--
-- Schema for table `craft_fields`
--
CREATE TABLE `craft_fields` (
  `id` int(11) NOT NULL AUTO_INCREMENT,
  `groupId` int(11) DEFAULT NULL,
  `name` varchar(255) COLLATE utf8_unicode_ci NOT NULL,
  `handle` varchar(58) COLLATE utf8_unicode_ci NOT NULL,
  `context` varchar(255) COLLATE utf8_unicode_ci NOT NULL DEFAULT 'global',
  `instructions` text COLLATE utf8_unicode_ci,
  `translatable` tinyint(1) unsigned NOT NULL DEFAULT '0',
  `type` varchar(150) COLLATE utf8_unicode_ci NOT NULL,
  `settings` text COLLATE utf8_unicode_ci,
  `dateCreated` datetime NOT NULL,
  `dateUpdated` datetime NOT NULL,
  `uid` char(36) COLLATE utf8_unicode_ci NOT NULL DEFAULT '0',
  PRIMARY KEY (`id`),
  UNIQUE KEY `craft_fields_handle_context_unq_idx` (`handle`,`context`),
  KEY `craft_fields_context_idx` (`context`),
  KEY `craft_fields_groupId_fk` (`groupId`)
) ENGINE=InnoDB AUTO_INCREMENT=38 DEFAULT CHARSET=utf8 COLLATE=utf8_unicode_ci;

--
-- Data for table `craft_fields`
--

INSERT INTO `craft_fields` (`id`, `groupId`, `name`, `handle`, `context`, `instructions`, `translatable`, `type`, `settings`, `dateCreated`, `dateUpdated`, `uid`) VALUES ('1', '1', 'Body', 'body', 'global', '', '0', 'RichText', '{\"configFile\":\"Standard.json\",\"cleanupHtml\":\"\",\"purifyHtml\":\"\",\"columnType\":\"text\"}', '2015-11-13 22:54:20', '2015-11-17 10:10:31', '0400679b-7d04-458f-9fd2-d27cc7e9f168');
INSERT INTO `craft_fields` (`id`, `groupId`, `name`, `handle`, `context`, `instructions`, `translatable`, `type`, `settings`, `dateCreated`, `dateUpdated`, `uid`) VALUES ('2', '1', 'Tags', 'tags', 'global', NULL, '0', 'Tags', '{\"source\":\"taggroup:1\"}', '2015-11-13 22:54:20', '2015-11-13 22:54:20', '4b457b37-eeb9-4c0b-b9ed-7ad9b1645cfb');
INSERT INTO `craft_fields` (`id`, `groupId`, `name`, `handle`, `context`, `instructions`, `translatable`, `type`, `settings`, `dateCreated`, `dateUpdated`, `uid`) VALUES ('3', '2', 'SEO Title', 'seoTitle', 'global', 'SEO Title, will use title of page if blank', '0', 'PlainText', '{\"placeholder\":\"\",\"maxLength\":\"\",\"multiline\":\"\",\"initialRows\":\"4\"}', '2015-11-17 07:26:11', '2015-11-17 07:26:11', '8a2c2607-29ef-47e9-b000-f8e666942723');
INSERT INTO `craft_fields` (`id`, `groupId`, `name`, `handle`, `context`, `instructions`, `translatable`, `type`, `settings`, `dateCreated`, `dateUpdated`, `uid`) VALUES ('4', '2', 'SEO Author', 'seoAuthor', 'global', 'Author of Content will use GBC if blank', '0', 'PlainText', '{\"placeholder\":\"\",\"maxLength\":\"\",\"multiline\":\"\",\"initialRows\":\"4\"}', '2015-11-17 07:27:39', '2015-11-17 07:27:39', '919a2a1d-d34a-4e39-91d9-875a53dfd17f');
INSERT INTO `craft_fields` (`id`, `groupId`, `name`, `handle`, `context`, `instructions`, `translatable`, `type`, `settings`, `dateCreated`, `dateUpdated`, `uid`) VALUES ('5', '2', 'SEO Canonical URL', 'seoCanonical', 'global', 'Canonical URL of page', '0', 'PlainText', '{\"placeholder\":\"\",\"maxLength\":\"\",\"multiline\":\"\",\"initialRows\":\"4\"}', '2015-11-17 07:30:19', '2015-11-17 08:30:01', '1eec4226-6896-4063-aa33-f86098cde60a');
INSERT INTO `craft_fields` (`id`, `groupId`, `name`, `handle`, `context`, `instructions`, `translatable`, `type`, `settings`, `dateCreated`, `dateUpdated`, `uid`) VALUES ('6', '2', 'SEO Description', 'seoDescription', 'global', 'Page Description, keep the character count below 160 counts', '0', 'PlainText', '{\"placeholder\":\"\",\"maxLength\":\"160\",\"multiline\":\"\",\"initialRows\":\"4\"}', '2015-11-17 07:35:10', '2015-11-17 07:35:10', '0d7629cf-257a-4e31-bca6-fb44c18df8fa');
INSERT INTO `craft_fields` (`id`, `groupId`, `name`, `handle`, `context`, `instructions`, `translatable`, `type`, `settings`, `dateCreated`, `dateUpdated`, `uid`) VALUES ('7', '2', 'SEO Keywords', 'seoKeywords', 'global', 'Page Keywords', '0', 'PlainText', '{\"placeholder\":\"\",\"maxLength\":\"\",\"multiline\":\"\",\"initialRows\":\"4\"}', '2015-11-17 07:45:34', '2015-11-17 07:45:34', '2d82c714-89c2-4ae7-81ff-73656ba9e839');
INSERT INTO `craft_fields` (`id`, `groupId`, `name`, `handle`, `context`, `instructions`, `translatable`, `type`, `settings`, `dateCreated`, `dateUpdated`, `uid`) VALUES ('8', '2', 'SEO Type', 'seoType', 'global', 'Type of content', '0', 'PlainText', '{\"placeholder\":\"\",\"maxLength\":\"\",\"multiline\":\"\",\"initialRows\":\"4\"}', '2015-11-17 07:46:36', '2015-11-17 07:46:36', 'dd0edc30-9091-497e-a3f9-c160c3d27b2b');
INSERT INTO `craft_fields` (`id`, `groupId`, `name`, `handle`, `context`, `instructions`, `translatable`, `type`, `settings`, `dateCreated`, `dateUpdated`, `uid`) VALUES ('9', '3', 'About Text', 'aboutText', 'global', 'Text for the about us landing page', '0', 'RichText', '{\"configFile\":\"Standard.json\",\"cleanupHtml\":\"\",\"purifyHtml\":\"\",\"columnType\":\"text\"}', '2015-11-17 08:02:13', '2015-11-17 10:00:07', '073eed14-54af-4543-80ac-c8b1a8007222');
INSERT INTO `craft_fields` (`id`, `groupId`, `name`, `handle`, `context`, `instructions`, `translatable`, `type`, `settings`, `dateCreated`, `dateUpdated`, `uid`) VALUES ('10', '3', 'Clients', 'clients', 'global', 'Enter client assets. Name and Logo', '0', 'Matrix', '{\"maxBlocks\":\"1\"}', '2015-11-17 08:05:29', '2015-11-17 08:05:29', '9bcd7ec5-7e2d-4f6f-bff5-fd11e3677be5');
INSERT INTO `craft_fields` (`id`, `groupId`, `name`, `handle`, `context`, `instructions`, `translatable`, `type`, `settings`, `dateCreated`, `dateUpdated`, `uid`) VALUES ('11', NULL, 'Client Name', 'clientName', 'matrixBlockType:1', 'Name of client. e.g. Exxon Mobil', '0', 'PlainText', '{\"placeholder\":\"\",\"maxLength\":\"\",\"multiline\":\"\",\"initialRows\":\"4\"}', '2015-11-17 08:05:29', '2015-11-17 08:05:29', 'bcdb2bb2-f223-4d63-82e1-19b6ed0f6a75');
INSERT INTO `craft_fields` (`id`, `groupId`, `name`, `handle`, `context`, `instructions`, `translatable`, `type`, `settings`, `dateCreated`, `dateUpdated`, `uid`) VALUES ('12', NULL, 'Client Logo', 'clientLogo', 'matrixBlockType:1', 'Upload client logo', '0', 'Assets', '{\"useSingleFolder\":\"1\",\"sources\":\"*\",\"defaultUploadLocationSource\":\"1\",\"defaultUploadLocationSubpath\":\"\",\"singleUploadLocationSource\":\"2\",\"singleUploadLocationSubpath\":\"\",\"restrictFiles\":\"1\",\"allowedKinds\":[\"image\"],\"limit\":\"1\",\"viewMode\":\"large\",\"selectionLabel\":\"Upload Logo\"}', '2015-11-17 08:05:29', '2015-11-17 08:05:29', '4f6d577e-5b5e-4bbf-be1d-1a4e974e35d0');
INSERT INTO `craft_fields` (`id`, `groupId`, `name`, `handle`, `context`, `instructions`, `translatable`, `type`, `settings`, `dateCreated`, `dateUpdated`, `uid`) VALUES ('13', '2', 'SEO Image', 'seoImage', 'global', '', '0', 'Assets', '{\"useSingleFolder\":\"1\",\"sources\":\"*\",\"defaultUploadLocationSource\":\"1\",\"defaultUploadLocationSubpath\":\"\",\"singleUploadLocationSource\":\"1\",\"singleUploadLocationSubpath\":\"\",\"restrictFiles\":\"1\",\"allowedKinds\":[\"image\"],\"limit\":\"1\",\"viewMode\":\"large\",\"selectionLabel\":\"\"}', '2015-11-17 08:40:30', '2015-11-17 08:40:30', '73742058-a9ac-4f87-8f6e-55d462ddfe60');
INSERT INTO `craft_fields` (`id`, `groupId`, `name`, `handle`, `context`, `instructions`, `translatable`, `type`, `settings`, `dateCreated`, `dateUpdated`, `uid`) VALUES ('14', '3', 'Image', 'image', 'global', '', '0', 'Assets', '{\"useSingleFolder\":\"1\",\"sources\":\"*\",\"defaultUploadLocationSource\":\"1\",\"defaultUploadLocationSubpath\":\"\",\"singleUploadLocationSource\":\"1\",\"singleUploadLocationSubpath\":\"\",\"restrictFiles\":\"1\",\"allowedKinds\":[\"image\"],\"limit\":\"\",\"viewMode\":\"large\",\"selectionLabel\":\"\"}', '2015-11-17 08:42:42', '2015-11-17 08:42:42', '213c62f5-0e14-4bd7-89fd-d8555f5fef5b');
INSERT INTO `craft_fields` (`id`, `groupId`, `name`, `handle`, `context`, `instructions`, `translatable`, `type`, `settings`, `dateCreated`, `dateUpdated`, `uid`) VALUES ('15', '3', 'Thumbnail', 'thumbnail', 'global', '', '0', 'Assets', '{\"useSingleFolder\":\"1\",\"sources\":\"*\",\"defaultUploadLocationSource\":\"1\",\"defaultUploadLocationSubpath\":\"\",\"singleUploadLocationSource\":\"1\",\"singleUploadLocationSubpath\":\"\",\"restrictFiles\":\"1\",\"allowedKinds\":[\"image\"],\"limit\":\"1\",\"viewMode\":\"list\",\"selectionLabel\":\"\"}', '2015-11-17 08:43:52', '2015-11-17 08:43:52', '4292df84-16bf-4fa0-8a46-15334e582588');
INSERT INTO `craft_fields` (`id`, `groupId`, `name`, `handle`, `context`, `instructions`, `translatable`, `type`, `settings`, `dateCreated`, `dateUpdated`, `uid`) VALUES ('16', '3', 'Body Content', 'bodyContent', 'global', '', '0', 'RichText', '{\"configFile\":\"Standard.json\",\"cleanupHtml\":\"\",\"purifyHtml\":\"\",\"columnType\":\"text\"}', '2015-11-17 09:04:38', '2015-11-17 10:10:22', 'fdb104fd-ff62-4ed6-8ab1-66919874710d');
INSERT INTO `craft_fields` (`id`, `groupId`, `name`, `handle`, `context`, `instructions`, `translatable`, `type`, `settings`, `dateCreated`, `dateUpdated`, `uid`) VALUES ('17', '3', 'Clients Text', 'clientsText', 'global', '', '0', 'PlainText', '{\"placeholder\":\"\",\"maxLength\":\"\",\"multiline\":\"\",\"initialRows\":\"4\"}', '2015-11-17 10:49:35', '2015-11-17 10:49:35', '464b2724-28a6-4add-9d3b-fac19ca257de');
INSERT INTO `craft_fields` (`id`, `groupId`, `name`, `handle`, `context`, `instructions`, `translatable`, `type`, `settings`, `dateCreated`, `dateUpdated`, `uid`) VALUES ('18', '4', 'Position', 'position', 'global', '', '0', 'PlainText', '{\"placeholder\":\"\",\"maxLength\":\"\",\"multiline\":\"\",\"initialRows\":\"4\"}', '2015-11-17 11:09:28', '2015-11-17 11:09:28', 'af6032e0-377d-4b40-ac4f-ae0e0fdd5a4f');
INSERT INTO `craft_fields` (`id`, `groupId`, `name`, `handle`, `context`, `instructions`, `translatable`, `type`, `settings`, `dateCreated`, `dateUpdated`, `uid`) VALUES ('19', '4', 'Intro', 'intro', 'global', '', '0', 'RichText', '{\"configFile\":\"Simple.json\",\"cleanupHtml\":\"1\",\"purifyHtml\":\"\",\"columnType\":\"text\"}', '2015-11-17 11:10:08', '2015-11-17 11:10:08', 'f0fccd16-a742-4c23-9875-76d095dccb0e');
INSERT INTO `craft_fields` (`id`, `groupId`, `name`, `handle`, `context`, `instructions`, `translatable`, `type`, `settings`, `dateCreated`, `dateUpdated`, `uid`) VALUES ('20', '4', 'Education', 'education', 'global', '', '0', 'Table', '{\"columns\":{\"col1\":{\"heading\":\"Item\",\"handle\":\"item\",\"width\":\"\",\"type\":\"singleline\"}},\"defaults\":[]}', '2015-11-17 11:14:27', '2015-11-17 12:55:51', '6d54e7ee-f128-4871-919f-eedc252f98b3');
INSERT INTO `craft_fields` (`id`, `groupId`, `name`, `handle`, `context`, `instructions`, `translatable`, `type`, `settings`, `dateCreated`, `dateUpdated`, `uid`) VALUES ('21', '4', 'Expertise', 'expertise', 'global', '', '0', 'Table', '{\"columns\":{\"col1\":{\"heading\":\"Item\",\"handle\":\"item\",\"width\":\"\",\"type\":\"singleline\"}},\"defaults\":[]}', '2015-11-17 11:14:50', '2015-11-17 13:02:07', 'b5a412e6-a37d-4079-abac-34bc437d8a6b');
INSERT INTO `craft_fields` (`id`, `groupId`, `name`, `handle`, `context`, `instructions`, `translatable`, `type`, `settings`, `dateCreated`, `dateUpdated`, `uid`) VALUES ('22', '4', 'Memberships', 'memberships', 'global', '', '0', 'Table', '{\"columns\":{\"col1\":{\"heading\":\"Item`\",\"handle\":\"item\",\"width\":\"\",\"type\":\"singleline\"}},\"defaults\":[]}', '2015-11-17 11:15:16', '2015-11-17 13:02:16', '29964aba-f019-48c5-b6d5-e808f2a1c8a5');
INSERT INTO `craft_fields` (`id`, `groupId`, `name`, `handle`, `context`, `instructions`, `translatable`, `type`, `settings`, `dateCreated`, `dateUpdated`, `uid`) VALUES ('23', '4', 'Select Experiences', 'experiences', 'global', '', '0', 'Table', '{\"columns\":{\"col1\":{\"heading\":\"Item\",\"handle\":\"item\",\"width\":\"\",\"type\":\"singleline\"}},\"defaults\":[]}', '2015-11-17 11:15:53', '2015-11-17 13:02:26', '85b11f3c-6382-4412-8923-3f2cfcb86433');
INSERT INTO `craft_fields` (`id`, `groupId`, `name`, `handle`, `context`, `instructions`, `translatable`, `type`, `settings`, `dateCreated`, `dateUpdated`, `uid`) VALUES ('24', '4', 'Awards', 'awards', 'global', '', '0', 'Table', '{\"columns\":{\"col1\":{\"heading\":\"Item\",\"handle\":\"item\",\"width\":\"\",\"type\":\"singleline\"}},\"defaults\":{\"row1\":{\"col1\":\"\"}}}', '2015-11-17 11:16:13', '2015-11-17 11:16:13', 'ac237049-e082-4d55-a3a1-f7e07757c933');
INSERT INTO `craft_fields` (`id`, `groupId`, `name`, `handle`, `context`, `instructions`, `translatable`, `type`, `settings`, `dateCreated`, `dateUpdated`, `uid`) VALUES ('26', '5', 'Expertise', 'Ex', 'global', '', '0', 'Matrix', '{\"maxBlocks\":null}', '2015-11-17 13:13:50', '2015-11-17 13:38:20', 'f9d47b03-1903-40de-8791-c3b26f49d080');
INSERT INTO `craft_fields` (`id`, `groupId`, `name`, `handle`, `context`, `instructions`, `translatable`, `type`, `settings`, `dateCreated`, `dateUpdated`, `uid`) VALUES ('27', NULL, 'Content', 'exContent', 'matrixBlockType:2', '', '0', 'RichText', '{\"configFile\":\"Standard.json\",\"cleanupHtml\":\"\",\"purifyHtml\":\"\",\"columnType\":\"text\"}', '2015-11-17 13:13:51', '2015-11-17 13:38:20', '8328bee1-bf38-4bc4-926f-2796830b395f');
INSERT INTO `craft_fields` (`id`, `groupId`, `name`, `handle`, `context`, `instructions`, `translatable`, `type`, `settings`, `dateCreated`, `dateUpdated`, `uid`) VALUES ('28', NULL, 'Areas of Interest', 'exAreasOfInterest', 'matrixBlockType:2', '', '0', 'Table', '{\"columns\":{\"col1\":{\"heading\":\"item\",\"handle\":\"item\",\"width\":\"\",\"type\":\"singleline\"}},\"defaults\":[]}', '2015-11-17 13:13:51', '2015-11-17 13:38:20', '210f4d9a-aef1-4d36-8afb-c3a687d9c622');
INSERT INTO `craft_fields` (`id`, `groupId`, `name`, `handle`, `context`, `instructions`, `translatable`, `type`, `settings`, `dateCreated`, `dateUpdated`, `uid`) VALUES ('29', '5', 'Relevant Experiences', 'relevantExperiences', 'global', '', '0', 'Table', '{\"columns\":{\"col1\":{\"heading\":\"Item\",\"handle\":\"item\",\"width\":\"\",\"type\":\"singleline\"}},\"defaults\":[]}', '2015-11-17 13:14:40', '2015-11-17 13:25:40', '5117ece7-b385-4878-9973-9bda44723331');
INSERT INTO `craft_fields` (`id`, `groupId`, `name`, `handle`, `context`, `instructions`, `translatable`, `type`, `settings`, `dateCreated`, `dateUpdated`, `uid`) VALUES ('30', '5', 'Relevant Experiences Intro', 'relevantExperiencesIntro', 'global', '', '0', 'RichText', '{\"configFile\":\"Standard.json\",\"cleanupHtml\":\"\",\"purifyHtml\":\"\",\"columnType\":\"text\"}', '2015-11-17 13:14:52', '2015-11-17 13:17:04', '80a77411-0841-4839-95c8-926b5e3ffbfc');
INSERT INTO `craft_fields` (`id`, `groupId`, `name`, `handle`, `context`, `instructions`, `translatable`, `type`, `settings`, `dateCreated`, `dateUpdated`, `uid`) VALUES ('31', NULL, 'Title', 'exTitle', 'matrixBlockType:2', '', '0', 'PlainText', '{\"placeholder\":\"\",\"maxLength\":\"\",\"multiline\":\"\",\"initialRows\":\"4\"}', '2015-11-17 13:33:39', '2015-11-17 13:38:20', '06c17852-7d39-4f13-b011-3eb7f4f41bb9');
INSERT INTO `craft_fields` (`id`, `groupId`, `name`, `handle`, `context`, `instructions`, `translatable`, `type`, `settings`, `dateCreated`, `dateUpdated`, `uid`) VALUES ('32', '6', 'Summary', 'summary', 'global', '', '0', 'PlainText', '{\"placeholder\":\"\",\"maxLength\":\"\",\"multiline\":\"\",\"initialRows\":\"4\"}', '2015-11-17 14:03:06', '2015-11-17 14:03:06', '23cbf150-4273-4fa1-80b6-5562334402b9');
INSERT INTO `craft_fields` (`id`, `groupId`, `name`, `handle`, `context`, `instructions`, `translatable`, `type`, `settings`, `dateCreated`, `dateUpdated`, `uid`) VALUES ('33', '6', 'Publication', 'publication', 'global', 'Publication File (Preferably PDF)', '0', 'Assets', '{\"useSingleFolder\":\"1\",\"sources\":\"*\",\"defaultUploadLocationSource\":\"1\",\"defaultUploadLocationSubpath\":\"\",\"singleUploadLocationSource\":\"4\",\"singleUploadLocationSubpath\":\"\",\"restrictFiles\":\"1\",\"allowedKinds\":[\"pdf\",\"powerpoint\",\"word\"],\"limit\":\"\",\"viewMode\":\"large\",\"selectionLabel\":\"Upload publication file\"}', '2015-11-17 14:05:03', '2015-11-17 14:05:03', '813c7062-88b7-4971-a7e4-2120e836d3f0');
INSERT INTO `craft_fields` (`id`, `groupId`, `name`, `handle`, `context`, `instructions`, `translatable`, `type`, `settings`, `dateCreated`, `dateUpdated`, `uid`) VALUES ('34', '3', 'Banners', 'banners', 'global', '', '0', 'Assets', '{\"useSingleFolder\":\"\",\"sources\":[\"folder:1\"],\"defaultUploadLocationSource\":\"1\",\"defaultUploadLocationSubpath\":\"\",\"singleUploadLocationSource\":\"1\",\"singleUploadLocationSubpath\":\"\",\"restrictFiles\":\"1\",\"allowedKinds\":[\"image\"],\"limit\":\"\",\"viewMode\":\"large\",\"selectionLabel\":\"Upload banner Image\"}', '2015-11-17 15:12:27', '2015-11-17 15:12:27', 'f5a89f85-3fe1-41fd-9951-e40147c0d889');
INSERT INTO `craft_fields` (`id`, `groupId`, `name`, `handle`, `context`, `instructions`, `translatable`, `type`, `settings`, `dateCreated`, `dateUpdated`, `uid`) VALUES ('35', '4', 'Appointments', 'appointments', 'global', '', '0', 'RichText', '{\"configFile\":\"Simple.json\",\"cleanupHtml\":\"\",\"purifyHtml\":\"\",\"columnType\":\"text\"}', '2015-11-17 18:02:01', '2015-11-17 18:07:43', 'ec02ef27-ac17-4bfd-b776-f05b293955fc');
INSERT INTO `craft_fields` (`id`, `groupId`, `name`, `handle`, `context`, `instructions`, `translatable`, `type`, `settings`, `dateCreated`, `dateUpdated`, `uid`) VALUES ('36', '4', 'Consultancy Record', 'consultancyRecord', 'global', '', '0', 'Table', '{\"columns\":{\"col1\":{\"heading\":\"Item\",\"handle\":\"item\",\"width\":\"\",\"type\":\"singleline\"}},\"defaults\":[]}', '2015-11-17 18:02:38', '2015-11-17 18:02:38', '099d47e2-79ca-4483-b5e4-7b48367ba90e');
INSERT INTO `craft_fields` (`id`, `groupId`, `name`, `handle`, `context`, `instructions`, `translatable`, `type`, `settings`, `dateCreated`, `dateUpdated`, `uid`) VALUES ('37', '4', 'Languages', 'languages', 'global', '', '0', 'Table', '{\"columns\":{\"col1\":{\"heading\":\"item\",\"handle\":\"item\",\"width\":\"\",\"type\":\"singleline\"}},\"defaults\":[]}', '2015-11-17 18:45:14', '2015-11-17 18:45:14', 'b1357c77-f8f0-4b88-aa4d-221a704e07a4');



DROP TABLE IF EXISTS `craft_globalsets`;


--
-- Schema for table `craft_globalsets`
--
CREATE TABLE `craft_globalsets` (
  `id` int(11) NOT NULL,
  `name` varchar(255) COLLATE utf8_unicode_ci NOT NULL,
  `handle` varchar(255) COLLATE utf8_unicode_ci NOT NULL,
  `fieldLayoutId` int(10) DEFAULT NULL,
  `dateCreated` datetime NOT NULL,
  `dateUpdated` datetime NOT NULL,
  `uid` char(36) COLLATE utf8_unicode_ci NOT NULL DEFAULT '0',
  PRIMARY KEY (`id`),
  UNIQUE KEY `craft_globalsets_name_unq_idx` (`name`),
  UNIQUE KEY `craft_globalsets_handle_unq_idx` (`handle`),
  KEY `craft_globalsets_fieldLayoutId_fk` (`fieldLayoutId`)
) ENGINE=InnoDB DEFAULT CHARSET=utf8 COLLATE=utf8_unicode_ci;

DROP TABLE IF EXISTS `craft_info`;


--
-- Schema for table `craft_info`
--
CREATE TABLE `craft_info` (
  `id` int(11) NOT NULL AUTO_INCREMENT,
  `version` varchar(15) COLLATE utf8_unicode_ci NOT NULL,
  `build` int(11) unsigned NOT NULL,
  `schemaVersion` varchar(15) COLLATE utf8_unicode_ci NOT NULL,
  `releaseDate` datetime NOT NULL,
  `edition` tinyint(1) unsigned NOT NULL DEFAULT '0',
  `siteName` varchar(100) COLLATE utf8_unicode_ci NOT NULL,
  `siteUrl` varchar(255) COLLATE utf8_unicode_ci NOT NULL,
  `timezone` varchar(30) COLLATE utf8_unicode_ci DEFAULT NULL,
  `on` tinyint(1) unsigned NOT NULL DEFAULT '0',
  `maintenance` tinyint(1) unsigned NOT NULL DEFAULT '0',
  `track` varchar(40) COLLATE utf8_unicode_ci NOT NULL,
  `dateCreated` datetime NOT NULL,
  `dateUpdated` datetime NOT NULL,
  `uid` char(36) COLLATE utf8_unicode_ci NOT NULL DEFAULT '0',
  PRIMARY KEY (`id`)
) ENGINE=InnoDB AUTO_INCREMENT=2 DEFAULT CHARSET=utf8 COLLATE=utf8_unicode_ci;

--
-- Data for table `craft_info`
--

INSERT INTO `craft_info` (`id`, `version`, `build`, `schemaVersion`, `releaseDate`, `edition`, `siteName`, `siteUrl`, `timezone`, `on`, `maintenance`, `track`, `dateCreated`, `dateUpdated`, `uid`) VALUES ('1', '2.5', '2722', '2.5.6', '2015-11-12 00:10:37', '2', 'Gbenga Biobaku & Co. (GBC)', 'http://gbc.dev', 'UTC', '1', '1', 'beta', '2015-11-13 22:54:15', '2015-11-19 23:26:13', 'f9521c3c-5393-4bb3-b429-084947bf7de7');



DROP TABLE IF EXISTS `craft_locales`;


--
-- Schema for table `craft_locales`
--
CREATE TABLE `craft_locales` (
  `locale` char(12) COLLATE utf8_unicode_ci NOT NULL,
  `sortOrder` tinyint(4) DEFAULT NULL,
  `dateCreated` datetime NOT NULL,
  `dateUpdated` datetime NOT NULL,
  `uid` char(36) COLLATE utf8_unicode_ci NOT NULL DEFAULT '0',
  PRIMARY KEY (`locale`),
  KEY `craft_locales_sortOrder_idx` (`sortOrder`)
) ENGINE=InnoDB DEFAULT CHARSET=utf8 COLLATE=utf8_unicode_ci;

--
-- Data for table `craft_locales`
--

INSERT INTO `craft_locales` (`locale`, `sortOrder`, `dateCreated`, `dateUpdated`, `uid`) VALUES ('en_us', '1', '2015-11-13 22:54:15', '2015-11-13 22:54:15', '3e993b0c-6b63-496e-9fa9-e9dbb42c592b');



DROP TABLE IF EXISTS `craft_matrixblocks`;


--
-- Schema for table `craft_matrixblocks`
--
CREATE TABLE `craft_matrixblocks` (
  `id` int(11) NOT NULL,
  `ownerId` int(11) NOT NULL,
  `fieldId` int(11) NOT NULL,
  `typeId` int(11) DEFAULT NULL,
  `sortOrder` tinyint(4) DEFAULT NULL,
  `ownerLocale` char(12) COLLATE utf8_unicode_ci DEFAULT NULL,
  `dateCreated` datetime NOT NULL,
  `dateUpdated` datetime NOT NULL,
  `uid` char(36) COLLATE utf8_unicode_ci NOT NULL DEFAULT '0',
  PRIMARY KEY (`id`),
  KEY `craft_matrixblocks_ownerId_idx` (`ownerId`),
  KEY `craft_matrixblocks_fieldId_idx` (`fieldId`),
  KEY `craft_matrixblocks_typeId_idx` (`typeId`),
  KEY `craft_matrixblocks_sortOrder_idx` (`sortOrder`),
  KEY `craft_matrixblocks_ownerLocale_fk` (`ownerLocale`)
) ENGINE=InnoDB DEFAULT CHARSET=utf8 COLLATE=utf8_unicode_ci;

--
-- Data for table `craft_matrixblocks`
--

INSERT INTO `craft_matrixblocks` (`id`, `ownerId`, `fieldId`, `typeId`, `sortOrder`, `ownerLocale`, `dateCreated`, `dateUpdated`, `uid`) VALUES ('26', '25', '26', '2', '1', NULL, '2015-11-17 13:36:16', '2015-11-17 13:53:43', '223b90f1-a81d-4acc-b803-ce39a80183de');
INSERT INTO `craft_matrixblocks` (`id`, `ownerId`, `fieldId`, `typeId`, `sortOrder`, `ownerLocale`, `dateCreated`, `dateUpdated`, `uid`) VALUES ('27', '25', '26', '2', '2', NULL, '2015-11-17 13:53:44', '2015-11-17 13:53:44', 'c7feab16-9bc7-495e-9a7e-78fc45b75df5');
INSERT INTO `craft_matrixblocks` (`id`, `ownerId`, `fieldId`, `typeId`, `sortOrder`, `ownerLocale`, `dateCreated`, `dateUpdated`, `uid`) VALUES ('28', '25', '26', '2', '3', NULL, '2015-11-17 13:53:44', '2015-11-17 13:53:44', 'e7eec152-77f3-4a30-b9b9-db9af85706e8');
INSERT INTO `craft_matrixblocks` (`id`, `ownerId`, `fieldId`, `typeId`, `sortOrder`, `ownerLocale`, `dateCreated`, `dateUpdated`, `uid`) VALUES ('29', '25', '26', '2', '4', NULL, '2015-11-17 13:53:44', '2015-11-17 13:53:44', '526e8a81-f096-4d63-9617-a255efde19fd');



DROP TABLE IF EXISTS `craft_matrixblocktypes`;


--
-- Schema for table `craft_matrixblocktypes`
--
CREATE TABLE `craft_matrixblocktypes` (
  `id` int(11) NOT NULL AUTO_INCREMENT,
  `fieldId` int(11) NOT NULL,
  `fieldLayoutId` int(11) DEFAULT NULL,
  `name` varchar(255) COLLATE utf8_unicode_ci NOT NULL,
  `handle` varchar(255) COLLATE utf8_unicode_ci NOT NULL,
  `sortOrder` tinyint(4) DEFAULT NULL,
  `dateCreated` datetime NOT NULL,
  `dateUpdated` datetime NOT NULL,
  `uid` char(36) COLLATE utf8_unicode_ci NOT NULL DEFAULT '0',
  PRIMARY KEY (`id`),
  UNIQUE KEY `craft_matrixblocktypes_name_fieldId_unq_idx` (`name`,`fieldId`),
  UNIQUE KEY `craft_matrixblocktypes_handle_fieldId_unq_idx` (`handle`,`fieldId`),
  KEY `craft_matrixblocktypes_fieldId_fk` (`fieldId`),
  KEY `craft_matrixblocktypes_fieldLayoutId_fk` (`fieldLayoutId`)
) ENGINE=InnoDB AUTO_INCREMENT=3 DEFAULT CHARSET=utf8 COLLATE=utf8_unicode_ci;

--
-- Data for table `craft_matrixblocktypes`
--

INSERT INTO `craft_matrixblocktypes` (`id`, `fieldId`, `fieldLayoutId`, `name`, `handle`, `sortOrder`, `dateCreated`, `dateUpdated`, `uid`) VALUES ('1', '10', '9', 'Client', 'client', '1', '2015-11-17 08:05:29', '2015-11-17 08:05:29', '100b0c2a-2665-42b8-af71-b63b0fce8060');
INSERT INTO `craft_matrixblocktypes` (`id`, `fieldId`, `fieldLayoutId`, `name`, `handle`, `sortOrder`, `dateCreated`, `dateUpdated`, `uid`) VALUES ('2', '26', '41', 'Expertise', 'expertise', '1', '2015-11-17 13:13:51', '2015-11-17 13:38:20', '4d6d7d15-6802-40d5-824f-8bf33cb3e761');



DROP TABLE IF EXISTS `craft_matrixcontent_clients`;


--
-- Schema for table `craft_matrixcontent_clients`
--
CREATE TABLE `craft_matrixcontent_clients` (
  `id` int(11) NOT NULL AUTO_INCREMENT,
  `elementId` int(11) NOT NULL,
  `locale` char(12) COLLATE utf8_unicode_ci NOT NULL,
  `field_client_clientName` text COLLATE utf8_unicode_ci,
  `dateCreated` datetime NOT NULL,
  `dateUpdated` datetime NOT NULL,
  `uid` char(36) COLLATE utf8_unicode_ci NOT NULL DEFAULT '0',
  PRIMARY KEY (`id`),
  UNIQUE KEY `craft_matrixcontent_clients_elementId_locale_unq_idx` (`elementId`,`locale`),
  KEY `craft_matrixcontent_clients_locale_fk` (`locale`)
) ENGINE=InnoDB DEFAULT CHARSET=utf8 COLLATE=utf8_unicode_ci;

DROP TABLE IF EXISTS `craft_matrixcontent_ex`;


--
-- Schema for table `craft_matrixcontent_ex`
--
CREATE TABLE `craft_matrixcontent_ex` (
  `id` int(11) NOT NULL AUTO_INCREMENT,
  `elementId` int(11) NOT NULL,
  `locale` char(12) COLLATE utf8_unicode_ci NOT NULL,
  `field_expertise_exContent` text COLLATE utf8_unicode_ci,
  `field_expertise_exAreasOfInterest` text COLLATE utf8_unicode_ci,
  `field_expertise_exTitle` text COLLATE utf8_unicode_ci,
  `dateCreated` datetime NOT NULL,
  `dateUpdated` datetime NOT NULL,
  `uid` char(36) COLLATE utf8_unicode_ci NOT NULL DEFAULT '0',
  PRIMARY KEY (`id`),
  UNIQUE KEY `craft_matrixcontent_ex_elementId_locale_unq_idx` (`elementId`,`locale`),
  KEY `craft_matrixcontent_ex_locale_fk` (`locale`)
) ENGINE=InnoDB AUTO_INCREMENT=5 DEFAULT CHARSET=utf8 COLLATE=utf8_unicode_ci;

--
-- Data for table `craft_matrixcontent_ex`
--

INSERT INTO `craft_matrixcontent_ex` (`id`, `elementId`, `locale`, `field_expertise_exContent`, `field_expertise_exAreasOfInterest`, `field_expertise_exTitle`, `dateCreated`, `dateUpdated`, `uid`) VALUES ('1', '26', 'en_us', '<p>Gbenga Biobaku & Co. has developed an extensive Energy Project Development practice, representing parties on both sides of the spectrum. Our expertise encompasses the oil and gas, power, mining and infrastructure sectors of the Nigerian economy.</p><p><br>As counsel to some major and developing energy players, GBC project scope has covered securing foreign investment, project financing transactions, advisory, federal regulatory approvals, operations and maintenance contracts, site acquisitions and other related corporate and commercial transactions.<br><br></p><p>With the recent divestments and local participation law and the influx of foreign investment in the Nigerian Oil and Gas industry, GBC has been recognized for its ability to prescribe working business modules, and joint venture arrangements that ensures return on investment (ROI) for investors and the protection and sustainability of its indigenous clients.</p><p><br>Our team has substantial experience in advising foreign and indigenous investors in Nigeria on energy projects financing. We also provide the necessary framework for obtaining the necessary regulatory and business approval for doing business in the energy, mining and oil and gas sectors.</p>', '[{\"col1\":\"EMPLOYMENT + LABOUR\"},{\"col1\":\"ENVIRONMENT\"},{\"col1\":\"PROFESSIONAL LIABILITY\"},{\"col1\":\"DISPUTE RESOLUTION\"},{\"col1\":\"MEDIATION & ARBITRATION\"},{\"col1\":\"TRADE DISPUTES\"},{\"col1\":\"DEBT RECOVERY\"},{\"col1\":\"CORPORATE GOVERNANCE\"},{\"col1\":\"CONTRACTS\"},{\"col1\":\"SECURITIES LITIGATION\"}]', 'Energy & Projects', '2015-11-17 13:36:15', '2015-11-17 13:53:43', 'f7f00954-6796-4464-9c20-e433b13ed57c');
INSERT INTO `craft_matrixcontent_ex` (`id`, `elementId`, `locale`, `field_expertise_exContent`, `field_expertise_exAreasOfInterest`, `field_expertise_exTitle`, `dateCreated`, `dateUpdated`, `uid`) VALUES ('2', '27', 'en_us', '<p>The GBC’s Corporate and Commercial Practice department represents a broad range of corporate and business interests. The group delivers responsive, innovative and practical legal solutions in diverse areas including: Mergers & Acquisitions, Capital Markets, Banking & Finance, Offshore acquisitions and investments, Trust Arrangements, Estate Planning, Private Equity & Venture Capital, Intellectual Property, Foreign Investments & Joint Ventures, Privatization & Infrastructure Developments, Telecommunications, Information Technology, Immigration, Commercial Property Development & Conveyancing, Taxation, Employment & Labor Relations, Aircraft & Ship Financing, Business Advisory & Company Secretarial Services</p>\r\n\r\n\r\n\r\n<p>GBC runs the gamut of corporate and commercial law practice with the aim of providing a seamless service, integrating diverse clients’ business interests. Our work with our clients involves ensuring compliance with standard business practices and procedures and operation within the national and local laws applicable to their specific industry.</p>\r\n\r\n\r\n\r\n\r\n\r\n<p>Additionally, we advice on finance and corporate decision making and act on behalf of public and private companies and partnerships in dealing with commercial transactions as well as advising on efficient business structures.</p>', '[{\"col1\":\"MERGERS & ACQUISITIONS\"},{\"col1\":\"CAPITAL MARKETS\"},{\"col1\":\"BANKING & FINANCE\"},{\"col1\":\"PRIVATIZATION & INFRASTRUCTURE\"},{\"col1\":\"BUSINESS ADVISORY \"},{\"col1\":\"INTERNATIONAL TRADE\"},{\"col1\":\"FOREIGN INVESTMENTS & JOINT VENTURES\"},{\"col1\":\"TELECOMMUNICATIONS\"},{\"col1\":\"INFORMATION TECHNOLOGY\"},{\"col1\":\"IMMIGRATION\"},{\"col1\":\"COMMERCIAL PROPERTY DEVELOPMENT & CONVEYANCING\"},{\"col1\":\"TAXATION\"},{\"col1\":\"EMPLOYMENT & LABOR RELATIONS\"},{\"col1\":\"AIRCRAFT & SHIP FINANCING\"},{\"col1\":\"BUSINESS ADVISORY & COMPANY SECRETARIAL SERVICES\"}]', 'General Corporate Commercial', '2015-11-17 13:53:43', '2015-11-17 13:53:43', 'bc084be2-f319-4a6c-8e7f-8979a3a907ef');
INSERT INTO `craft_matrixcontent_ex` (`id`, `elementId`, `locale`, `field_expertise_exContent`, `field_expertise_exAreasOfInterest`, `field_expertise_exTitle`, `dateCreated`, `dateUpdated`, `uid`) VALUES ('3', '28', 'en_us', '<p>The GBC’s litigation and arbitration practice is handled by the seasoned Dispute Resolution Department which has the primary object of achieving quick and satisfactory results in disputes while reducing the effects of a long drawn out lawsuit. Commercial and financial disputes and litigations are often complex; the department appreciates the need to conduct commercial and other litigation matters with business expediency in view, in that regard, we ensure our litigation strategy is planned with the primary aim of securing the business objective and goals of our clients.</p>\r\n\r\n\r\n\r\n<p>At Gbenga Biobaku & Co., we recognize that remedies in commercial and other disputes are not necessarily achieved by embarking on litigation. Consequently, we advise on the use of alternative dispute resolution (ADR) mediums including negotiation, conciliation, mediation and arbitration in deserving cases.</p>\r\n\r\n\r\n\r\n\r\n\r\n<p>We have applied our expertise in litigation and different ADR methods with good results across industries relating to disputes arising from the oil and gas sector, claims for compensation, taxation, disputes arising from corporate governance, breach of contracts, employer/employee/industrial disputes, breach of fundamental rights claims, debt recovery, winding up of Companies, land disputes, claims for negligence, judicial review of executive actions, etc</p>', '[{\"col1\":\"EMPLOYMENT + LABOUR\"},{\"col1\":\"ENVIRONMENT\"},{\"col1\":\"PROFESSIONAL LIABILITY\"},{\"col1\":\"DISPUTE RESOLUTION\"},{\"col1\":\"MEDIATION & ARBITRATION\"},{\"col1\":\"TAXATION\"},{\"col1\":\"TRADE DISPUTES\"},{\"col1\":\"DEBT RECOVERY\"},{\"col1\":\"CORPORATE GOVERNANCE\"},{\"col1\":\"CONTRACTS\"},{\"col1\":\"SECURITIES LITIGATION\"}]', 'Litigation & Arbitration', '2015-11-17 13:53:44', '2015-11-17 13:53:44', '1ae60d58-0fca-45d1-a047-93db20e831ee');
INSERT INTO `craft_matrixcontent_ex` (`id`, `elementId`, `locale`, `field_expertise_exContent`, `field_expertise_exAreasOfInterest`, `field_expertise_exTitle`, `dateCreated`, `dateUpdated`, `uid`) VALUES ('4', '29', 'en_us', '<p>GBC provides legal services to its clients on issues stemming from Intellectual Property (“IP”). Our IP services include obtaining regulatory approval with the appropriate agencies such as the Ministry of Trade and Investment. We also render transactional and advisory services in issues regarding technology transfer contracts and registration of such contracts with the National Office for Technology Acquisition and Promotion (“NOTAP”).</p>\r\n\r\n\r\n\r\n<p>With the tripled growth in the Nigerian economy in the last 10 years, new ideas and innovations are now being introduced into the nation’s business clime and these ideas and innovations have now become assets for various body corporates and Small-Medium enterprises. With this growth, ensuring the proper exploitation and protection of intellectual property (IP), whether it be patents, trade marks or designs, is a primary commercial objective.</p>\r\n\r\n\r\n\r\n\r\n\r\n<p>We provide practical and commercial legal advice at every stage in the life and development of an intellectual property right, from creation and exploitation to protection and enforcement. In addition, we provide registration of IP rights such as Patents, Trademarks and Industrial designs, and obtaining necessary business approvals from NOTAP and the Ministry of Trade and Investments.</p>', '[{\"col1\":\"COPYRIGHT\"},{\"col1\":\"IP LITIGATION\"},{\"col1\":\"IP DUE DILIGENCE\"},{\"col1\":\"PATENTS & TRADEMARKS\"},{\"col1\":\"TECHNOLOGY TRANSACTIONS\"},{\"col1\":\"ANTITRUST LAW\"}]', 'Intellectual Property (IP)', '2015-11-17 13:53:44', '2015-11-17 13:53:44', 'b682e211-a8bb-4f91-bdc9-e5885dd940b6');



DROP TABLE IF EXISTS `craft_migrations`;


--
-- Schema for table `craft_migrations`
--
CREATE TABLE `craft_migrations` (
  `id` int(11) NOT NULL AUTO_INCREMENT,
  `pluginId` int(11) DEFAULT NULL,
  `version` varchar(255) COLLATE utf8_unicode_ci NOT NULL,
  `applyTime` datetime NOT NULL,
  `dateCreated` datetime NOT NULL,
  `dateUpdated` datetime NOT NULL,
  `uid` char(36) COLLATE utf8_unicode_ci NOT NULL DEFAULT '0',
  PRIMARY KEY (`id`),
  UNIQUE KEY `craft_migrations_version_unq_idx` (`version`),
  KEY `craft_migrations_pluginId_fk` (`pluginId`)
) ENGINE=InnoDB AUTO_INCREMENT=27 DEFAULT CHARSET=utf8 COLLATE=utf8_unicode_ci;

--
-- Data for table `craft_migrations`
--

INSERT INTO `craft_migrations` (`id`, `pluginId`, `version`, `applyTime`, `dateCreated`, `dateUpdated`, `uid`) VALUES ('1', NULL, 'm000000_000000_base', '2015-11-13 22:54:15', '2015-11-13 22:54:15', '2015-11-13 22:54:15', 'a010c70c-1d64-46ca-9b81-4135354249f7');
INSERT INTO `craft_migrations` (`id`, `pluginId`, `version`, `applyTime`, `dateCreated`, `dateUpdated`, `uid`) VALUES ('2', NULL, 'm140730_000001_add_filename_and_format_to_transformindex', '2015-11-13 22:54:15', '2015-11-13 22:54:15', '2015-11-13 22:54:15', 'cb1a081a-c61b-414a-994a-aeb03facf927');
INSERT INTO `craft_migrations` (`id`, `pluginId`, `version`, `applyTime`, `dateCreated`, `dateUpdated`, `uid`) VALUES ('3', NULL, 'm140815_000001_add_format_to_transforms', '2015-11-13 22:54:15', '2015-11-13 22:54:15', '2015-11-13 22:54:15', '6323683f-310d-43bb-a29f-d2bb6e0feeb3');
INSERT INTO `craft_migrations` (`id`, `pluginId`, `version`, `applyTime`, `dateCreated`, `dateUpdated`, `uid`) VALUES ('4', NULL, 'm140822_000001_allow_more_than_128_items_per_field', '2015-11-13 22:54:15', '2015-11-13 22:54:15', '2015-11-13 22:54:15', 'b38ae0a9-d95e-4554-b6b3-1813dae8a79b');
INSERT INTO `craft_migrations` (`id`, `pluginId`, `version`, `applyTime`, `dateCreated`, `dateUpdated`, `uid`) VALUES ('5', NULL, 'm140829_000001_single_title_formats', '2015-11-13 22:54:15', '2015-11-13 22:54:15', '2015-11-13 22:54:15', '0a2fce20-9001-475a-8a9c-e9edeacda1e1');
INSERT INTO `craft_migrations` (`id`, `pluginId`, `version`, `applyTime`, `dateCreated`, `dateUpdated`, `uid`) VALUES ('6', NULL, 'm140831_000001_extended_cache_keys', '2015-11-13 22:54:15', '2015-11-13 22:54:15', '2015-11-13 22:54:15', 'ef4412aa-07bf-4aed-bb18-3c9bfba5a695');
INSERT INTO `craft_migrations` (`id`, `pluginId`, `version`, `applyTime`, `dateCreated`, `dateUpdated`, `uid`) VALUES ('7', NULL, 'm140922_000001_delete_orphaned_matrix_blocks', '2015-11-13 22:54:15', '2015-11-13 22:54:15', '2015-11-13 22:54:15', '1c65fd0c-ed52-4fbb-8558-ce1a2e77b6b2');
INSERT INTO `craft_migrations` (`id`, `pluginId`, `version`, `applyTime`, `dateCreated`, `dateUpdated`, `uid`) VALUES ('8', NULL, 'm141008_000001_elements_index_tune', '2015-11-13 22:54:15', '2015-11-13 22:54:15', '2015-11-13 22:54:15', 'ab48e9d2-9318-445a-9cf9-ececd915e7a8');
INSERT INTO `craft_migrations` (`id`, `pluginId`, `version`, `applyTime`, `dateCreated`, `dateUpdated`, `uid`) VALUES ('9', NULL, 'm141009_000001_assets_source_handle', '2015-11-13 22:54:15', '2015-11-13 22:54:15', '2015-11-13 22:54:15', 'cf969035-8a3c-4751-8b15-2719b0abc69a');
INSERT INTO `craft_migrations` (`id`, `pluginId`, `version`, `applyTime`, `dateCreated`, `dateUpdated`, `uid`) VALUES ('10', NULL, 'm141024_000001_field_layout_tabs', '2015-11-13 22:54:15', '2015-11-13 22:54:15', '2015-11-13 22:54:15', '86d485ce-9ee3-4cda-b4de-5cffeedf291a');
INSERT INTO `craft_migrations` (`id`, `pluginId`, `version`, `applyTime`, `dateCreated`, `dateUpdated`, `uid`) VALUES ('11', NULL, 'm141030_000000_plugin_schema_versions', '2015-11-13 22:54:15', '2015-11-13 22:54:15', '2015-11-13 22:54:15', '43b9814e-18f8-4f88-a9fe-836fe6d41b07');
INSERT INTO `craft_migrations` (`id`, `pluginId`, `version`, `applyTime`, `dateCreated`, `dateUpdated`, `uid`) VALUES ('12', NULL, 'm141030_000001_drop_structure_move_permission', '2015-11-13 22:54:15', '2015-11-13 22:54:15', '2015-11-13 22:54:15', '33a64296-52a5-44e6-a282-7c7a8f76023d');
INSERT INTO `craft_migrations` (`id`, `pluginId`, `version`, `applyTime`, `dateCreated`, `dateUpdated`, `uid`) VALUES ('13', NULL, 'm141103_000001_tag_titles', '2015-11-13 22:54:15', '2015-11-13 22:54:15', '2015-11-13 22:54:15', '1d3b49cb-8b7a-4955-971b-d4bdb68cadb5');
INSERT INTO `craft_migrations` (`id`, `pluginId`, `version`, `applyTime`, `dateCreated`, `dateUpdated`, `uid`) VALUES ('14', NULL, 'm141109_000001_user_status_shuffle', '2015-11-13 22:54:15', '2015-11-13 22:54:15', '2015-11-13 22:54:15', 'c40430d7-ed34-4073-ab79-6c6c005bf051');
INSERT INTO `craft_migrations` (`id`, `pluginId`, `version`, `applyTime`, `dateCreated`, `dateUpdated`, `uid`) VALUES ('15', NULL, 'm141126_000001_user_week_start_day', '2015-11-13 22:54:15', '2015-11-13 22:54:15', '2015-11-13 22:54:15', '68ef5946-87dc-407e-9402-a8d3fa3784ae');
INSERT INTO `craft_migrations` (`id`, `pluginId`, `version`, `applyTime`, `dateCreated`, `dateUpdated`, `uid`) VALUES ('16', NULL, 'm150210_000001_adjust_user_photo_size', '2015-11-13 22:54:15', '2015-11-13 22:54:15', '2015-11-13 22:54:15', '81d85e7c-2db3-4694-87f7-a7ac64c36782');
INSERT INTO `craft_migrations` (`id`, `pluginId`, `version`, `applyTime`, `dateCreated`, `dateUpdated`, `uid`) VALUES ('17', NULL, 'm150724_000001_adjust_quality_settings', '2015-11-13 22:54:15', '2015-11-13 22:54:15', '2015-11-13 22:54:15', '871c79b6-6997-4815-8e0e-3b8de9af7132');
INSERT INTO `craft_migrations` (`id`, `pluginId`, `version`, `applyTime`, `dateCreated`, `dateUpdated`, `uid`) VALUES ('18', NULL, 'm150827_000000_element_index_settings', '2015-11-13 22:54:15', '2015-11-13 22:54:15', '2015-11-13 22:54:15', '888fded3-e266-4ba2-889b-1add23035b71');
INSERT INTO `craft_migrations` (`id`, `pluginId`, `version`, `applyTime`, `dateCreated`, `dateUpdated`, `uid`) VALUES ('19', NULL, 'm150918_000001_add_colspan_to_widgets', '2015-11-13 22:54:15', '2015-11-13 22:54:15', '2015-11-13 22:54:15', '00292e5e-5aae-4694-bbec-a5e6ad05a1e5');
INSERT INTO `craft_migrations` (`id`, `pluginId`, `version`, `applyTime`, `dateCreated`, `dateUpdated`, `uid`) VALUES ('20', NULL, 'm151007_000000_clear_asset_caches', '2015-11-13 22:54:15', '2015-11-13 22:54:15', '2015-11-13 22:54:15', 'e9fa66e8-2e4b-4990-9651-596af6de69fb');
INSERT INTO `craft_migrations` (`id`, `pluginId`, `version`, `applyTime`, `dateCreated`, `dateUpdated`, `uid`) VALUES ('21', NULL, 'm151109_000000_text_url_formats', '2015-11-13 22:54:15', '2015-11-13 22:54:15', '2015-11-13 22:54:15', '87f87db5-e0af-4b26-b733-0c822a5544e9');
INSERT INTO `craft_migrations` (`id`, `pluginId`, `version`, `applyTime`, `dateCreated`, `dateUpdated`, `uid`) VALUES ('22', NULL, 'm151110_000000_move_logo', '2015-11-13 22:54:15', '2015-11-13 22:54:15', '2015-11-13 22:54:15', '49ac06f7-c55a-4f51-a6d0-a3b015acd1a2');
INSERT INTO `craft_migrations` (`id`, `pluginId`, `version`, `applyTime`, `dateCreated`, `dateUpdated`, `uid`) VALUES ('23', '1', 'm150212_145000_AmNav_renamePagesToNodes', '2015-11-17 07:54:30', '2015-11-17 07:54:30', '2015-11-17 07:54:30', '8c0168b6-9191-409d-936a-b66131d358d9');
INSERT INTO `craft_migrations` (`id`, `pluginId`, `version`, `applyTime`, `dateCreated`, `dateUpdated`, `uid`) VALUES ('24', '1', 'm150217_112800_AmNav_expandPageData', '2015-11-17 07:54:30', '2015-11-17 07:54:30', '2015-11-17 07:54:30', '7e793c43-7529-4f2b-a54f-328835123282');
INSERT INTO `craft_migrations` (`id`, `pluginId`, `version`, `applyTime`, `dateCreated`, `dateUpdated`, `uid`) VALUES ('25', '1', 'm150403_093000_AmNav_nodesWithElements', '2015-11-17 07:54:30', '2015-11-17 07:54:30', '2015-11-17 07:54:30', 'b810e241-a32c-4b7f-b93f-b4376b6aa907');
INSERT INTO `craft_migrations` (`id`, `pluginId`, `version`, `applyTime`, `dateCreated`, `dateUpdated`, `uid`) VALUES ('26', '1', 'm150512_105600_AmNav_addOptionalClass', '2015-11-17 07:54:30', '2015-11-17 07:54:30', '2015-11-17 07:54:30', '5b3d037f-5d60-4c92-9b0e-05f2ff555090');



DROP TABLE IF EXISTS `craft_plugins`;


--
-- Schema for table `craft_plugins`
--
CREATE TABLE `craft_plugins` (
  `id` int(11) NOT NULL AUTO_INCREMENT,
  `class` varchar(150) COLLATE utf8_unicode_ci NOT NULL,
  `version` varchar(15) COLLATE utf8_unicode_ci NOT NULL,
  `schemaVersion` varchar(15) COLLATE utf8_unicode_ci DEFAULT NULL,
  `enabled` tinyint(1) unsigned NOT NULL DEFAULT '0',
  `settings` text COLLATE utf8_unicode_ci,
  `installDate` datetime NOT NULL,
  `dateCreated` datetime NOT NULL,
  `dateUpdated` datetime NOT NULL,
  `uid` char(36) COLLATE utf8_unicode_ci NOT NULL DEFAULT '0',
  PRIMARY KEY (`id`)
) ENGINE=InnoDB AUTO_INCREMENT=2 DEFAULT CHARSET=utf8 COLLATE=utf8_unicode_ci;

--
-- Data for table `craft_plugins`
--

INSERT INTO `craft_plugins` (`id`, `class`, `version`, `schemaVersion`, `enabled`, `settings`, `installDate`, `dateCreated`, `dateUpdated`, `uid`) VALUES ('1', 'AmNav', '1.7.0', NULL, '1', NULL, '2015-11-17 07:54:30', '2015-11-17 07:54:30', '2015-11-17 07:54:30', '3db9847c-25bb-4313-8cdb-dd170d3fba43');



DROP TABLE IF EXISTS `craft_rackspaceaccess`;


--
-- Schema for table `craft_rackspaceaccess`
--
CREATE TABLE `craft_rackspaceaccess` (
  `id` int(11) NOT NULL AUTO_INCREMENT,
  `connectionKey` varchar(255) COLLATE utf8_unicode_ci NOT NULL,
  `token` varchar(255) COLLATE utf8_unicode_ci NOT NULL,
  `storageUrl` varchar(255) COLLATE utf8_unicode_ci NOT NULL,
  `cdnUrl` varchar(255) COLLATE utf8_unicode_ci NOT NULL,
  `dateCreated` datetime NOT NULL,
  `dateUpdated` datetime NOT NULL,
  `uid` char(36) COLLATE utf8_unicode_ci NOT NULL DEFAULT '0',
  PRIMARY KEY (`id`),
  UNIQUE KEY `craft_rackspaceaccess_connectionKey_unq_idx` (`connectionKey`)
) ENGINE=InnoDB DEFAULT CHARSET=utf8 COLLATE=utf8_unicode_ci;

DROP TABLE IF EXISTS `craft_relations`;


--
-- Schema for table `craft_relations`
--
CREATE TABLE `craft_relations` (
  `id` int(11) NOT NULL AUTO_INCREMENT,
  `fieldId` int(11) NOT NULL,
  `sourceId` int(11) NOT NULL,
  `sourceLocale` char(12) COLLATE utf8_unicode_ci DEFAULT NULL,
  `targetId` int(11) NOT NULL,
  `sortOrder` smallint(6) DEFAULT NULL,
  `dateCreated` datetime NOT NULL,
  `dateUpdated` datetime NOT NULL,
  `uid` char(36) COLLATE utf8_unicode_ci NOT NULL DEFAULT '0',
  PRIMARY KEY (`id`),
  UNIQUE KEY `craft_relations_fieldId_sourceId_sourceLocale_targetId_unq_idx` (`fieldId`,`sourceId`,`sourceLocale`,`targetId`),
  KEY `craft_relations_sourceId_fk` (`sourceId`),
  KEY `craft_relations_sourceLocale_fk` (`sourceLocale`),
  KEY `craft_relations_targetId_fk` (`targetId`)
) ENGINE=InnoDB AUTO_INCREMENT=101 DEFAULT CHARSET=utf8 COLLATE=utf8_unicode_ci;

--
-- Data for table `craft_relations`
--

INSERT INTO `craft_relations` (`id`, `fieldId`, `sourceId`, `sourceLocale`, `targetId`, `sortOrder`, `dateCreated`, `dateUpdated`, `uid`) VALUES ('42', '14', '6', NULL, '7', '1', '2015-11-17 10:24:10', '2015-11-17 10:24:10', '92469834-11e6-4554-9fcd-46e5d35d22f5');
INSERT INTO `craft_relations` (`id`, `fieldId`, `sourceId`, `sourceLocale`, `targetId`, `sortOrder`, `dateCreated`, `dateUpdated`, `uid`) VALUES ('47', '15', '22', NULL, '11', '1', '2015-11-17 12:20:17', '2015-11-17 12:20:17', '9292b831-fae1-43ae-be0b-db767b8780cf');
INSERT INTO `craft_relations` (`id`, `fieldId`, `sourceId`, `sourceLocale`, `targetId`, `sortOrder`, `dateCreated`, `dateUpdated`, `uid`) VALUES ('48', '14', '22', NULL, '12', '1', '2015-11-17 12:20:17', '2015-11-17 12:20:17', '273cddbd-17e3-473b-879b-d00018b7fe0c');
INSERT INTO `craft_relations` (`id`, `fieldId`, `sourceId`, `sourceLocale`, `targetId`, `sortOrder`, `dateCreated`, `dateUpdated`, `uid`) VALUES ('54', '33', '38', NULL, '37', '1', '2015-11-17 14:18:50', '2015-11-17 14:18:50', '85acba5a-9ead-47d1-8b92-b21a02e1bda4');
INSERT INTO `craft_relations` (`id`, `fieldId`, `sourceId`, `sourceLocale`, `targetId`, `sortOrder`, `dateCreated`, `dateUpdated`, `uid`) VALUES ('56', '34', '2', NULL, '40', '1', '2015-11-17 15:35:51', '2015-11-17 15:35:51', '428307d7-1d0f-48b6-9145-1a89a68f2790');
INSERT INTO `craft_relations` (`id`, `fieldId`, `sourceId`, `sourceLocale`, `targetId`, `sortOrder`, `dateCreated`, `dateUpdated`, `uid`) VALUES ('57', '34', '2', NULL, '42', '2', '2015-11-17 15:35:51', '2015-11-17 15:35:51', '67bf3549-401d-4f11-8d2d-4f1c1dd7c321');
INSERT INTO `craft_relations` (`id`, `fieldId`, `sourceId`, `sourceLocale`, `targetId`, `sortOrder`, `dateCreated`, `dateUpdated`, `uid`) VALUES ('60', '33', '35', NULL, '31', '1', '2015-11-17 17:29:32', '2015-11-17 17:29:32', 'c258f5a9-33e3-4eb8-9c88-7f3549e67d6b');
INSERT INTO `craft_relations` (`id`, `fieldId`, `sourceId`, `sourceLocale`, `targetId`, `sortOrder`, `dateCreated`, `dateUpdated`, `uid`) VALUES ('61', '2', '35', NULL, '45', '1', '2015-11-17 17:29:32', '2015-11-17 17:29:32', '9d40d7ab-b8d5-4e40-b558-83fd7fc219f4');
INSERT INTO `craft_relations` (`id`, `fieldId`, `sourceId`, `sourceLocale`, `targetId`, `sortOrder`, `dateCreated`, `dateUpdated`, `uid`) VALUES ('62', '2', '35', NULL, '46', '2', '2015-11-17 17:29:32', '2015-11-17 17:29:32', '6ee72200-3745-4988-94ec-61259e3a5a88');
INSERT INTO `craft_relations` (`id`, `fieldId`, `sourceId`, `sourceLocale`, `targetId`, `sortOrder`, `dateCreated`, `dateUpdated`, `uid`) VALUES ('63', '33', '36', NULL, '33', '1', '2015-11-17 17:31:00', '2015-11-17 17:31:00', '9a6ee526-0ebe-4c31-af5a-8aec11f0a9d0');
INSERT INTO `craft_relations` (`id`, `fieldId`, `sourceId`, `sourceLocale`, `targetId`, `sortOrder`, `dateCreated`, `dateUpdated`, `uid`) VALUES ('64', '2', '36', NULL, '47', '1', '2015-11-17 17:31:00', '2015-11-17 17:31:00', '88c20a48-9f1c-429c-938e-c59d0b26f572');
INSERT INTO `craft_relations` (`id`, `fieldId`, `sourceId`, `sourceLocale`, `targetId`, `sortOrder`, `dateCreated`, `dateUpdated`, `uid`) VALUES ('65', '2', '36', NULL, '48', '2', '2015-11-17 17:31:00', '2015-11-17 17:31:00', 'ae124365-1d49-4cd3-b28d-d62a8f9938be');
INSERT INTO `craft_relations` (`id`, `fieldId`, `sourceId`, `sourceLocale`, `targetId`, `sortOrder`, `dateCreated`, `dateUpdated`, `uid`) VALUES ('66', '2', '36', NULL, '49', '3', '2015-11-17 17:31:00', '2015-11-17 17:31:00', '600f53ee-12fb-4c8d-916a-5931a70f3ce5');
INSERT INTO `craft_relations` (`id`, `fieldId`, `sourceId`, `sourceLocale`, `targetId`, `sortOrder`, `dateCreated`, `dateUpdated`, `uid`) VALUES ('69', '15', '44', NULL, '43', '1', '2015-11-17 17:48:25', '2015-11-17 17:48:25', '9a42f975-7570-4435-b94b-21a83bb0d60e');
INSERT INTO `craft_relations` (`id`, `fieldId`, `sourceId`, `sourceLocale`, `targetId`, `sortOrder`, `dateCreated`, `dateUpdated`, `uid`) VALUES ('70', '14', '44', NULL, '50', '1', '2015-11-17 17:48:25', '2015-11-17 17:48:25', 'd84b54c0-68ba-4752-ace4-4a3f4bcb72f9');
INSERT INTO `craft_relations` (`id`, `fieldId`, `sourceId`, `sourceLocale`, `targetId`, `sortOrder`, `dateCreated`, `dateUpdated`, `uid`) VALUES ('76', '15', '24', NULL, '23', '1', '2015-11-17 18:11:13', '2015-11-17 18:11:13', 'c26edca0-f7d1-437b-8a14-7ef90c865144');
INSERT INTO `craft_relations` (`id`, `fieldId`, `sourceId`, `sourceLocale`, `targetId`, `sortOrder`, `dateCreated`, `dateUpdated`, `uid`) VALUES ('77', '14', '24', NULL, '52', '1', '2015-11-17 18:11:13', '2015-11-17 18:11:13', 'a0d53575-547e-4129-b3ce-32b6d4025970');
INSERT INTO `craft_relations` (`id`, `fieldId`, `sourceId`, `sourceLocale`, `targetId`, `sortOrder`, `dateCreated`, `dateUpdated`, `uid`) VALUES ('80', '15', '55', NULL, '53', '1', '2015-11-17 18:28:25', '2015-11-17 18:28:25', '0376331d-e5a7-49c8-a5e0-a8c19d2f4a69');
INSERT INTO `craft_relations` (`id`, `fieldId`, `sourceId`, `sourceLocale`, `targetId`, `sortOrder`, `dateCreated`, `dateUpdated`, `uid`) VALUES ('81', '14', '55', NULL, '54', '1', '2015-11-17 18:28:25', '2015-11-17 18:28:25', 'f2d15753-4eb2-4878-87cc-0fffea810046');
INSERT INTO `craft_relations` (`id`, `fieldId`, `sourceId`, `sourceLocale`, `targetId`, `sortOrder`, `dateCreated`, `dateUpdated`, `uid`) VALUES ('84', '15', '59', NULL, '57', '1', '2015-11-17 18:48:28', '2015-11-17 18:48:28', 'a8d5f874-3031-4205-ba7e-342358279819');
INSERT INTO `craft_relations` (`id`, `fieldId`, `sourceId`, `sourceLocale`, `targetId`, `sortOrder`, `dateCreated`, `dateUpdated`, `uid`) VALUES ('85', '14', '59', NULL, '58', '1', '2015-11-17 18:48:28', '2015-11-17 18:48:28', '5b19d5c3-cf15-4052-a1b8-82ef6d8ee4b3');
INSERT INTO `craft_relations` (`id`, `fieldId`, `sourceId`, `sourceLocale`, `targetId`, `sortOrder`, `dateCreated`, `dateUpdated`, `uid`) VALUES ('86', '15', '63', NULL, '61', '1', '2015-11-17 18:56:23', '2015-11-17 18:56:23', '07044dbf-033c-4bda-a6d1-8af1536b221e');
INSERT INTO `craft_relations` (`id`, `fieldId`, `sourceId`, `sourceLocale`, `targetId`, `sortOrder`, `dateCreated`, `dateUpdated`, `uid`) VALUES ('87', '14', '63', NULL, '62', '1', '2015-11-17 18:56:23', '2015-11-17 18:56:23', 'ab990a0f-ee8b-4432-a65b-5eecd1bf8d7a');
INSERT INTO `craft_relations` (`id`, `fieldId`, `sourceId`, `sourceLocale`, `targetId`, `sortOrder`, `dateCreated`, `dateUpdated`, `uid`) VALUES ('88', '15', '66', NULL, '64', '1', '2015-11-17 19:12:29', '2015-11-17 19:12:29', '43c33f06-1940-4be9-9e1b-c1d89769664d');
INSERT INTO `craft_relations` (`id`, `fieldId`, `sourceId`, `sourceLocale`, `targetId`, `sortOrder`, `dateCreated`, `dateUpdated`, `uid`) VALUES ('89', '14', '66', NULL, '65', '1', '2015-11-17 19:12:29', '2015-11-17 19:12:29', '18000be3-60fa-4d6c-b3b7-3cc461a3a999');
INSERT INTO `craft_relations` (`id`, `fieldId`, `sourceId`, `sourceLocale`, `targetId`, `sortOrder`, `dateCreated`, `dateUpdated`, `uid`) VALUES ('90', '15', '70', NULL, '69', '1', '2015-11-17 19:43:41', '2015-11-17 19:43:41', '58ec3efc-8d29-4f45-96e6-16da55dda1d9');
INSERT INTO `craft_relations` (`id`, `fieldId`, `sourceId`, `sourceLocale`, `targetId`, `sortOrder`, `dateCreated`, `dateUpdated`, `uid`) VALUES ('91', '14', '70', NULL, '68', '1', '2015-11-17 19:43:41', '2015-11-17 19:43:41', '0cf81555-346d-4d1e-9847-0c8ba7ba030b');
INSERT INTO `craft_relations` (`id`, `fieldId`, `sourceId`, `sourceLocale`, `targetId`, `sortOrder`, `dateCreated`, `dateUpdated`, `uid`) VALUES ('92', '15', '72', NULL, '74', '1', '2015-11-17 20:11:28', '2015-11-17 20:11:28', '124a21c3-f8af-4502-b0a3-57c2741087a3');
INSERT INTO `craft_relations` (`id`, `fieldId`, `sourceId`, `sourceLocale`, `targetId`, `sortOrder`, `dateCreated`, `dateUpdated`, `uid`) VALUES ('93', '14', '72', NULL, '75', '1', '2015-11-17 20:11:28', '2015-11-17 20:11:28', '1afec587-26b8-4adb-9c4f-6d3015f585cd');
INSERT INTO `craft_relations` (`id`, `fieldId`, `sourceId`, `sourceLocale`, `targetId`, `sortOrder`, `dateCreated`, `dateUpdated`, `uid`) VALUES ('96', '15', '78', NULL, '74', '1', '2015-11-17 20:17:48', '2015-11-17 20:17:48', '859da14c-334f-4810-877d-5bef384e8a93');
INSERT INTO `craft_relations` (`id`, `fieldId`, `sourceId`, `sourceLocale`, `targetId`, `sortOrder`, `dateCreated`, `dateUpdated`, `uid`) VALUES ('97', '14', '78', NULL, '75', '1', '2015-11-17 20:17:48', '2015-11-17 20:17:48', 'd2dc96ed-a1af-4458-8fb3-59b74b21e98d');
INSERT INTO `craft_relations` (`id`, `fieldId`, `sourceId`, `sourceLocale`, `targetId`, `sortOrder`, `dateCreated`, `dateUpdated`, `uid`) VALUES ('98', '15', '73', NULL, '77', '1', '2015-11-17 20:28:08', '2015-11-17 20:28:08', '3c3135f1-095e-401c-8d2a-cc9bc6c8939f');
INSERT INTO `craft_relations` (`id`, `fieldId`, `sourceId`, `sourceLocale`, `targetId`, `sortOrder`, `dateCreated`, `dateUpdated`, `uid`) VALUES ('99', '14', '73', NULL, '76', '1', '2015-11-17 20:28:08', '2015-11-17 20:28:08', '59bf60c5-8cad-4e80-8015-0549bf4613fa');
INSERT INTO `craft_relations` (`id`, `fieldId`, `sourceId`, `sourceLocale`, `targetId`, `sortOrder`, `dateCreated`, `dateUpdated`, `uid`) VALUES ('100', '14', '9', NULL, '10', '1', '2015-11-19 23:18:49', '2015-11-19 23:18:49', '18fa75a2-0467-433a-8748-cb1a4fdc335a');



DROP TABLE IF EXISTS `craft_routes`;


--
-- Schema for table `craft_routes`
--
CREATE TABLE `craft_routes` (
  `id` int(11) NOT NULL AUTO_INCREMENT,
  `locale` char(12) COLLATE utf8_unicode_ci DEFAULT NULL,
  `urlParts` varchar(255) COLLATE utf8_unicode_ci NOT NULL,
  `urlPattern` varchar(255) COLLATE utf8_unicode_ci NOT NULL,
  `template` varchar(255) COLLATE utf8_unicode_ci NOT NULL,
  `sortOrder` tinyint(4) DEFAULT NULL,
  `dateCreated` datetime NOT NULL,
  `dateUpdated` datetime NOT NULL,
  `uid` char(36) COLLATE utf8_unicode_ci NOT NULL DEFAULT '0',
  PRIMARY KEY (`id`),
  UNIQUE KEY `craft_routes_urlPattern_unq_idx` (`urlPattern`),
  KEY `craft_routes_locale_idx` (`locale`)
) ENGINE=InnoDB AUTO_INCREMENT=2 DEFAULT CHARSET=utf8 COLLATE=utf8_unicode_ci;

--
-- Data for table `craft_routes`
--

INSERT INTO `craft_routes` (`id`, `locale`, `urlParts`, `urlPattern`, `template`, `sortOrder`, `dateCreated`, `dateUpdated`, `uid`) VALUES ('1', NULL, '[\"about\",[\"page\",\"\\\\d+\"]]', 'about(?P<page>\\d+)', 'about', '1', '2015-11-17 12:08:24', '2015-11-17 12:08:24', 'ea8b0d39-ed7e-445a-9670-61e889582d5b');



DROP TABLE IF EXISTS `craft_searchindex`;


--
-- Schema for table `craft_searchindex`
--
CREATE TABLE `craft_searchindex` (
  `elementId` int(11) NOT NULL,
  `attribute` varchar(25) COLLATE utf8_unicode_ci NOT NULL,
  `fieldId` int(11) NOT NULL,
  `locale` char(12) COLLATE utf8_unicode_ci NOT NULL,
  `keywords` text COLLATE utf8_unicode_ci NOT NULL,
  PRIMARY KEY (`elementId`,`attribute`,`fieldId`,`locale`),
  FULLTEXT KEY `craft_searchindex_keywords_idx` (`keywords`)
) ENGINE=MyISAM DEFAULT CHARSET=utf8 COLLATE=utf8_unicode_ci;

--
-- Data for table `craft_searchindex`
--

INSERT INTO `craft_searchindex` (`elementId`, `attribute`, `fieldId`, `locale`, `keywords`) VALUES ('1', 'username', '0', 'en_us', ' gbc law ');
INSERT INTO `craft_searchindex` (`elementId`, `attribute`, `fieldId`, `locale`, `keywords`) VALUES ('1', 'firstname', '0', 'en_us', '');
INSERT INTO `craft_searchindex` (`elementId`, `attribute`, `fieldId`, `locale`, `keywords`) VALUES ('1', 'lastname', '0', 'en_us', '');
INSERT INTO `craft_searchindex` (`elementId`, `attribute`, `fieldId`, `locale`, `keywords`) VALUES ('1', 'fullname', '0', 'en_us', '');
INSERT INTO `craft_searchindex` (`elementId`, `attribute`, `fieldId`, `locale`, `keywords`) VALUES ('1', 'email', '0', 'en_us', ' javik live com ');
INSERT INTO `craft_searchindex` (`elementId`, `attribute`, `fieldId`, `locale`, `keywords`) VALUES ('1', 'slug', '0', 'en_us', '');
INSERT INTO `craft_searchindex` (`elementId`, `attribute`, `fieldId`, `locale`, `keywords`) VALUES ('2', 'slug', '0', 'en_us', ' homepage ');
INSERT INTO `craft_searchindex` (`elementId`, `attribute`, `fieldId`, `locale`, `keywords`) VALUES ('2', 'title', '0', 'en_us', ' homepage gbenga biobaku co ');
INSERT INTO `craft_searchindex` (`elementId`, `attribute`, `fieldId`, `locale`, `keywords`) VALUES ('2', 'field', '1', 'en_us', ' it s true this site doesn t have a whole lot of content yet but don t worry our web developers have just installed the cms and they re setting things up for the content editors this very moment soon gbc dev will be an oasis of fresh perspectives sharp analyses and astute opinions that will keep you coming back again and again ');
INSERT INTO `craft_searchindex` (`elementId`, `attribute`, `fieldId`, `locale`, `keywords`) VALUES ('2', 'field', '5', 'en_us', '');
INSERT INTO `craft_searchindex` (`elementId`, `attribute`, `fieldId`, `locale`, `keywords`) VALUES ('2', 'field', '6', 'en_us', '');
INSERT INTO `craft_searchindex` (`elementId`, `attribute`, `fieldId`, `locale`, `keywords`) VALUES ('2', 'field', '13', 'en_us', '');
INSERT INTO `craft_searchindex` (`elementId`, `attribute`, `fieldId`, `locale`, `keywords`) VALUES ('2', 'field', '7', 'en_us', '');
INSERT INTO `craft_searchindex` (`elementId`, `attribute`, `fieldId`, `locale`, `keywords`) VALUES ('2', 'field', '3', 'en_us', ' gbc ');
INSERT INTO `craft_searchindex` (`elementId`, `attribute`, `fieldId`, `locale`, `keywords`) VALUES ('2', 'field', '8', 'en_us', '');
INSERT INTO `craft_searchindex` (`elementId`, `attribute`, `fieldId`, `locale`, `keywords`) VALUES ('40', 'filename', '0', 'en_us', ' gbc corporate practice jpg ');
INSERT INTO `craft_searchindex` (`elementId`, `attribute`, `fieldId`, `locale`, `keywords`) VALUES ('40', 'extension', '0', 'en_us', ' jpg ');
INSERT INTO `craft_searchindex` (`elementId`, `attribute`, `fieldId`, `locale`, `keywords`) VALUES ('40', 'kind', '0', 'en_us', ' image ');
INSERT INTO `craft_searchindex` (`elementId`, `attribute`, `fieldId`, `locale`, `keywords`) VALUES ('2', 'field', '4', 'en_us', '');
INSERT INTO `craft_searchindex` (`elementId`, `attribute`, `fieldId`, `locale`, `keywords`) VALUES ('2', 'field', '34', 'en_us', ' gbc corporate practice gbc modern law firm ');
INSERT INTO `craft_searchindex` (`elementId`, `attribute`, `fieldId`, `locale`, `keywords`) VALUES ('6', 'slug', '0', 'en_us', ' careers ');
INSERT INTO `craft_searchindex` (`elementId`, `attribute`, `fieldId`, `locale`, `keywords`) VALUES ('6', 'title', '0', 'en_us', ' careers ');
INSERT INTO `craft_searchindex` (`elementId`, `attribute`, `fieldId`, `locale`, `keywords`) VALUES ('21', 'field', '4', 'en_us', '');
INSERT INTO `craft_searchindex` (`elementId`, `attribute`, `fieldId`, `locale`, `keywords`) VALUES ('21', 'field', '5', 'en_us', '');
INSERT INTO `craft_searchindex` (`elementId`, `attribute`, `fieldId`, `locale`, `keywords`) VALUES ('6', 'field', '1', 'en_us', ' we believe that the key to our success is not only the knowledge of our client s industry and our general commercial awareness but our interest in recruiting highly capable individuals and providing a very conducive environment to nurture their ambitions to reach for the top we are constantly looking for individuals who are highly capable and motivated to meet the challenges of a growing industry if you meet this criteria please email your resume to careers gbc law com ');
INSERT INTO `craft_searchindex` (`elementId`, `attribute`, `fieldId`, `locale`, `keywords`) VALUES ('6', 'field', '14', 'en_us', ' careers ');
INSERT INTO `craft_searchindex` (`elementId`, `attribute`, `fieldId`, `locale`, `keywords`) VALUES ('6', 'field', '4', 'en_us', '');
INSERT INTO `craft_searchindex` (`elementId`, `attribute`, `fieldId`, `locale`, `keywords`) VALUES ('6', 'field', '5', 'en_us', '');
INSERT INTO `craft_searchindex` (`elementId`, `attribute`, `fieldId`, `locale`, `keywords`) VALUES ('6', 'field', '6', 'en_us', '');
INSERT INTO `craft_searchindex` (`elementId`, `attribute`, `fieldId`, `locale`, `keywords`) VALUES ('6', 'field', '13', 'en_us', '');
INSERT INTO `craft_searchindex` (`elementId`, `attribute`, `fieldId`, `locale`, `keywords`) VALUES ('6', 'field', '7', 'en_us', '');
INSERT INTO `craft_searchindex` (`elementId`, `attribute`, `fieldId`, `locale`, `keywords`) VALUES ('6', 'field', '3', 'en_us', '');
INSERT INTO `craft_searchindex` (`elementId`, `attribute`, `fieldId`, `locale`, `keywords`) VALUES ('6', 'field', '8', 'en_us', '');
INSERT INTO `craft_searchindex` (`elementId`, `attribute`, `fieldId`, `locale`, `keywords`) VALUES ('6', 'field', '16', 'en_us', ' we believe that the key to our success is not only the knowledge of our client s industry and our general commercial awareness but our interest in recruiting highly capable individuals and providing a very conducive environment to nurture their ambitions to reach for the top we are constantly looking for individuals who are highly capable and motivated to meet the challenges of a growing industry if you meet this criteria please email your resume to careers gbc law com ');
INSERT INTO `craft_searchindex` (`elementId`, `attribute`, `fieldId`, `locale`, `keywords`) VALUES ('7', 'filename', '0', 'en_us', ' careers jpg ');
INSERT INTO `craft_searchindex` (`elementId`, `attribute`, `fieldId`, `locale`, `keywords`) VALUES ('7', 'extension', '0', 'en_us', ' jpg ');
INSERT INTO `craft_searchindex` (`elementId`, `attribute`, `fieldId`, `locale`, `keywords`) VALUES ('7', 'kind', '0', 'en_us', ' image ');
INSERT INTO `craft_searchindex` (`elementId`, `attribute`, `fieldId`, `locale`, `keywords`) VALUES ('7', 'slug', '0', 'en_us', ' careers ');
INSERT INTO `craft_searchindex` (`elementId`, `attribute`, `fieldId`, `locale`, `keywords`) VALUES ('7', 'title', '0', 'en_us', ' careers ');
INSERT INTO `craft_searchindex` (`elementId`, `attribute`, `fieldId`, `locale`, `keywords`) VALUES ('9', 'field', '14', 'en_us', ' contact bg ');
INSERT INTO `craft_searchindex` (`elementId`, `attribute`, `fieldId`, `locale`, `keywords`) VALUES ('9', 'title', '0', 'en_us', ' contact ');
INSERT INTO `craft_searchindex` (`elementId`, `attribute`, `fieldId`, `locale`, `keywords`) VALUES ('9', 'slug', '0', 'en_us', ' contact ');
INSERT INTO `craft_searchindex` (`elementId`, `attribute`, `fieldId`, `locale`, `keywords`) VALUES ('9', 'field', '16', 'en_us', ' office address 11 babafemi osoba crescentoff admiralty road lekki phase 1 p o box 72250 victoria island lagos t 234 1 2717769 dls 234 1 2706382 2706383fax 234 1 2707320e info gbc law com ');
INSERT INTO `craft_searchindex` (`elementId`, `attribute`, `fieldId`, `locale`, `keywords`) VALUES ('9', 'field', '4', 'en_us', '');
INSERT INTO `craft_searchindex` (`elementId`, `attribute`, `fieldId`, `locale`, `keywords`) VALUES ('9', 'field', '5', 'en_us', '');
INSERT INTO `craft_searchindex` (`elementId`, `attribute`, `fieldId`, `locale`, `keywords`) VALUES ('9', 'field', '6', 'en_us', '');
INSERT INTO `craft_searchindex` (`elementId`, `attribute`, `fieldId`, `locale`, `keywords`) VALUES ('9', 'field', '13', 'en_us', '');
INSERT INTO `craft_searchindex` (`elementId`, `attribute`, `fieldId`, `locale`, `keywords`) VALUES ('9', 'field', '7', 'en_us', '');
INSERT INTO `craft_searchindex` (`elementId`, `attribute`, `fieldId`, `locale`, `keywords`) VALUES ('9', 'field', '3', 'en_us', '');
INSERT INTO `craft_searchindex` (`elementId`, `attribute`, `fieldId`, `locale`, `keywords`) VALUES ('9', 'field', '8', 'en_us', '');
INSERT INTO `craft_searchindex` (`elementId`, `attribute`, `fieldId`, `locale`, `keywords`) VALUES ('10', 'filename', '0', 'en_us', ' contact bg jpg ');
INSERT INTO `craft_searchindex` (`elementId`, `attribute`, `fieldId`, `locale`, `keywords`) VALUES ('10', 'extension', '0', 'en_us', ' jpg ');
INSERT INTO `craft_searchindex` (`elementId`, `attribute`, `fieldId`, `locale`, `keywords`) VALUES ('10', 'kind', '0', 'en_us', ' image ');
INSERT INTO `craft_searchindex` (`elementId`, `attribute`, `fieldId`, `locale`, `keywords`) VALUES ('10', 'slug', '0', 'en_us', '');
INSERT INTO `craft_searchindex` (`elementId`, `attribute`, `fieldId`, `locale`, `keywords`) VALUES ('10', 'title', '0', 'en_us', ' contact bg ');
INSERT INTO `craft_searchindex` (`elementId`, `attribute`, `fieldId`, `locale`, `keywords`) VALUES ('9', 'field', '1', 'en_us', ' office address 11 babafemi osoba crescent off admiralty road lekki phase 1 p o box 72250 victoria island lagos t 234 0 1 899 0764 234 0 1 899 0765 e info gbc law com ');
INSERT INTO `craft_searchindex` (`elementId`, `attribute`, `fieldId`, `locale`, `keywords`) VALUES ('21', 'field', '6', 'en_us', '');
INSERT INTO `craft_searchindex` (`elementId`, `attribute`, `fieldId`, `locale`, `keywords`) VALUES ('21', 'field', '13', 'en_us', '');
INSERT INTO `craft_searchindex` (`elementId`, `attribute`, `fieldId`, `locale`, `keywords`) VALUES ('21', 'field', '3', 'en_us', '');
INSERT INTO `craft_searchindex` (`elementId`, `attribute`, `fieldId`, `locale`, `keywords`) VALUES ('21', 'field', '7', 'en_us', '');
INSERT INTO `craft_searchindex` (`elementId`, `attribute`, `fieldId`, `locale`, `keywords`) VALUES ('21', 'field', '10', 'en_us', '');
INSERT INTO `craft_searchindex` (`elementId`, `attribute`, `fieldId`, `locale`, `keywords`) VALUES ('21', 'field', '17', 'en_us', '');
INSERT INTO `craft_searchindex` (`elementId`, `attribute`, `fieldId`, `locale`, `keywords`) VALUES ('21', 'field', '14', 'en_us', '');
INSERT INTO `craft_searchindex` (`elementId`, `attribute`, `fieldId`, `locale`, `keywords`) VALUES ('21', 'field', '15', 'en_us', '');
INSERT INTO `craft_searchindex` (`elementId`, `attribute`, `fieldId`, `locale`, `keywords`) VALUES ('11', 'filename', '0', 'en_us', ' gbenga jpg ');
INSERT INTO `craft_searchindex` (`elementId`, `attribute`, `fieldId`, `locale`, `keywords`) VALUES ('11', 'extension', '0', 'en_us', ' jpg ');
INSERT INTO `craft_searchindex` (`elementId`, `attribute`, `fieldId`, `locale`, `keywords`) VALUES ('11', 'kind', '0', 'en_us', ' image ');
INSERT INTO `craft_searchindex` (`elementId`, `attribute`, `fieldId`, `locale`, `keywords`) VALUES ('11', 'slug', '0', 'en_us', '');
INSERT INTO `craft_searchindex` (`elementId`, `attribute`, `fieldId`, `locale`, `keywords`) VALUES ('11', 'title', '0', 'en_us', ' gbenga ');
INSERT INTO `craft_searchindex` (`elementId`, `attribute`, `fieldId`, `locale`, `keywords`) VALUES ('12', 'filename', '0', 'en_us', ' gbenga biobaku jpg ');
INSERT INTO `craft_searchindex` (`elementId`, `attribute`, `fieldId`, `locale`, `keywords`) VALUES ('12', 'extension', '0', 'en_us', ' jpg ');
INSERT INTO `craft_searchindex` (`elementId`, `attribute`, `fieldId`, `locale`, `keywords`) VALUES ('12', 'kind', '0', 'en_us', ' image ');
INSERT INTO `craft_searchindex` (`elementId`, `attribute`, `fieldId`, `locale`, `keywords`) VALUES ('12', 'slug', '0', 'en_us', '');
INSERT INTO `craft_searchindex` (`elementId`, `attribute`, `fieldId`, `locale`, `keywords`) VALUES ('12', 'title', '0', 'en_us', ' gbenga biobaku ');
INSERT INTO `craft_searchindex` (`elementId`, `attribute`, `fieldId`, `locale`, `keywords`) VALUES ('16', 'field', '14', 'en_us', ' gbenga biobaku ');
INSERT INTO `craft_searchindex` (`elementId`, `attribute`, `fieldId`, `locale`, `keywords`) VALUES ('16', 'field', '15', 'en_us', ' gbenga ');
INSERT INTO `craft_searchindex` (`elementId`, `attribute`, `fieldId`, `locale`, `keywords`) VALUES ('15', 'title', '0', 'en_us', ' gbenga biobaku ');
INSERT INTO `craft_searchindex` (`elementId`, `attribute`, `fieldId`, `locale`, `keywords`) VALUES ('15', 'slug', '0', 'en_us', '');
INSERT INTO `craft_searchindex` (`elementId`, `attribute`, `fieldId`, `locale`, `keywords`) VALUES ('15', 'kind', '0', 'en_us', ' image ');
INSERT INTO `craft_searchindex` (`elementId`, `attribute`, `fieldId`, `locale`, `keywords`) VALUES ('15', 'extension', '0', 'en_us', ' jpg ');
INSERT INTO `craft_searchindex` (`elementId`, `attribute`, `fieldId`, `locale`, `keywords`) VALUES ('15', 'filename', '0', 'en_us', ' gbenga biobaku_1 jpg ');
INSERT INTO `craft_searchindex` (`elementId`, `attribute`, `fieldId`, `locale`, `keywords`) VALUES ('14', 'title', '0', 'en_us', ' gbenga ');
INSERT INTO `craft_searchindex` (`elementId`, `attribute`, `fieldId`, `locale`, `keywords`) VALUES ('14', 'slug', '0', 'en_us', '');
INSERT INTO `craft_searchindex` (`elementId`, `attribute`, `fieldId`, `locale`, `keywords`) VALUES ('14', 'kind', '0', 'en_us', ' image ');
INSERT INTO `craft_searchindex` (`elementId`, `attribute`, `fieldId`, `locale`, `keywords`) VALUES ('14', 'extension', '0', 'en_us', ' jpg ');
INSERT INTO `craft_searchindex` (`elementId`, `attribute`, `fieldId`, `locale`, `keywords`) VALUES ('14', 'filename', '0', 'en_us', ' gbenga_1 jpg ');
INSERT INTO `craft_searchindex` (`elementId`, `attribute`, `fieldId`, `locale`, `keywords`) VALUES ('16', 'field', '19', 'en_us', ' gbenga has over 2 decades of legal practice experience in corporate commercial law predominantly in the oil and gas industry previously at jackson etti edu where he was the head of the energy corporate department for over 5 years prior to joining jackson etti edu gbenga was a member of the energy and corporate commercial practice group at irving and bonnar nigeria s oldest law firm whilst at irving bonnar gbenga worked on a variety of energy corporate and commercial transactions for both domestic and international clients ');
INSERT INTO `craft_searchindex` (`elementId`, `attribute`, `fieldId`, `locale`, `keywords`) VALUES ('16', 'field', '20', 'en_us', '');
INSERT INTO `craft_searchindex` (`elementId`, `attribute`, `fieldId`, `locale`, `keywords`) VALUES ('16', 'field', '21', 'en_us', '');
INSERT INTO `craft_searchindex` (`elementId`, `attribute`, `fieldId`, `locale`, `keywords`) VALUES ('16', 'field', '22', 'en_us', '');
INSERT INTO `craft_searchindex` (`elementId`, `attribute`, `fieldId`, `locale`, `keywords`) VALUES ('16', 'field', '18', 'en_us', '');
INSERT INTO `craft_searchindex` (`elementId`, `attribute`, `fieldId`, `locale`, `keywords`) VALUES ('16', 'field', '23', 'en_us', '');
INSERT INTO `craft_searchindex` (`elementId`, `attribute`, `fieldId`, `locale`, `keywords`) VALUES ('16', 'field', '24', 'en_us', '');
INSERT INTO `craft_searchindex` (`elementId`, `attribute`, `fieldId`, `locale`, `keywords`) VALUES ('16', 'field', '4', 'en_us', '');
INSERT INTO `craft_searchindex` (`elementId`, `attribute`, `fieldId`, `locale`, `keywords`) VALUES ('16', 'field', '5', 'en_us', '');
INSERT INTO `craft_searchindex` (`elementId`, `attribute`, `fieldId`, `locale`, `keywords`) VALUES ('16', 'field', '6', 'en_us', '');
INSERT INTO `craft_searchindex` (`elementId`, `attribute`, `fieldId`, `locale`, `keywords`) VALUES ('16', 'field', '13', 'en_us', '');
INSERT INTO `craft_searchindex` (`elementId`, `attribute`, `fieldId`, `locale`, `keywords`) VALUES ('16', 'field', '7', 'en_us', '');
INSERT INTO `craft_searchindex` (`elementId`, `attribute`, `fieldId`, `locale`, `keywords`) VALUES ('16', 'field', '3', 'en_us', '');
INSERT INTO `craft_searchindex` (`elementId`, `attribute`, `fieldId`, `locale`, `keywords`) VALUES ('16', 'field', '8', 'en_us', '');
INSERT INTO `craft_searchindex` (`elementId`, `attribute`, `fieldId`, `locale`, `keywords`) VALUES ('16', 'slug', '0', 'en_us', ' gbenga biobaku ');
INSERT INTO `craft_searchindex` (`elementId`, `attribute`, `fieldId`, `locale`, `keywords`) VALUES ('16', 'title', '0', 'en_us', ' gbenga biobaku ');
INSERT INTO `craft_searchindex` (`elementId`, `attribute`, `fieldId`, `locale`, `keywords`) VALUES ('17', 'field', '15', 'en_us', ' gbenga ');
INSERT INTO `craft_searchindex` (`elementId`, `attribute`, `fieldId`, `locale`, `keywords`) VALUES ('17', 'field', '14', 'en_us', ' gbenga biobaku ');
INSERT INTO `craft_searchindex` (`elementId`, `attribute`, `fieldId`, `locale`, `keywords`) VALUES ('17', 'field', '19', 'en_us', ' gbenga has over 2 decades of legal practice experience in corporate commercial law predominantly in the oil and gas industry previously at jackson etti edu where he was the head of the energy corporate department for over 5 years prior to joining jackson etti edu gbenga was a member of the energy and corporate commercial practice group at irving and bonnar nigeria s oldest law firm whilst at irving bonnar gbenga worked on a variety of energy corporate and commercial transactions for both domestic and international clients ');
INSERT INTO `craft_searchindex` (`elementId`, `attribute`, `fieldId`, `locale`, `keywords`) VALUES ('17', 'field', '20', 'en_us', '');
INSERT INTO `craft_searchindex` (`elementId`, `attribute`, `fieldId`, `locale`, `keywords`) VALUES ('17', 'field', '21', 'en_us', '');
INSERT INTO `craft_searchindex` (`elementId`, `attribute`, `fieldId`, `locale`, `keywords`) VALUES ('17', 'field', '22', 'en_us', '');
INSERT INTO `craft_searchindex` (`elementId`, `attribute`, `fieldId`, `locale`, `keywords`) VALUES ('17', 'field', '18', 'en_us', '');
INSERT INTO `craft_searchindex` (`elementId`, `attribute`, `fieldId`, `locale`, `keywords`) VALUES ('17', 'field', '23', 'en_us', '');
INSERT INTO `craft_searchindex` (`elementId`, `attribute`, `fieldId`, `locale`, `keywords`) VALUES ('17', 'field', '24', 'en_us', '');
INSERT INTO `craft_searchindex` (`elementId`, `attribute`, `fieldId`, `locale`, `keywords`) VALUES ('17', 'field', '4', 'en_us', '');
INSERT INTO `craft_searchindex` (`elementId`, `attribute`, `fieldId`, `locale`, `keywords`) VALUES ('17', 'field', '5', 'en_us', '');
INSERT INTO `craft_searchindex` (`elementId`, `attribute`, `fieldId`, `locale`, `keywords`) VALUES ('17', 'field', '6', 'en_us', '');
INSERT INTO `craft_searchindex` (`elementId`, `attribute`, `fieldId`, `locale`, `keywords`) VALUES ('17', 'field', '13', 'en_us', '');
INSERT INTO `craft_searchindex` (`elementId`, `attribute`, `fieldId`, `locale`, `keywords`) VALUES ('17', 'field', '7', 'en_us', '');
INSERT INTO `craft_searchindex` (`elementId`, `attribute`, `fieldId`, `locale`, `keywords`) VALUES ('17', 'field', '3', 'en_us', '');
INSERT INTO `craft_searchindex` (`elementId`, `attribute`, `fieldId`, `locale`, `keywords`) VALUES ('17', 'field', '8', 'en_us', '');
INSERT INTO `craft_searchindex` (`elementId`, `attribute`, `fieldId`, `locale`, `keywords`) VALUES ('17', 'slug', '0', 'en_us', ' about gbenga biobaku ');
INSERT INTO `craft_searchindex` (`elementId`, `attribute`, `fieldId`, `locale`, `keywords`) VALUES ('17', 'title', '0', 'en_us', ' gbenga biobaku ');
INSERT INTO `craft_searchindex` (`elementId`, `attribute`, `fieldId`, `locale`, `keywords`) VALUES ('18', 'field', '15', 'en_us', ' gbenga ');
INSERT INTO `craft_searchindex` (`elementId`, `attribute`, `fieldId`, `locale`, `keywords`) VALUES ('18', 'field', '14', 'en_us', ' gbenga biobaku ');
INSERT INTO `craft_searchindex` (`elementId`, `attribute`, `fieldId`, `locale`, `keywords`) VALUES ('18', 'field', '19', 'en_us', ' gbenga has over 2 decades of legal practice experience in corporate commercial law predominantly in the oil and gas industry previously at jackson etti edu where he was the head of the energy corporate department for over 5 years prior to joining jackson etti edu gbenga was a member of the energy and corporate commercial practice group at irving and bonnar nigeria s oldest law firm whilst at irving bonnar gbenga worked on a variety of energy corporate and commercial transactions for both domestic and international clients ');
INSERT INTO `craft_searchindex` (`elementId`, `attribute`, `fieldId`, `locale`, `keywords`) VALUES ('18', 'field', '20', 'en_us', '');
INSERT INTO `craft_searchindex` (`elementId`, `attribute`, `fieldId`, `locale`, `keywords`) VALUES ('18', 'field', '21', 'en_us', '');
INSERT INTO `craft_searchindex` (`elementId`, `attribute`, `fieldId`, `locale`, `keywords`) VALUES ('18', 'field', '22', 'en_us', '');
INSERT INTO `craft_searchindex` (`elementId`, `attribute`, `fieldId`, `locale`, `keywords`) VALUES ('18', 'field', '18', 'en_us', '');
INSERT INTO `craft_searchindex` (`elementId`, `attribute`, `fieldId`, `locale`, `keywords`) VALUES ('18', 'field', '23', 'en_us', '');
INSERT INTO `craft_searchindex` (`elementId`, `attribute`, `fieldId`, `locale`, `keywords`) VALUES ('18', 'field', '24', 'en_us', '');
INSERT INTO `craft_searchindex` (`elementId`, `attribute`, `fieldId`, `locale`, `keywords`) VALUES ('18', 'field', '4', 'en_us', '');
INSERT INTO `craft_searchindex` (`elementId`, `attribute`, `fieldId`, `locale`, `keywords`) VALUES ('18', 'field', '5', 'en_us', '');
INSERT INTO `craft_searchindex` (`elementId`, `attribute`, `fieldId`, `locale`, `keywords`) VALUES ('18', 'field', '6', 'en_us', '');
INSERT INTO `craft_searchindex` (`elementId`, `attribute`, `fieldId`, `locale`, `keywords`) VALUES ('18', 'field', '13', 'en_us', '');
INSERT INTO `craft_searchindex` (`elementId`, `attribute`, `fieldId`, `locale`, `keywords`) VALUES ('18', 'field', '7', 'en_us', '');
INSERT INTO `craft_searchindex` (`elementId`, `attribute`, `fieldId`, `locale`, `keywords`) VALUES ('18', 'field', '3', 'en_us', '');
INSERT INTO `craft_searchindex` (`elementId`, `attribute`, `fieldId`, `locale`, `keywords`) VALUES ('18', 'field', '8', 'en_us', '');
INSERT INTO `craft_searchindex` (`elementId`, `attribute`, `fieldId`, `locale`, `keywords`) VALUES ('18', 'slug', '0', 'en_us', ' about gbenga biobaku ');
INSERT INTO `craft_searchindex` (`elementId`, `attribute`, `fieldId`, `locale`, `keywords`) VALUES ('18', 'title', '0', 'en_us', ' gbenga biobaku ');
INSERT INTO `craft_searchindex` (`elementId`, `attribute`, `fieldId`, `locale`, `keywords`) VALUES ('19', 'field', '15', 'en_us', '');
INSERT INTO `craft_searchindex` (`elementId`, `attribute`, `fieldId`, `locale`, `keywords`) VALUES ('19', 'field', '14', 'en_us', '');
INSERT INTO `craft_searchindex` (`elementId`, `attribute`, `fieldId`, `locale`, `keywords`) VALUES ('19', 'field', '19', 'en_us', '');
INSERT INTO `craft_searchindex` (`elementId`, `attribute`, `fieldId`, `locale`, `keywords`) VALUES ('19', 'field', '20', 'en_us', '');
INSERT INTO `craft_searchindex` (`elementId`, `attribute`, `fieldId`, `locale`, `keywords`) VALUES ('19', 'field', '21', 'en_us', '');
INSERT INTO `craft_searchindex` (`elementId`, `attribute`, `fieldId`, `locale`, `keywords`) VALUES ('19', 'field', '22', 'en_us', '');
INSERT INTO `craft_searchindex` (`elementId`, `attribute`, `fieldId`, `locale`, `keywords`) VALUES ('19', 'field', '18', 'en_us', '');
INSERT INTO `craft_searchindex` (`elementId`, `attribute`, `fieldId`, `locale`, `keywords`) VALUES ('19', 'field', '23', 'en_us', '');
INSERT INTO `craft_searchindex` (`elementId`, `attribute`, `fieldId`, `locale`, `keywords`) VALUES ('19', 'field', '24', 'en_us', '');
INSERT INTO `craft_searchindex` (`elementId`, `attribute`, `fieldId`, `locale`, `keywords`) VALUES ('19', 'field', '4', 'en_us', '');
INSERT INTO `craft_searchindex` (`elementId`, `attribute`, `fieldId`, `locale`, `keywords`) VALUES ('19', 'field', '5', 'en_us', '');
INSERT INTO `craft_searchindex` (`elementId`, `attribute`, `fieldId`, `locale`, `keywords`) VALUES ('19', 'field', '6', 'en_us', '');
INSERT INTO `craft_searchindex` (`elementId`, `attribute`, `fieldId`, `locale`, `keywords`) VALUES ('19', 'field', '13', 'en_us', '');
INSERT INTO `craft_searchindex` (`elementId`, `attribute`, `fieldId`, `locale`, `keywords`) VALUES ('19', 'field', '7', 'en_us', '');
INSERT INTO `craft_searchindex` (`elementId`, `attribute`, `fieldId`, `locale`, `keywords`) VALUES ('19', 'field', '3', 'en_us', '');
INSERT INTO `craft_searchindex` (`elementId`, `attribute`, `fieldId`, `locale`, `keywords`) VALUES ('19', 'field', '8', 'en_us', '');
INSERT INTO `craft_searchindex` (`elementId`, `attribute`, `fieldId`, `locale`, `keywords`) VALUES ('19', 'slug', '0', 'en_us', ' gbenga biobaku ');
INSERT INTO `craft_searchindex` (`elementId`, `attribute`, `fieldId`, `locale`, `keywords`) VALUES ('19', 'title', '0', 'en_us', ' gbenga biobaku ');
INSERT INTO `craft_searchindex` (`elementId`, `attribute`, `fieldId`, `locale`, `keywords`) VALUES ('21', 'field', '9', 'en_us', ' gbenga biobaku co gbc is a leading law firm in nigeria with primary practice in the business scene for over 20years our firm has demonstrated its expertise in handling challenging assignments for the most interesting clients we have achieved extraordinary results with a team of intensely focused members with a focus on solving our clients most important problems building strong client relationships is the compass of our business strategy with diverse experience and exceptional professionals we have continually delivered quality to our clients through innovative legal solutions our clients range from multinationals oil energy firms financial institutions and emerging companies we also advise governments and public bodies ');
INSERT INTO `craft_searchindex` (`elementId`, `attribute`, `fieldId`, `locale`, `keywords`) VALUES ('21', 'slug', '0', 'en_us', ' about gbc ');
INSERT INTO `craft_searchindex` (`elementId`, `attribute`, `fieldId`, `locale`, `keywords`) VALUES ('21', 'title', '0', 'en_us', ' about ');
INSERT INTO `craft_searchindex` (`elementId`, `attribute`, `fieldId`, `locale`, `keywords`) VALUES ('21', 'field', '8', 'en_us', '');
INSERT INTO `craft_searchindex` (`elementId`, `attribute`, `fieldId`, `locale`, `keywords`) VALUES ('22', 'field', '18', 'en_us', ' managing partner ');
INSERT INTO `craft_searchindex` (`elementId`, `attribute`, `fieldId`, `locale`, `keywords`) VALUES ('22', 'field', '15', 'en_us', ' gbenga ');
INSERT INTO `craft_searchindex` (`elementId`, `attribute`, `fieldId`, `locale`, `keywords`) VALUES ('22', 'field', '14', 'en_us', ' gbenga biobaku ');
INSERT INTO `craft_searchindex` (`elementId`, `attribute`, `fieldId`, `locale`, `keywords`) VALUES ('22', 'field', '19', 'en_us', ' gbenga has over 2 decades of legal practice experience in corporate commercial law predominantly in the oil and gas industry previously at jackson etti edu where he was the head of the energy corporate department for over 5 years prior to joining jackson etti edu gbenga was a member of the energy and corporate commercial practice group at irving and bonnar nigeria s oldest law firm whilst at irving bonnar gbenga worked on a variety of energy corporate and commercial transactions for both domestic and international clients ');
INSERT INTO `craft_searchindex` (`elementId`, `attribute`, `fieldId`, `locale`, `keywords`) VALUES ('22', 'field', '20', 'en_us', ' university of ife llb 1986 university of ife llb 1986 nigerian bar association 1987 nigerian bar association 1987 ');
INSERT INTO `craft_searchindex` (`elementId`, `attribute`, `fieldId`, `locale`, `keywords`) VALUES ('22', 'field', '21', 'en_us', ' foreign investments foreign investments joint ventures joint ventures acquisitions disposals acquisitions disposals corporate restructuring corporate restructuring project development finance project development finance ');
INSERT INTO `craft_searchindex` (`elementId`, `attribute`, `fieldId`, `locale`, `keywords`) VALUES ('22', 'field', '22', 'en_us', ' nigerian bar association nigerian bar association energy natural resources section serl of the international bar association energy natural resources section serl of the international bar association association of international petroleum negotiators aipn association of international petroleum negotiators aipn ');
INSERT INTO `craft_searchindex` (`elementId`, `attribute`, `fieldId`, `locale`, `keywords`) VALUES ('22', 'field', '23', 'en_us', ' advising a multinational exploration and production company in relation to a proposed lng project in the niger delta region of nigeria advising a multinational exploration and production company in relation to a proposed lng project in the niger delta region of nigeria advising on the $785 million oso field development project jointly owned by mobil producing nigeria unlimited and the nigerian national petroleum corporation nnpc and partly financed by equity from the sponsors and debt capital from international institutions such as the world bank international finance corporation ifc us export import bank japan export import bank and the european investment bank advising on the $785 million oso field development project jointly owned by mobil producing nigeria unlimited and the nigerian national petroleum corporation nnpc and partly financed by equity from the sponsors and debt capital from international institutions such as the world bank international finance corporation ifc us export import bank japan export import bank and the european investment bank advising and negotiating the project financing documentation and designing of the investment vehicle of the us$810million oso ngl project a gas utilisation project which was sequel to the oso field development project and partly financed by equity from the sponsors and debt capital by a number of institutional investors in the united states and europe advising and negotiating the project financing documentation and designing of the investment vehicle of the us$810million oso ngl project a gas utilisation project which was sequel to the oso field development project and partly financed by equity from the sponsors and debt capital by a number of institutional investors in the united states and europe advising the norwegian exploration production company statoil in respect of several production sharing contracts with the nigerian national petroleum corporation nnpc and assisting with the negotiation advising the norwegian exploration production company statoil in respect of several production sharing contracts with the nigerian national petroleum corporation nnpc and assisting with the negotiation advising an international oil company in its bid for an oil block in the nigeria sao tome and principe jdz 2003 licensing round and conducting a detailed analysis of the treaty and the petroleum fiscal and contractual regime advising an international oil company in its bid for an oil block in the nigeria sao tome and principe jdz 2003 licensing round and conducting a detailed analysis of the treaty and the petroleum fiscal and contractual regime advising sonatrach the algerian state oil company in connection with its bid for an oil block in the 2005 licensing round and providing advice on the bidding regulations as well as detailed analysis of the petroleum fiscal and contractual regime advising sonatrach the algerian state oil company in connection with its bid for an oil block in the 2005 licensing round and providing advice on the bidding regulations as well as detailed analysis of the petroleum fiscal and contractual regime in collaboration with lawyers in a uk law firm acting for and advising a group of international banks on aspects of the financing of the eleme petrochemical plant in collaboration with lawyers in a uk law firm acting for and advising a group of international banks on aspects of the financing of the eleme petrochemical plant advising statoil on the establishment of several subsidiary companies in nigeria including processing and obtaining of all pre investment and regulatory approvals advising statoil on the establishment of several subsidiary companies in nigeria including processing and obtaining of all pre investment and regulatory approvals advising and assisting consolidated petroleum pty a south african company on the farm in arrangements into a marginal field including the drafting and review of the transaction documents including the purchase agreement farm in agreement joint operating agreement and the deed of assignment advising and assisting consolidated petroleum pty a south african company on the farm in arrangements into a marginal field including the drafting and review of the transaction documents including the purchase agreement farm in agreement joint operating agreement and the deed of assignment advising on several acquisitions and mergers involving oil service companies including the acquisition by baker hughes of a minority interest in a nigerian oil service company advising on several acquisitions and mergers involving oil service companies including the acquisition by baker hughes of a minority interest in a nigerian oil service company advising baker hughes on all legal aspects of the construction and development of a major facility in port harcourt from negotiation of the long lease for the property to negotiating and rendering advise on the construction contract advising on town planning regulatory issues as well as environmental issues and undertaking the registration and perfection of the long lease advising baker hughes on all legal aspects of the construction and development of a major facility in port harcourt from negotiation of the long lease for the property to negotiating and rendering advise on the construction contract advising on town planning regulatory issues as well as environmental issues and undertaking the registration and perfection of the long lease advising skye bank plc in relation to a usd75million syndicated petroleum products receivables pre financing facility advising skye bank plc in relation to a usd75million syndicated petroleum products receivables pre financing facility advising taba nigeria limited in respect of an engineering procurement and construction epc contract with nnpc relating to a power plant and advising and assisting with the structuring and documentation of the various subcontracting and the financing arrangements advising taba nigeria limited in respect of an engineering procurement and construction epc contract with nnpc relating to a power plant and advising and assisting with the structuring and documentation of the various subcontracting and the financing arrangements advising and assisting a private investor in connection with a joint venture arrangement with the government of ondo state of nigeria involving the privatization of the ondo state afforestation project which was initially funded by the african development bank advising and assisting a private investor in connection with a joint venture arrangement with the government of ondo state of nigeria involving the privatization of the ondo state afforestation project which was initially funded by the african development bank advising on the merger between the nigerian subsidiaries of smithkline beecham and sterling products advising on the merger between the nigerian subsidiaries of smithkline beecham and sterling products conducted legal due diligence and advised capital alliance a foremost international private equity firm in a $15million usd private equity investment in a leading cash in transit company in nigeria conducted legal due diligence and advised capital alliance a foremost international private equity firm in a $15million usd private equity investment in a leading cash in transit company in nigeria advising skye bank plc in connection with the negotiation of a trade finance facility from african export import bank afrexim advising skye bank plc in connection with the negotiation of a trade finance facility from african export import bank afrexim advising and assisting a private investor in connection with the acquisition of iwopin pulp and paper company from the bureau of public enterprises bpe federal government of nigeria advising and assisting a private investor in connection with the acquisition of iwopin pulp and paper company from the bureau of public enterprises bpe federal government of nigeria advising inlaks plc a conglomerate at that time on the separation and corporatisation of some of its division advising inlaks plc a conglomerate at that time on the separation and corporatisation of some of its division advising a leading aluminum company in nigeria on a scheme of arrangement involving the parent company and a subsidiary advising a leading aluminum company in nigeria on a scheme of arrangement involving the parent company and a subsidiary ');
INSERT INTO `craft_searchindex` (`elementId`, `attribute`, `fieldId`, `locale`, `keywords`) VALUES ('22', 'field', '24', 'en_us', '');
INSERT INTO `craft_searchindex` (`elementId`, `attribute`, `fieldId`, `locale`, `keywords`) VALUES ('22', 'field', '4', 'en_us', '');
INSERT INTO `craft_searchindex` (`elementId`, `attribute`, `fieldId`, `locale`, `keywords`) VALUES ('22', 'field', '5', 'en_us', '');
INSERT INTO `craft_searchindex` (`elementId`, `attribute`, `fieldId`, `locale`, `keywords`) VALUES ('22', 'field', '6', 'en_us', '');
INSERT INTO `craft_searchindex` (`elementId`, `attribute`, `fieldId`, `locale`, `keywords`) VALUES ('22', 'field', '13', 'en_us', '');
INSERT INTO `craft_searchindex` (`elementId`, `attribute`, `fieldId`, `locale`, `keywords`) VALUES ('22', 'field', '7', 'en_us', '');
INSERT INTO `craft_searchindex` (`elementId`, `attribute`, `fieldId`, `locale`, `keywords`) VALUES ('22', 'field', '3', 'en_us', '');
INSERT INTO `craft_searchindex` (`elementId`, `attribute`, `fieldId`, `locale`, `keywords`) VALUES ('22', 'field', '8', 'en_us', '');
INSERT INTO `craft_searchindex` (`elementId`, `attribute`, `fieldId`, `locale`, `keywords`) VALUES ('22', 'slug', '0', 'en_us', ' gbenga biobaku ');
INSERT INTO `craft_searchindex` (`elementId`, `attribute`, `fieldId`, `locale`, `keywords`) VALUES ('22', 'title', '0', 'en_us', ' gbenga biobaku ');
INSERT INTO `craft_searchindex` (`elementId`, `attribute`, `fieldId`, `locale`, `keywords`) VALUES ('23', 'filename', '0', 'en_us', ' 1 jpg ');
INSERT INTO `craft_searchindex` (`elementId`, `attribute`, `fieldId`, `locale`, `keywords`) VALUES ('23', 'extension', '0', 'en_us', ' jpg ');
INSERT INTO `craft_searchindex` (`elementId`, `attribute`, `fieldId`, `locale`, `keywords`) VALUES ('23', 'kind', '0', 'en_us', ' image ');
INSERT INTO `craft_searchindex` (`elementId`, `attribute`, `fieldId`, `locale`, `keywords`) VALUES ('23', 'slug', '0', 'en_us', '');
INSERT INTO `craft_searchindex` (`elementId`, `attribute`, `fieldId`, `locale`, `keywords`) VALUES ('23', 'title', '0', 'en_us', ' 1 ');
INSERT INTO `craft_searchindex` (`elementId`, `attribute`, `fieldId`, `locale`, `keywords`) VALUES ('24', 'field', '18', 'en_us', ' of counsel ');
INSERT INTO `craft_searchindex` (`elementId`, `attribute`, `fieldId`, `locale`, `keywords`) VALUES ('24', 'field', '15', 'en_us', ' 1 ');
INSERT INTO `craft_searchindex` (`elementId`, `attribute`, `fieldId`, `locale`, `keywords`) VALUES ('24', 'field', '14', 'en_us', ' nkoyo rapu ');
INSERT INTO `craft_searchindex` (`elementId`, `attribute`, `fieldId`, `locale`, `keywords`) VALUES ('24', 'field', '19', 'en_us', ' nkoyo has over 20 years extensive experience and expertise in general law practice and advocacy she started her legal career as a government legal representative with the legal aid council and then roceeded to oshinowo co as a counsel in chambers before joining the prestigious allen and ogunkeye she is also involved in extensive work with non governmental organizations with particular emphasis on matters relating to women and children in the socio economic and political context of the nigerian society in this regard she has played a significant role at the national level in the area of women empowerment having been appointed to various committees she sits on the board of trustees of freedom foundation an umbrella organization of five ngo units committed to pioneering change in society through poverty alleviation and wealth creation she is also director of stone creek property investment company whose aim is to project a new way of community living nkoyo has led two trade missions to togo and more recently to south africa with the involvement of both the nigerian embassy and the embassies of the host countries she was amongst a select nigerian delegation appointed by the american embassy to attend the annual business global renaissance summit in washington d c their assignment focus being the creation of more business for more women across more borders she also served as a board member of the canadian and african business women s alliance caabwa ');
INSERT INTO `craft_searchindex` (`elementId`, `attribute`, `fieldId`, `locale`, `keywords`) VALUES ('24', 'field', '20', 'en_us', ' university of lagos llm university of lagos llm the city of london polytechnic diploma in english private law the city of london polytechnic diploma in english private law ');
INSERT INTO `craft_searchindex` (`elementId`, `attribute`, `fieldId`, `locale`, `keywords`) VALUES ('24', 'field', '21', 'en_us', '');
INSERT INTO `craft_searchindex` (`elementId`, `attribute`, `fieldId`, `locale`, `keywords`) VALUES ('24', 'field', '22', 'en_us', '');
INSERT INTO `craft_searchindex` (`elementId`, `attribute`, `fieldId`, `locale`, `keywords`) VALUES ('24', 'field', '23', 'en_us', '');
INSERT INTO `craft_searchindex` (`elementId`, `attribute`, `fieldId`, `locale`, `keywords`) VALUES ('24', 'field', '24', 'en_us', '');
INSERT INTO `craft_searchindex` (`elementId`, `attribute`, `fieldId`, `locale`, `keywords`) VALUES ('24', 'field', '4', 'en_us', '');
INSERT INTO `craft_searchindex` (`elementId`, `attribute`, `fieldId`, `locale`, `keywords`) VALUES ('24', 'field', '5', 'en_us', '');
INSERT INTO `craft_searchindex` (`elementId`, `attribute`, `fieldId`, `locale`, `keywords`) VALUES ('24', 'field', '6', 'en_us', '');
INSERT INTO `craft_searchindex` (`elementId`, `attribute`, `fieldId`, `locale`, `keywords`) VALUES ('24', 'field', '13', 'en_us', '');
INSERT INTO `craft_searchindex` (`elementId`, `attribute`, `fieldId`, `locale`, `keywords`) VALUES ('24', 'field', '7', 'en_us', '');
INSERT INTO `craft_searchindex` (`elementId`, `attribute`, `fieldId`, `locale`, `keywords`) VALUES ('24', 'field', '3', 'en_us', '');
INSERT INTO `craft_searchindex` (`elementId`, `attribute`, `fieldId`, `locale`, `keywords`) VALUES ('24', 'field', '8', 'en_us', '');
INSERT INTO `craft_searchindex` (`elementId`, `attribute`, `fieldId`, `locale`, `keywords`) VALUES ('24', 'slug', '0', 'en_us', ' nkoyo rapu ');
INSERT INTO `craft_searchindex` (`elementId`, `attribute`, `fieldId`, `locale`, `keywords`) VALUES ('24', 'title', '0', 'en_us', ' nkoyo rapu ');
INSERT INTO `craft_searchindex` (`elementId`, `attribute`, `fieldId`, `locale`, `keywords`) VALUES ('25', 'slug', '0', 'en_us', ' expertise ');
INSERT INTO `craft_searchindex` (`elementId`, `attribute`, `fieldId`, `locale`, `keywords`) VALUES ('25', 'title', '0', 'en_us', ' expertise ');
INSERT INTO `craft_searchindex` (`elementId`, `attribute`, `fieldId`, `locale`, `keywords`) VALUES ('25', 'field', '19', 'en_us', ' gbenga biobaku co is a leading provider of business driven legal services with a team with vast and varied experience in the legal and business space our services continue to improve the way legal compliance and business is being done in nigerian ');
INSERT INTO `craft_searchindex` (`elementId`, `attribute`, `fieldId`, `locale`, `keywords`) VALUES ('25', 'field', '26', 'en_us', ' employment labour employment labour environment environment professional liability professional liability dispute resolution dispute resolution mediation arbitration mediation arbitration trade disputes trade disputes debt recovery debt recovery corporate governance corporate governance contracts contracts securities litigation securities litigation gbenga biobaku co has developed an extensive energy project development practice representing parties on both sides of the spectrum our expertise encompasses the oil and gas power mining and infrastructure sectors of the nigerian economy as counsel to some major and developing energy players gbc project scope has covered securing foreign investment project financing transactions advisory federal regulatory approvals operations and maintenance contracts site acquisitions and other related corporate and commercial transactions with the recent divestments and local participation law and the influx of foreign investment in the nigerian oil and gas industry gbc has been recognized for its ability to prescribe working business modules and joint venture arrangements that ensures return on investment roi for investors and the protection and sustainability of its indigenous clients our team has substantial experience in advising foreign and indigenous investors in nigeria on energy projects financing we also provide the necessary framework for obtaining the necessary regulatory and business approval for doing business in the energy mining and oil and gas sectors energy projects mergers acquisitions mergers acquisitions capital markets capital markets banking finance banking finance privatization infrastructure privatization infrastructure business advisory business advisory international trade international trade foreign investments joint ventures foreign investments joint ventures telecommunications telecommunications information technology information technology immigration immigration commercial property development conveyancing commercial property development conveyancing taxation taxation employment labor relations employment labor relations aircraft ship financing aircraft ship financing business advisory company secretarial services business advisory company secretarial services the gbc s corporate and commercial practice department represents a broad range of corporate and business interests the group delivers responsive innovative and practical legal solutions in diverse areas including mergers acquisitions capital markets banking finance offshore acquisitions and investments trust arrangements estate planning private equity venture capital intellectual property foreign investments joint ventures privatization infrastructure developments telecommunications information technology immigration commercial property development conveyancing taxation employment labor relations aircraft ship financing business advisory company secretarial services gbc runs the gamut of corporate and commercial law practice with the aim of providing a seamless service integrating diverse clients business interests our work with our clients involves ensuring compliance with standard business practices and procedures and operation within the national and local laws applicable to their specific industry additionally we advice on finance and corporate decision making and act on behalf of public and private companies and partnerships in dealing with commercial transactions as well as advising on efficient business structures general corporate commercial employment labour employment labour environment environment professional liability professional liability dispute resolution dispute resolution mediation arbitration mediation arbitration taxation taxation trade disputes trade disputes debt recovery debt recovery corporate governance corporate governance contracts contracts securities litigation securities litigation the gbc s litigation and arbitration practice is handled by the seasoned dispute resolution department which has the primary object of achieving quick and satisfactory results in disputes while reducing the effects of a long drawn out lawsuit commercial and financial disputes and litigations are often complex the department appreciates the need to conduct commercial and other litigation matters with business expediency in view in that regard we ensure our litigation strategy is planned with the primary aim of securing the business objective and goals of our clients at gbenga biobaku co we recognize that remedies in commercial and other disputes are not necessarily achieved by embarking on litigation consequently we advise on the use of alternative dispute resolution adr mediums including negotiation conciliation mediation and arbitration in deserving cases we have applied our expertise in litigation and different adr methods with good results across industries relating to disputes arising from the oil and gas sector claims for compensation taxation disputes arising from corporate governance breach of contracts employer employee industrial disputes breach of fundamental rights claims debt recovery winding up of companies land disputes claims for negligence judicial review of executive actions etc litigation arbitration copyright copyright ip litigation ip litigation ip due diligence ip due diligence patents trademarks patents trademarks technology transactions technology transactions antitrust law antitrust law gbc provides legal services to its clients on issues stemming from intellectual property ip our ip services include obtaining regulatory approval with the appropriate agencies such as the ministry of trade and investment we also render transactional and advisory services in issues regarding technology transfer contracts and registration of such contracts with the national office for technology acquisition and promotion notap with the tripled growth in the nigerian economy in the last 10 years new ideas and innovations are now being introduced into the nation s business clime and these ideas and innovations have now become assets for various body corporates and small medium enterprises with this growth ensuring the proper exploitation and protection of intellectual property ip whether it be patents trade marks or designs is a primary commercial objective we provide practical and commercial legal advice at every stage in the life and development of an intellectual property right from creation and exploitation to protection and enforcement in addition we provide registration of ip rights such as patents trademarks and industrial designs and obtaining necessary business approvals from notap and the ministry of trade and investments intellectual property ip ');
INSERT INTO `craft_searchindex` (`elementId`, `attribute`, `fieldId`, `locale`, `keywords`) VALUES ('25', 'field', '29', 'en_us', ' advising on the $785 million oso field development project jointly owned by mobil producing nigeria unlimited and the nigerian national petroleum corporation nnpc and partly financed by equity from the sponsors and debt capital from international institutions such as the world bank international finance corporation ifc us export import bank japan export import bank and the european investment bank advising on the $785 million oso field development project jointly owned by mobil producing nigeria unlimited and the nigerian national petroleum corporation nnpc and partly financed by equity from the sponsors and debt capital from international institutions such as the world bank international finance corporation ifc us export import bank japan export import bank and the european investment bank advising and negotiating the project financing documentation and designing of the investment vehicle of the us$810million oso ngl project a gas utilisation project which was sequel to the oso field development project and partly financed by equity from the sponsors and debt capital by a number of institutional investors in the united states and europe advising and negotiating the project financing documentation and designing of the investment vehicle of the us$810million oso ngl project a gas utilisation project which was sequel to the oso field development project and partly financed by equity from the sponsors and debt capital by a number of institutional investors in the united states and europe advising and negotiating the project financing documentation and designing of the investment vehicle of the us$810million oso ngl project a gas utilisation project which was sequel to the oso field development project and partly financed by equity from the sponsors and debt capital by a number of institutional investors in the united states and europe advising and negotiating the project financing documentation and designing of the investment vehicle of the us$810million oso ngl project a gas utilisation project which was sequel to the oso field development project and partly financed by equity from the sponsors and debt capital by a number of institutional investors in the united states and europe ');
INSERT INTO `craft_searchindex` (`elementId`, `attribute`, `fieldId`, `locale`, `keywords`) VALUES ('25', 'field', '30', 'en_us', ' our experience in the nigerian oil gas and financial sectors is vast and varied we have successfully advised firms financial institutions energy conglomerates and multinationals on several projections and transactions below are some relevant experiences garnered over the years ');
INSERT INTO `craft_searchindex` (`elementId`, `attribute`, `fieldId`, `locale`, `keywords`) VALUES ('25', 'field', '4', 'en_us', '');
INSERT INTO `craft_searchindex` (`elementId`, `attribute`, `fieldId`, `locale`, `keywords`) VALUES ('25', 'field', '5', 'en_us', '');
INSERT INTO `craft_searchindex` (`elementId`, `attribute`, `fieldId`, `locale`, `keywords`) VALUES ('25', 'field', '6', 'en_us', '');
INSERT INTO `craft_searchindex` (`elementId`, `attribute`, `fieldId`, `locale`, `keywords`) VALUES ('25', 'field', '13', 'en_us', '');
INSERT INTO `craft_searchindex` (`elementId`, `attribute`, `fieldId`, `locale`, `keywords`) VALUES ('25', 'field', '7', 'en_us', '');
INSERT INTO `craft_searchindex` (`elementId`, `attribute`, `fieldId`, `locale`, `keywords`) VALUES ('25', 'field', '3', 'en_us', '');
INSERT INTO `craft_searchindex` (`elementId`, `attribute`, `fieldId`, `locale`, `keywords`) VALUES ('25', 'field', '8', 'en_us', '');
INSERT INTO `craft_searchindex` (`elementId`, `attribute`, `fieldId`, `locale`, `keywords`) VALUES ('26', 'field', '31', 'en_us', ' energy projects ');
INSERT INTO `craft_searchindex` (`elementId`, `attribute`, `fieldId`, `locale`, `keywords`) VALUES ('26', 'field', '27', 'en_us', ' gbenga biobaku co has developed an extensive energy project development practice representing parties on both sides of the spectrum our expertise encompasses the oil and gas power mining and infrastructure sectors of the nigerian economy as counsel to some major and developing energy players gbc project scope has covered securing foreign investment project financing transactions advisory federal regulatory approvals operations and maintenance contracts site acquisitions and other related corporate and commercial transactions with the recent divestments and local participation law and the influx of foreign investment in the nigerian oil and gas industry gbc has been recognized for its ability to prescribe working business modules and joint venture arrangements that ensures return on investment roi for investors and the protection and sustainability of its indigenous clients our team has substantial experience in advising foreign and indigenous investors in nigeria on energy projects financing we also provide the necessary framework for obtaining the necessary regulatory and business approval for doing business in the energy mining and oil and gas sectors ');
INSERT INTO `craft_searchindex` (`elementId`, `attribute`, `fieldId`, `locale`, `keywords`) VALUES ('26', 'field', '28', 'en_us', ' employment labour employment labour environment environment professional liability professional liability dispute resolution dispute resolution mediation arbitration mediation arbitration trade disputes trade disputes debt recovery debt recovery corporate governance corporate governance contracts contracts securities litigation securities litigation ');
INSERT INTO `craft_searchindex` (`elementId`, `attribute`, `fieldId`, `locale`, `keywords`) VALUES ('26', 'slug', '0', 'en_us', '');
INSERT INTO `craft_searchindex` (`elementId`, `attribute`, `fieldId`, `locale`, `keywords`) VALUES ('27', 'field', '31', 'en_us', ' general corporate commercial ');
INSERT INTO `craft_searchindex` (`elementId`, `attribute`, `fieldId`, `locale`, `keywords`) VALUES ('27', 'field', '27', 'en_us', ' the gbc s corporate and commercial practice department represents a broad range of corporate and business interests the group delivers responsive innovative and practical legal solutions in diverse areas including mergers acquisitions capital markets banking finance offshore acquisitions and investments trust arrangements estate planning private equity venture capital intellectual property foreign investments joint ventures privatization infrastructure developments telecommunications information technology immigration commercial property development conveyancing taxation employment labor relations aircraft ship financing business advisory company secretarial services gbc runs the gamut of corporate and commercial law practice with the aim of providing a seamless service integrating diverse clients business interests our work with our clients involves ensuring compliance with standard business practices and procedures and operation within the national and local laws applicable to their specific industry additionally we advice on finance and corporate decision making and act on behalf of public and private companies and partnerships in dealing with commercial transactions as well as advising on efficient business structures ');
INSERT INTO `craft_searchindex` (`elementId`, `attribute`, `fieldId`, `locale`, `keywords`) VALUES ('27', 'field', '28', 'en_us', ' mergers acquisitions mergers acquisitions capital markets capital markets banking finance banking finance privatization infrastructure privatization infrastructure business advisory business advisory international trade international trade foreign investments joint ventures foreign investments joint ventures telecommunications telecommunications information technology information technology immigration immigration commercial property development conveyancing commercial property development conveyancing taxation taxation employment labor relations employment labor relations aircraft ship financing aircraft ship financing business advisory company secretarial services business advisory company secretarial services ');
INSERT INTO `craft_searchindex` (`elementId`, `attribute`, `fieldId`, `locale`, `keywords`) VALUES ('27', 'slug', '0', 'en_us', '');
INSERT INTO `craft_searchindex` (`elementId`, `attribute`, `fieldId`, `locale`, `keywords`) VALUES ('28', 'field', '31', 'en_us', ' litigation arbitration ');
INSERT INTO `craft_searchindex` (`elementId`, `attribute`, `fieldId`, `locale`, `keywords`) VALUES ('28', 'field', '27', 'en_us', ' the gbc s litigation and arbitration practice is handled by the seasoned dispute resolution department which has the primary object of achieving quick and satisfactory results in disputes while reducing the effects of a long drawn out lawsuit commercial and financial disputes and litigations are often complex the department appreciates the need to conduct commercial and other litigation matters with business expediency in view in that regard we ensure our litigation strategy is planned with the primary aim of securing the business objective and goals of our clients at gbenga biobaku co we recognize that remedies in commercial and other disputes are not necessarily achieved by embarking on litigation consequently we advise on the use of alternative dispute resolution adr mediums including negotiation conciliation mediation and arbitration in deserving cases we have applied our expertise in litigation and different adr methods with good results across industries relating to disputes arising from the oil and gas sector claims for compensation taxation disputes arising from corporate governance breach of contracts employer employee industrial disputes breach of fundamental rights claims debt recovery winding up of companies land disputes claims for negligence judicial review of executive actions etc ');
INSERT INTO `craft_searchindex` (`elementId`, `attribute`, `fieldId`, `locale`, `keywords`) VALUES ('28', 'field', '28', 'en_us', ' employment labour employment labour environment environment professional liability professional liability dispute resolution dispute resolution mediation arbitration mediation arbitration taxation taxation trade disputes trade disputes debt recovery debt recovery corporate governance corporate governance contracts contracts securities litigation securities litigation ');
INSERT INTO `craft_searchindex` (`elementId`, `attribute`, `fieldId`, `locale`, `keywords`) VALUES ('28', 'slug', '0', 'en_us', '');
INSERT INTO `craft_searchindex` (`elementId`, `attribute`, `fieldId`, `locale`, `keywords`) VALUES ('29', 'field', '31', 'en_us', ' intellectual property ip ');
INSERT INTO `craft_searchindex` (`elementId`, `attribute`, `fieldId`, `locale`, `keywords`) VALUES ('29', 'field', '27', 'en_us', ' gbc provides legal services to its clients on issues stemming from intellectual property ip our ip services include obtaining regulatory approval with the appropriate agencies such as the ministry of trade and investment we also render transactional and advisory services in issues regarding technology transfer contracts and registration of such contracts with the national office for technology acquisition and promotion notap with the tripled growth in the nigerian economy in the last 10 years new ideas and innovations are now being introduced into the nation s business clime and these ideas and innovations have now become assets for various body corporates and small medium enterprises with this growth ensuring the proper exploitation and protection of intellectual property ip whether it be patents trade marks or designs is a primary commercial objective we provide practical and commercial legal advice at every stage in the life and development of an intellectual property right from creation and exploitation to protection and enforcement in addition we provide registration of ip rights such as patents trademarks and industrial designs and obtaining necessary business approvals from notap and the ministry of trade and investments ');
INSERT INTO `craft_searchindex` (`elementId`, `attribute`, `fieldId`, `locale`, `keywords`) VALUES ('29', 'field', '28', 'en_us', ' copyright copyright ip litigation ip litigation ip due diligence ip due diligence patents trademarks patents trademarks technology transactions technology transactions antitrust law antitrust law ');
INSERT INTO `craft_searchindex` (`elementId`, `attribute`, `fieldId`, `locale`, `keywords`) VALUES ('29', 'slug', '0', 'en_us', '');
INSERT INTO `craft_searchindex` (`elementId`, `attribute`, `fieldId`, `locale`, `keywords`) VALUES ('31', 'extension', '0', 'en_us', ' pdf ');
INSERT INTO `craft_searchindex` (`elementId`, `attribute`, `fieldId`, `locale`, `keywords`) VALUES ('31', 'filename', '0', 'en_us', ' the exclusive jurisdiction of the national industrial court pdf ');
INSERT INTO `craft_searchindex` (`elementId`, `attribute`, `fieldId`, `locale`, `keywords`) VALUES ('31', 'kind', '0', 'en_us', ' pdf ');
INSERT INTO `craft_searchindex` (`elementId`, `attribute`, `fieldId`, `locale`, `keywords`) VALUES ('31', 'slug', '0', 'en_us', '');
INSERT INTO `craft_searchindex` (`elementId`, `attribute`, `fieldId`, `locale`, `keywords`) VALUES ('31', 'title', '0', 'en_us', ' the exclusive jurisdiction of the national industrial court ');
INSERT INTO `craft_searchindex` (`elementId`, `attribute`, `fieldId`, `locale`, `keywords`) VALUES ('35', 'slug', '0', 'en_us', ' the exclusive jurisdiction of the national industrial court in labour and employment matters ');
INSERT INTO `craft_searchindex` (`elementId`, `attribute`, `fieldId`, `locale`, `keywords`) VALUES ('35', 'title', '0', 'en_us', ' the exclusive jurisdiction of the national industrial court in labour and employment matters ');
INSERT INTO `craft_searchindex` (`elementId`, `attribute`, `fieldId`, `locale`, `keywords`) VALUES ('36', 'field', '33', 'en_us', ' arbitrability of tax issues arising from production sharing contracts ');
INSERT INTO `craft_searchindex` (`elementId`, `attribute`, `fieldId`, `locale`, `keywords`) VALUES ('36', 'field', '32', 'en_us', ' the federal high court abuja in the case of federal inland revenue service vs nigerian national petroleum corporation others recently decided that an arbitration tribunal lacks jurisdiction to determine issues relating to taxation or connected with the federal government revenue as such jurisdiction is exclusively conferred on the fhc by the constitution of the federal republic of nigeria ');
INSERT INTO `craft_searchindex` (`elementId`, `attribute`, `fieldId`, `locale`, `keywords`) VALUES ('35', 'field', '33', 'en_us', ' the exclusive jurisdiction of the national industrial court ');
INSERT INTO `craft_searchindex` (`elementId`, `attribute`, `fieldId`, `locale`, `keywords`) VALUES ('35', 'field', '32', 'en_us', ' the national industrial court is vested with exclusive jurisdiction on all labour employment and related matters and as such all labour employment and allied matters pending before state high courts across nigeria are required to be transferred to the national industrial court this position was confirmed in the recent case of josiah madu vs solus schall nigeria ltd unrep ');
INSERT INTO `craft_searchindex` (`elementId`, `attribute`, `fieldId`, `locale`, `keywords`) VALUES ('33', 'filename', '0', 'en_us', ' arbitrability of tax issues arising from production sharing contracts pdf ');
INSERT INTO `craft_searchindex` (`elementId`, `attribute`, `fieldId`, `locale`, `keywords`) VALUES ('33', 'extension', '0', 'en_us', ' pdf ');
INSERT INTO `craft_searchindex` (`elementId`, `attribute`, `fieldId`, `locale`, `keywords`) VALUES ('33', 'kind', '0', 'en_us', ' pdf ');
INSERT INTO `craft_searchindex` (`elementId`, `attribute`, `fieldId`, `locale`, `keywords`) VALUES ('33', 'slug', '0', 'en_us', '');
INSERT INTO `craft_searchindex` (`elementId`, `attribute`, `fieldId`, `locale`, `keywords`) VALUES ('33', 'title', '0', 'en_us', ' arbitrability of tax issues arising from production sharing contracts ');
INSERT INTO `craft_searchindex` (`elementId`, `attribute`, `fieldId`, `locale`, `keywords`) VALUES ('34', 'field', '33', 'en_us', ' arbitrability of tax issues arising from production sharing contracts ');
INSERT INTO `craft_searchindex` (`elementId`, `attribute`, `fieldId`, `locale`, `keywords`) VALUES ('34', 'field', '32', 'en_us', ' the federal high court abuja in the case of federal inland revenue service vs nigerian national petroleum corporation others recently decided that an arbitration tribunal lacks jurisdiction to determine issues relating to taxation or connected with the federal government revenue as such jurisdiction is exclusively conferred on the fhc by the constitution of the federal republic of nigeria ');
INSERT INTO `craft_searchindex` (`elementId`, `attribute`, `fieldId`, `locale`, `keywords`) VALUES ('34', 'slug', '0', 'en_us', ' arbitrability of tax issues arising from production sharing contracts firs v nnpc ');
INSERT INTO `craft_searchindex` (`elementId`, `attribute`, `fieldId`, `locale`, `keywords`) VALUES ('34', 'title', '0', 'en_us', ' arbitrability of tax issues arising from production sharing contracts firs v nnpc ');
INSERT INTO `craft_searchindex` (`elementId`, `attribute`, `fieldId`, `locale`, `keywords`) VALUES ('36', 'slug', '0', 'en_us', ' arbitrability of tax issues arising from production sharing contracts firs v nnpc ');
INSERT INTO `craft_searchindex` (`elementId`, `attribute`, `fieldId`, `locale`, `keywords`) VALUES ('36', 'title', '0', 'en_us', ' arbitrability of tax issues arising from production sharing contracts firs v nnpc ');
INSERT INTO `craft_searchindex` (`elementId`, `attribute`, `fieldId`, `locale`, `keywords`) VALUES ('37', 'filename', '0', 'en_us', ' investing_in_nigeria_oandg industry pdf ');
INSERT INTO `craft_searchindex` (`elementId`, `attribute`, `fieldId`, `locale`, `keywords`) VALUES ('37', 'extension', '0', 'en_us', ' pdf ');
INSERT INTO `craft_searchindex` (`elementId`, `attribute`, `fieldId`, `locale`, `keywords`) VALUES ('37', 'kind', '0', 'en_us', ' pdf ');
INSERT INTO `craft_searchindex` (`elementId`, `attribute`, `fieldId`, `locale`, `keywords`) VALUES ('37', 'slug', '0', 'en_us', '');
INSERT INTO `craft_searchindex` (`elementId`, `attribute`, `fieldId`, `locale`, `keywords`) VALUES ('37', 'title', '0', 'en_us', ' investing in nigeria oand g industry ');
INSERT INTO `craft_searchindex` (`elementId`, `attribute`, `fieldId`, `locale`, `keywords`) VALUES ('38', 'field', '33', 'en_us', ' investing in nigeria oand g industry ');
INSERT INTO `craft_searchindex` (`elementId`, `attribute`, `fieldId`, `locale`, `keywords`) VALUES ('38', 'field', '32', 'en_us', ' nigeria is one of the world s largest producers of crude oil the country currently produces an average of 2 5 million barrels of crude oil per day this makes her the 10th largest producer of crude oil in the world and the 6th largest exporter among opec members production capacity currently stands at about 3 million barrels per day whilst reserves is about 35 billion barrels which the government intends to increase to 40 billion barrels by the year 2010 ');
INSERT INTO `craft_searchindex` (`elementId`, `attribute`, `fieldId`, `locale`, `keywords`) VALUES ('38', 'slug', '0', 'en_us', ' investing in nigerias oil and gas industry ');
INSERT INTO `craft_searchindex` (`elementId`, `attribute`, `fieldId`, `locale`, `keywords`) VALUES ('38', 'title', '0', 'en_us', ' investing in nigeria s oil and gas industry ');
INSERT INTO `craft_searchindex` (`elementId`, `attribute`, `fieldId`, `locale`, `keywords`) VALUES ('39', 'slug', '0', 'en_us', ' publications landing ');
INSERT INTO `craft_searchindex` (`elementId`, `attribute`, `fieldId`, `locale`, `keywords`) VALUES ('39', 'title', '0', 'en_us', ' publications ');
INSERT INTO `craft_searchindex` (`elementId`, `attribute`, `fieldId`, `locale`, `keywords`) VALUES ('39', 'field', '4', 'en_us', '');
INSERT INTO `craft_searchindex` (`elementId`, `attribute`, `fieldId`, `locale`, `keywords`) VALUES ('39', 'field', '5', 'en_us', '');
INSERT INTO `craft_searchindex` (`elementId`, `attribute`, `fieldId`, `locale`, `keywords`) VALUES ('39', 'field', '6', 'en_us', '');
INSERT INTO `craft_searchindex` (`elementId`, `attribute`, `fieldId`, `locale`, `keywords`) VALUES ('39', 'field', '13', 'en_us', '');
INSERT INTO `craft_searchindex` (`elementId`, `attribute`, `fieldId`, `locale`, `keywords`) VALUES ('39', 'field', '7', 'en_us', '');
INSERT INTO `craft_searchindex` (`elementId`, `attribute`, `fieldId`, `locale`, `keywords`) VALUES ('39', 'field', '3', 'en_us', '');
INSERT INTO `craft_searchindex` (`elementId`, `attribute`, `fieldId`, `locale`, `keywords`) VALUES ('39', 'field', '8', 'en_us', '');
INSERT INTO `craft_searchindex` (`elementId`, `attribute`, `fieldId`, `locale`, `keywords`) VALUES ('40', 'slug', '0', 'en_us', ' gbc corporate practice banner ');
INSERT INTO `craft_searchindex` (`elementId`, `attribute`, `fieldId`, `locale`, `keywords`) VALUES ('40', 'title', '0', 'en_us', ' gbc corporate practice ');
INSERT INTO `craft_searchindex` (`elementId`, `attribute`, `fieldId`, `locale`, `keywords`) VALUES ('42', 'extension', '0', 'en_us', ' jpg ');
INSERT INTO `craft_searchindex` (`elementId`, `attribute`, `fieldId`, `locale`, `keywords`) VALUES ('42', 'filename', '0', 'en_us', ' gbc modern law firm jpg ');
INSERT INTO `craft_searchindex` (`elementId`, `attribute`, `fieldId`, `locale`, `keywords`) VALUES ('42', 'kind', '0', 'en_us', ' image ');
INSERT INTO `craft_searchindex` (`elementId`, `attribute`, `fieldId`, `locale`, `keywords`) VALUES ('42', 'slug', '0', 'en_us', '');
INSERT INTO `craft_searchindex` (`elementId`, `attribute`, `fieldId`, `locale`, `keywords`) VALUES ('42', 'title', '0', 'en_us', ' gbc modern law firm ');
INSERT INTO `craft_searchindex` (`elementId`, `attribute`, `fieldId`, `locale`, `keywords`) VALUES ('43', 'filename', '0', 'en_us', ' ijeoma abalogu2 jpg ');
INSERT INTO `craft_searchindex` (`elementId`, `attribute`, `fieldId`, `locale`, `keywords`) VALUES ('43', 'extension', '0', 'en_us', ' jpg ');
INSERT INTO `craft_searchindex` (`elementId`, `attribute`, `fieldId`, `locale`, `keywords`) VALUES ('43', 'kind', '0', 'en_us', ' image ');
INSERT INTO `craft_searchindex` (`elementId`, `attribute`, `fieldId`, `locale`, `keywords`) VALUES ('43', 'slug', '0', 'en_us', ' 4 ');
INSERT INTO `craft_searchindex` (`elementId`, `attribute`, `fieldId`, `locale`, `keywords`) VALUES ('43', 'title', '0', 'en_us', ' ijeoma abalogu ');
INSERT INTO `craft_searchindex` (`elementId`, `attribute`, `fieldId`, `locale`, `keywords`) VALUES ('44', 'field', '18', 'en_us', ' senior associate ');
INSERT INTO `craft_searchindex` (`elementId`, `attribute`, `fieldId`, `locale`, `keywords`) VALUES ('44', 'field', '15', 'en_us', ' 4 ');
INSERT INTO `craft_searchindex` (`elementId`, `attribute`, `fieldId`, `locale`, `keywords`) VALUES ('44', 'field', '14', 'en_us', ' ijeoma abalogu ');
INSERT INTO `craft_searchindex` (`elementId`, `attribute`, `fieldId`, `locale`, `keywords`) VALUES ('44', 'field', '19', 'en_us', ' ijeoma is responsible for the firm s corporate compliance and regulatory matters she has advised several companies on the establishment of business entities in nigeria as well as completed registration and obtaining relevant licenses and approvals for corporate clients including statoil baker hughes parker drilling western atlas and petro explorer ltd she heads the business advisory and compliance unit in the firm and is also in charge of all company secretarial matters she also focuses on international investments and immigration practices and procedures which is a constantly evolving area with proven client satisfaction prior to joining gbc law ijeoma had a stint at another law firm where she was involved in the legal advisory and client representations on various aspects of corporate and commercial law ');
INSERT INTO `craft_searchindex` (`elementId`, `attribute`, `fieldId`, `locale`, `keywords`) VALUES ('44', 'field', '20', 'en_us', ' abia state university nigeria llb 2002 abia state university nigeria llb 2002 the nigerian bar association 2004 the nigerian bar association 2004 ');
INSERT INTO `craft_searchindex` (`elementId`, `attribute`, `fieldId`, `locale`, `keywords`) VALUES ('44', 'field', '21', 'en_us', ' corporate and commercial law corporate and commercial law legal advisory legal advisory company secretarial company secretarial regulatory compliance regulatory compliance intellectual property intellectual property business start ups business start ups international investments international investments private equity private equity tax tax ');
INSERT INTO `craft_searchindex` (`elementId`, `attribute`, `fieldId`, `locale`, `keywords`) VALUES ('44', 'field', '22', 'en_us', '');
INSERT INTO `craft_searchindex` (`elementId`, `attribute`, `fieldId`, `locale`, `keywords`) VALUES ('44', 'field', '23', 'en_us', ' participated with the corporate team in the winding up of the subsidiary of a multi national oil servicing firm and assisted in ensuring that outstanding debts receivables are recovered on behalf of the company participated with the corporate team in the winding up of the subsidiary of a multi national oil servicing firm and assisted in ensuring that outstanding debts receivables are recovered on behalf of the company represented african capital alliance a leading african private equity company in conducting legal due diligence and structuring a management buy in culminating in a purchase of equities worth $15 million usd represented african capital alliance a leading african private equity company in conducting legal due diligence and structuring a management buy in culminating in a purchase of equities worth $15 million usd acted for a land drilling company in an $18 million private equity investment acted for a land drilling company in an $18 million private equity investment advising and assisting several clients on the establishment of nigerian subsidiaries and procuring relevant pre investment and operational approvals licenses and permits advising and assisting several clients on the establishment of nigerian subsidiaries and procuring relevant pre investment and operational approvals licenses and permits ');
INSERT INTO `craft_searchindex` (`elementId`, `attribute`, `fieldId`, `locale`, `keywords`) VALUES ('44', 'field', '24', 'en_us', '');
INSERT INTO `craft_searchindex` (`elementId`, `attribute`, `fieldId`, `locale`, `keywords`) VALUES ('44', 'field', '4', 'en_us', '');
INSERT INTO `craft_searchindex` (`elementId`, `attribute`, `fieldId`, `locale`, `keywords`) VALUES ('44', 'field', '5', 'en_us', '');
INSERT INTO `craft_searchindex` (`elementId`, `attribute`, `fieldId`, `locale`, `keywords`) VALUES ('44', 'field', '6', 'en_us', '');
INSERT INTO `craft_searchindex` (`elementId`, `attribute`, `fieldId`, `locale`, `keywords`) VALUES ('44', 'field', '13', 'en_us', '');
INSERT INTO `craft_searchindex` (`elementId`, `attribute`, `fieldId`, `locale`, `keywords`) VALUES ('44', 'field', '7', 'en_us', '');
INSERT INTO `craft_searchindex` (`elementId`, `attribute`, `fieldId`, `locale`, `keywords`) VALUES ('44', 'field', '3', 'en_us', '');
INSERT INTO `craft_searchindex` (`elementId`, `attribute`, `fieldId`, `locale`, `keywords`) VALUES ('44', 'field', '8', 'en_us', '');
INSERT INTO `craft_searchindex` (`elementId`, `attribute`, `fieldId`, `locale`, `keywords`) VALUES ('44', 'slug', '0', 'en_us', ' ijeoma abalogu ');
INSERT INTO `craft_searchindex` (`elementId`, `attribute`, `fieldId`, `locale`, `keywords`) VALUES ('44', 'title', '0', 'en_us', ' ijeoma abalogu ');
INSERT INTO `craft_searchindex` (`elementId`, `attribute`, `fieldId`, `locale`, `keywords`) VALUES ('45', 'name', '0', 'en_us', ' labour ');
INSERT INTO `craft_searchindex` (`elementId`, `attribute`, `fieldId`, `locale`, `keywords`) VALUES ('45', 'slug', '0', 'en_us', ' labour ');
INSERT INTO `craft_searchindex` (`elementId`, `attribute`, `fieldId`, `locale`, `keywords`) VALUES ('45', 'title', '0', 'en_us', ' labour ');
INSERT INTO `craft_searchindex` (`elementId`, `attribute`, `fieldId`, `locale`, `keywords`) VALUES ('46', 'name', '0', 'en_us', ' employment ');
INSERT INTO `craft_searchindex` (`elementId`, `attribute`, `fieldId`, `locale`, `keywords`) VALUES ('46', 'slug', '0', 'en_us', ' employment ');
INSERT INTO `craft_searchindex` (`elementId`, `attribute`, `fieldId`, `locale`, `keywords`) VALUES ('46', 'title', '0', 'en_us', ' employment ');
INSERT INTO `craft_searchindex` (`elementId`, `attribute`, `fieldId`, `locale`, `keywords`) VALUES ('35', 'field', '2', 'en_us', ' labour employment ');
INSERT INTO `craft_searchindex` (`elementId`, `attribute`, `fieldId`, `locale`, `keywords`) VALUES ('47', 'name', '0', 'en_us', ' arbitration ');
INSERT INTO `craft_searchindex` (`elementId`, `attribute`, `fieldId`, `locale`, `keywords`) VALUES ('47', 'slug', '0', 'en_us', '');
INSERT INTO `craft_searchindex` (`elementId`, `attribute`, `fieldId`, `locale`, `keywords`) VALUES ('47', 'title', '0', 'en_us', ' arbitration ');
INSERT INTO `craft_searchindex` (`elementId`, `attribute`, `fieldId`, `locale`, `keywords`) VALUES ('48', 'name', '0', 'en_us', ' tax ');
INSERT INTO `craft_searchindex` (`elementId`, `attribute`, `fieldId`, `locale`, `keywords`) VALUES ('48', 'slug', '0', 'en_us', '');
INSERT INTO `craft_searchindex` (`elementId`, `attribute`, `fieldId`, `locale`, `keywords`) VALUES ('48', 'title', '0', 'en_us', ' tax ');
INSERT INTO `craft_searchindex` (`elementId`, `attribute`, `fieldId`, `locale`, `keywords`) VALUES ('49', 'name', '0', 'en_us', ' energy ');
INSERT INTO `craft_searchindex` (`elementId`, `attribute`, `fieldId`, `locale`, `keywords`) VALUES ('49', 'slug', '0', 'en_us', '');
INSERT INTO `craft_searchindex` (`elementId`, `attribute`, `fieldId`, `locale`, `keywords`) VALUES ('49', 'title', '0', 'en_us', ' energy ');
INSERT INTO `craft_searchindex` (`elementId`, `attribute`, `fieldId`, `locale`, `keywords`) VALUES ('36', 'field', '2', 'en_us', ' arbitration tax energy ');
INSERT INTO `craft_searchindex` (`elementId`, `attribute`, `fieldId`, `locale`, `keywords`) VALUES ('50', 'filename', '0', 'en_us', ' ijeoma abalogu jpg ');
INSERT INTO `craft_searchindex` (`elementId`, `attribute`, `fieldId`, `locale`, `keywords`) VALUES ('50', 'extension', '0', 'en_us', ' jpg ');
INSERT INTO `craft_searchindex` (`elementId`, `attribute`, `fieldId`, `locale`, `keywords`) VALUES ('50', 'kind', '0', 'en_us', ' image ');
INSERT INTO `craft_searchindex` (`elementId`, `attribute`, `fieldId`, `locale`, `keywords`) VALUES ('50', 'slug', '0', 'en_us', ' ijeoma abalogu ');
INSERT INTO `craft_searchindex` (`elementId`, `attribute`, `fieldId`, `locale`, `keywords`) VALUES ('50', 'title', '0', 'en_us', ' ijeoma abalogu ');
INSERT INTO `craft_searchindex` (`elementId`, `attribute`, `fieldId`, `locale`, `keywords`) VALUES ('52', 'filename', '0', 'en_us', ' nkoyo rapu jpg ');
INSERT INTO `craft_searchindex` (`elementId`, `attribute`, `fieldId`, `locale`, `keywords`) VALUES ('52', 'extension', '0', 'en_us', ' jpg ');
INSERT INTO `craft_searchindex` (`elementId`, `attribute`, `fieldId`, `locale`, `keywords`) VALUES ('52', 'kind', '0', 'en_us', ' image ');
INSERT INTO `craft_searchindex` (`elementId`, `attribute`, `fieldId`, `locale`, `keywords`) VALUES ('52', 'slug', '0', 'en_us', '');
INSERT INTO `craft_searchindex` (`elementId`, `attribute`, `fieldId`, `locale`, `keywords`) VALUES ('52', 'title', '0', 'en_us', ' nkoyo rapu ');
INSERT INTO `craft_searchindex` (`elementId`, `attribute`, `fieldId`, `locale`, `keywords`) VALUES ('24', 'field', '35', 'en_us', ' federal government committees women s affirmative action committee december 1998 inaugurated by the federal ministry of women s affairs abuja nigeria assignment constitutional amendments for women constitution drafting committee january 2000 inaugurated by national centre for women s development abuja assignment prepare consensus on position of nigerian women on 1999 constitutionamerican embassy nigerian delegation selected to attend the annual business women s global renaissance summit in washington d c october 1999 assignment more business for more women across more borders canadian and african business women s alliance nigeria caabwa assignment forge business associations betweennigerian and canadian business women ');
INSERT INTO `craft_searchindex` (`elementId`, `attribute`, `fieldId`, `locale`, `keywords`) VALUES ('24', 'field', '36', 'en_us', ' norwegian human rights fund royal norwegian embassy lagos norwegian human rights fund royal norwegian embassy lagos united states agency information development usaid victoria island lagos united states agency information development usaid victoria island lagos centre for development and population activities cedpa lagos chapter centre for development and population activities cedpa lagos chapter jamaican high commission abuja nigeria jamaican high commission abuja nigeria ');
INSERT INTO `craft_searchindex` (`elementId`, `attribute`, `fieldId`, `locale`, `keywords`) VALUES ('53', 'filename', '0', 'en_us', ' 6 jpg ');
INSERT INTO `craft_searchindex` (`elementId`, `attribute`, `fieldId`, `locale`, `keywords`) VALUES ('53', 'extension', '0', 'en_us', ' jpg ');
INSERT INTO `craft_searchindex` (`elementId`, `attribute`, `fieldId`, `locale`, `keywords`) VALUES ('53', 'kind', '0', 'en_us', ' image ');
INSERT INTO `craft_searchindex` (`elementId`, `attribute`, `fieldId`, `locale`, `keywords`) VALUES ('53', 'slug', '0', 'en_us', '');
INSERT INTO `craft_searchindex` (`elementId`, `attribute`, `fieldId`, `locale`, `keywords`) VALUES ('53', 'title', '0', 'en_us', ' 6 ');
INSERT INTO `craft_searchindex` (`elementId`, `attribute`, `fieldId`, `locale`, `keywords`) VALUES ('54', 'filename', '0', 'en_us', ' okey nwanya jpg ');
INSERT INTO `craft_searchindex` (`elementId`, `attribute`, `fieldId`, `locale`, `keywords`) VALUES ('54', 'extension', '0', 'en_us', ' jpg ');
INSERT INTO `craft_searchindex` (`elementId`, `attribute`, `fieldId`, `locale`, `keywords`) VALUES ('54', 'kind', '0', 'en_us', ' image ');
INSERT INTO `craft_searchindex` (`elementId`, `attribute`, `fieldId`, `locale`, `keywords`) VALUES ('54', 'slug', '0', 'en_us', ' okey nwanya ');
INSERT INTO `craft_searchindex` (`elementId`, `attribute`, `fieldId`, `locale`, `keywords`) VALUES ('54', 'title', '0', 'en_us', ' okey nwanya ');
INSERT INTO `craft_searchindex` (`elementId`, `attribute`, `fieldId`, `locale`, `keywords`) VALUES ('55', 'field', '18', 'en_us', ' senior associate ');
INSERT INTO `craft_searchindex` (`elementId`, `attribute`, `fieldId`, `locale`, `keywords`) VALUES ('55', 'field', '15', 'en_us', ' 6 ');
INSERT INTO `craft_searchindex` (`elementId`, `attribute`, `fieldId`, `locale`, `keywords`) VALUES ('55', 'field', '14', 'en_us', ' okey nwanya ');
INSERT INTO `craft_searchindex` (`elementId`, `attribute`, `fieldId`, `locale`, `keywords`) VALUES ('55', 'field', '19', 'en_us', ' okey has a good knowledge and understanding of the theory and practice of nigerian civil commercial and criminal laws he has experience in litigation practice and procedure from the magistrates court to the supreme court he has a good drafting and documentation skills his practice covers a broad range of contentious matters on behalf of corporate clients financial institutions and oil servicing companies okey has acted for clients in litigation both in state and federal levels as well as in several arbitrations principally conducted under icc rules he had been involved in matters from wide subject areas including energy employment credit and security commerce and real estate ');
INSERT INTO `craft_searchindex` (`elementId`, `attribute`, `fieldId`, `locale`, `keywords`) VALUES ('55', 'field', '20', 'en_us', ' university of benin llb university of benin llb nigerian bar association 2002 nigerian bar association 2002 ');
INSERT INTO `craft_searchindex` (`elementId`, `attribute`, `fieldId`, `locale`, `keywords`) VALUES ('55', 'field', '21', 'en_us', ' commercial litigation commercial litigation labour and employment labour and employment energy energy ');
INSERT INTO `craft_searchindex` (`elementId`, `attribute`, `fieldId`, `locale`, `keywords`) VALUES ('55', 'field', '22', 'en_us', '');
INSERT INTO `craft_searchindex` (`elementId`, `attribute`, `fieldId`, `locale`, `keywords`) VALUES ('55', 'field', '23', 'en_us', ' acting as lead counsel representing an international professional services firm in a n1 4 billion action involving report by it on the issue of the incorrectly reported profit by a publicly quoted company in nigeria acting as lead counsel representing an international professional services firm in a n1 4 billion action involving report by it on the issue of the incorrectly reported profit by a publicly quoted company in nigeria represented pricewaterhousecoopers in an arbitration matter involving a long lease of its office facility represented pricewaterhousecoopers in an arbitration matter involving a long lease of its office facility conducted legal due diligence and provided pre investment advice in a $15 million usd private equity investment by african capital alliance in bankers warehouse limited foremost international private equity firm in a leading cash in transit company in nigeria conducted legal due diligence and provided pre investment advice in a $15 million usd private equity investment by african capital alliance in bankers warehouse limited foremost international private equity firm in a leading cash in transit company in nigeria represented baker hughes in several litigation matters in the niger delta region and other parts of nigeria represented baker hughes in several litigation matters in the niger delta region and other parts of nigeria represented exxonmobil in litigation matters in the niger delta region of nigeria represented exxonmobil in litigation matters in the niger delta region of nigeria represented a multi national oil service company in various labour disputes including actions at the high courts in the niger delta region represented a multi national oil service company in various labour disputes including actions at the high courts in the niger delta region advising and assisting a multi national company in respect of a tax dispute with the lagos state board of internal revenue advising and assisting a multi national company in respect of a tax dispute with the lagos state board of internal revenue ');
INSERT INTO `craft_searchindex` (`elementId`, `attribute`, `fieldId`, `locale`, `keywords`) VALUES ('55', 'field', '24', 'en_us', '');
INSERT INTO `craft_searchindex` (`elementId`, `attribute`, `fieldId`, `locale`, `keywords`) VALUES ('55', 'field', '35', 'en_us', '');
INSERT INTO `craft_searchindex` (`elementId`, `attribute`, `fieldId`, `locale`, `keywords`) VALUES ('55', 'field', '36', 'en_us', '');
INSERT INTO `craft_searchindex` (`elementId`, `attribute`, `fieldId`, `locale`, `keywords`) VALUES ('55', 'field', '4', 'en_us', '');
INSERT INTO `craft_searchindex` (`elementId`, `attribute`, `fieldId`, `locale`, `keywords`) VALUES ('55', 'field', '5', 'en_us', '');
INSERT INTO `craft_searchindex` (`elementId`, `attribute`, `fieldId`, `locale`, `keywords`) VALUES ('55', 'field', '6', 'en_us', '');
INSERT INTO `craft_searchindex` (`elementId`, `attribute`, `fieldId`, `locale`, `keywords`) VALUES ('55', 'field', '13', 'en_us', '');
INSERT INTO `craft_searchindex` (`elementId`, `attribute`, `fieldId`, `locale`, `keywords`) VALUES ('55', 'field', '7', 'en_us', '');
INSERT INTO `craft_searchindex` (`elementId`, `attribute`, `fieldId`, `locale`, `keywords`) VALUES ('55', 'field', '3', 'en_us', '');
INSERT INTO `craft_searchindex` (`elementId`, `attribute`, `fieldId`, `locale`, `keywords`) VALUES ('55', 'field', '8', 'en_us', '');
INSERT INTO `craft_searchindex` (`elementId`, `attribute`, `fieldId`, `locale`, `keywords`) VALUES ('55', 'slug', '0', 'en_us', ' okey nwaya ');
INSERT INTO `craft_searchindex` (`elementId`, `attribute`, `fieldId`, `locale`, `keywords`) VALUES ('55', 'title', '0', 'en_us', ' okey nwaya ');
INSERT INTO `craft_searchindex` (`elementId`, `attribute`, `fieldId`, `locale`, `keywords`) VALUES ('57', 'filename', '0', 'en_us', ' sogo akinola jpg ');
INSERT INTO `craft_searchindex` (`elementId`, `attribute`, `fieldId`, `locale`, `keywords`) VALUES ('57', 'extension', '0', 'en_us', ' jpg ');
INSERT INTO `craft_searchindex` (`elementId`, `attribute`, `fieldId`, `locale`, `keywords`) VALUES ('57', 'kind', '0', 'en_us', ' image ');
INSERT INTO `craft_searchindex` (`elementId`, `attribute`, `fieldId`, `locale`, `keywords`) VALUES ('57', 'slug', '0', 'en_us', ' 2 ');
INSERT INTO `craft_searchindex` (`elementId`, `attribute`, `fieldId`, `locale`, `keywords`) VALUES ('57', 'title', '0', 'en_us', ' sogo akinola ');
INSERT INTO `craft_searchindex` (`elementId`, `attribute`, `fieldId`, `locale`, `keywords`) VALUES ('58', 'filename', '0', 'en_us', ' sogo akinola_2 jpg ');
INSERT INTO `craft_searchindex` (`elementId`, `attribute`, `fieldId`, `locale`, `keywords`) VALUES ('58', 'extension', '0', 'en_us', ' jpg ');
INSERT INTO `craft_searchindex` (`elementId`, `attribute`, `fieldId`, `locale`, `keywords`) VALUES ('58', 'kind', '0', 'en_us', ' image ');
INSERT INTO `craft_searchindex` (`elementId`, `attribute`, `fieldId`, `locale`, `keywords`) VALUES ('58', 'slug', '0', 'en_us', ' sogo akinola ');
INSERT INTO `craft_searchindex` (`elementId`, `attribute`, `fieldId`, `locale`, `keywords`) VALUES ('58', 'title', '0', 'en_us', ' sogo akinola ');
INSERT INTO `craft_searchindex` (`elementId`, `attribute`, `fieldId`, `locale`, `keywords`) VALUES ('59', 'field', '18', 'en_us', ' associate ');
INSERT INTO `craft_searchindex` (`elementId`, `attribute`, `fieldId`, `locale`, `keywords`) VALUES ('59', 'field', '15', 'en_us', ' sogo akinola ');
INSERT INTO `craft_searchindex` (`elementId`, `attribute`, `fieldId`, `locale`, `keywords`) VALUES ('59', 'field', '14', 'en_us', ' sogo akinola ');
INSERT INTO `craft_searchindex` (`elementId`, `attribute`, `fieldId`, `locale`, `keywords`) VALUES ('59', 'field', '19', 'en_us', ' sogo has been engaged in a wide variety of transactions with special emphasis on corporate and commercial taxation power privatization foreign investment technology and emerging practice areas his commitment to exceeding expectations adding value and the assurance of success in any transaction with which he is identified places him above the ordinary lawyer ');
INSERT INTO `craft_searchindex` (`elementId`, `attribute`, `fieldId`, `locale`, `keywords`) VALUES ('59', 'field', '20', 'en_us', ' obafemi awolowo university ile ife llb obafemi awolowo university ile ife llb the nigerian bar the nigerian bar ');
INSERT INTO `craft_searchindex` (`elementId`, `attribute`, `fieldId`, `locale`, `keywords`) VALUES ('59', 'field', '21', 'en_us', ' corporate and commercial corporate and commercial taxation taxation foreign investment foreign investment ');
INSERT INTO `craft_searchindex` (`elementId`, `attribute`, `fieldId`, `locale`, `keywords`) VALUES ('59', 'field', '22', 'en_us', '');
INSERT INTO `craft_searchindex` (`elementId`, `attribute`, `fieldId`, `locale`, `keywords`) VALUES ('59', 'field', '23', 'en_us', '');
INSERT INTO `craft_searchindex` (`elementId`, `attribute`, `fieldId`, `locale`, `keywords`) VALUES ('59', 'field', '24', 'en_us', '');
INSERT INTO `craft_searchindex` (`elementId`, `attribute`, `fieldId`, `locale`, `keywords`) VALUES ('59', 'field', '35', 'en_us', '');
INSERT INTO `craft_searchindex` (`elementId`, `attribute`, `fieldId`, `locale`, `keywords`) VALUES ('59', 'field', '36', 'en_us', '');
INSERT INTO `craft_searchindex` (`elementId`, `attribute`, `fieldId`, `locale`, `keywords`) VALUES ('59', 'field', '4', 'en_us', '');
INSERT INTO `craft_searchindex` (`elementId`, `attribute`, `fieldId`, `locale`, `keywords`) VALUES ('59', 'field', '5', 'en_us', '');
INSERT INTO `craft_searchindex` (`elementId`, `attribute`, `fieldId`, `locale`, `keywords`) VALUES ('59', 'field', '6', 'en_us', '');
INSERT INTO `craft_searchindex` (`elementId`, `attribute`, `fieldId`, `locale`, `keywords`) VALUES ('59', 'field', '13', 'en_us', '');
INSERT INTO `craft_searchindex` (`elementId`, `attribute`, `fieldId`, `locale`, `keywords`) VALUES ('59', 'field', '7', 'en_us', '');
INSERT INTO `craft_searchindex` (`elementId`, `attribute`, `fieldId`, `locale`, `keywords`) VALUES ('59', 'field', '3', 'en_us', '');
INSERT INTO `craft_searchindex` (`elementId`, `attribute`, `fieldId`, `locale`, `keywords`) VALUES ('59', 'field', '8', 'en_us', '');
INSERT INTO `craft_searchindex` (`elementId`, `attribute`, `fieldId`, `locale`, `keywords`) VALUES ('59', 'slug', '0', 'en_us', ' sogo akinola ');
INSERT INTO `craft_searchindex` (`elementId`, `attribute`, `fieldId`, `locale`, `keywords`) VALUES ('59', 'title', '0', 'en_us', ' sogo akinola ');
INSERT INTO `craft_searchindex` (`elementId`, `attribute`, `fieldId`, `locale`, `keywords`) VALUES ('59', 'field', '37', 'en_us', ' jamaican jamaican chinese chinese ');
INSERT INTO `craft_searchindex` (`elementId`, `attribute`, `fieldId`, `locale`, `keywords`) VALUES ('61', 'filename', '0', 'en_us', ' sandra asuzu jpg ');
INSERT INTO `craft_searchindex` (`elementId`, `attribute`, `fieldId`, `locale`, `keywords`) VALUES ('61', 'extension', '0', 'en_us', ' jpg ');
INSERT INTO `craft_searchindex` (`elementId`, `attribute`, `fieldId`, `locale`, `keywords`) VALUES ('61', 'kind', '0', 'en_us', ' image ');
INSERT INTO `craft_searchindex` (`elementId`, `attribute`, `fieldId`, `locale`, `keywords`) VALUES ('61', 'slug', '0', 'en_us', ' 7 ');
INSERT INTO `craft_searchindex` (`elementId`, `attribute`, `fieldId`, `locale`, `keywords`) VALUES ('61', 'title', '0', 'en_us', ' sandra asuzu ');
INSERT INTO `craft_searchindex` (`elementId`, `attribute`, `fieldId`, `locale`, `keywords`) VALUES ('62', 'filename', '0', 'en_us', ' sandra asuzu_1 jpg ');
INSERT INTO `craft_searchindex` (`elementId`, `attribute`, `fieldId`, `locale`, `keywords`) VALUES ('62', 'extension', '0', 'en_us', ' jpg ');
INSERT INTO `craft_searchindex` (`elementId`, `attribute`, `fieldId`, `locale`, `keywords`) VALUES ('62', 'kind', '0', 'en_us', ' image ');
INSERT INTO `craft_searchindex` (`elementId`, `attribute`, `fieldId`, `locale`, `keywords`) VALUES ('62', 'slug', '0', 'en_us', '');
INSERT INTO `craft_searchindex` (`elementId`, `attribute`, `fieldId`, `locale`, `keywords`) VALUES ('62', 'title', '0', 'en_us', ' sandra asuzu ');
INSERT INTO `craft_searchindex` (`elementId`, `attribute`, `fieldId`, `locale`, `keywords`) VALUES ('63', 'field', '18', 'en_us', ' associate ');
INSERT INTO `craft_searchindex` (`elementId`, `attribute`, `fieldId`, `locale`, `keywords`) VALUES ('63', 'field', '15', 'en_us', ' sandra asuzu ');
INSERT INTO `craft_searchindex` (`elementId`, `attribute`, `fieldId`, `locale`, `keywords`) VALUES ('63', 'field', '14', 'en_us', ' sandra asuzu ');
INSERT INTO `craft_searchindex` (`elementId`, `attribute`, `fieldId`, `locale`, `keywords`) VALUES ('63', 'field', '19', 'en_us', ' sandra focuses on the energy and projects practice of gbc law especially in gas to power projects she also participates actively in the corporate commercial and maritime areas of the firm she demonstrates remarkable competencies in project finance regulatory and compliance general corporate commercial practice ');
INSERT INTO `craft_searchindex` (`elementId`, `attribute`, `fieldId`, `locale`, `keywords`) VALUES ('63', 'field', '20', 'en_us', ' university of nigeria nsukka llm university of nigeria nsukka llm the nigerian bar 2012 the nigerian bar 2012 ');
INSERT INTO `craft_searchindex` (`elementId`, `attribute`, `fieldId`, `locale`, `keywords`) VALUES ('63', 'field', '21', 'en_us', ' energy and projects energy and projects regulatory and compliance regulatory and compliance maritime and intellectual property maritime and intellectual property ');
INSERT INTO `craft_searchindex` (`elementId`, `attribute`, `fieldId`, `locale`, `keywords`) VALUES ('63', 'field', '22', 'en_us', ' nigerian bar association nigerian bar association institute of chartered secretaries and administrators of nigeria institute of chartered secretaries and administrators of nigeria ');
INSERT INTO `craft_searchindex` (`elementId`, `attribute`, `fieldId`, `locale`, `keywords`) VALUES ('63', 'field', '37', 'en_us', '');
INSERT INTO `craft_searchindex` (`elementId`, `attribute`, `fieldId`, `locale`, `keywords`) VALUES ('63', 'field', '36', 'en_us', '');
INSERT INTO `craft_searchindex` (`elementId`, `attribute`, `fieldId`, `locale`, `keywords`) VALUES ('63', 'field', '23', 'en_us', ' successfully carrying out due diligence preparing transactional documents and was also involved in the negotiations for the project financing of a gas processing plant which pegged at the sum of $64m in a combination of equity and loan successfully carrying out due diligence preparing transactional documents and was also involved in the negotiations for the project financing of a gas processing plant which pegged at the sum of $64m in a combination of equity and loan analyzing and providing legal opinions in respect of nigerian content issues relating to oil and gas projects and petroleum operations analyzing and providing legal opinions in respect of nigerian content issues relating to oil and gas projects and petroleum operations ');
INSERT INTO `craft_searchindex` (`elementId`, `attribute`, `fieldId`, `locale`, `keywords`) VALUES ('63', 'field', '24', 'en_us', '');
INSERT INTO `craft_searchindex` (`elementId`, `attribute`, `fieldId`, `locale`, `keywords`) VALUES ('63', 'field', '35', 'en_us', '');
INSERT INTO `craft_searchindex` (`elementId`, `attribute`, `fieldId`, `locale`, `keywords`) VALUES ('63', 'field', '4', 'en_us', '');
INSERT INTO `craft_searchindex` (`elementId`, `attribute`, `fieldId`, `locale`, `keywords`) VALUES ('63', 'field', '5', 'en_us', '');
INSERT INTO `craft_searchindex` (`elementId`, `attribute`, `fieldId`, `locale`, `keywords`) VALUES ('63', 'field', '6', 'en_us', '');
INSERT INTO `craft_searchindex` (`elementId`, `attribute`, `fieldId`, `locale`, `keywords`) VALUES ('63', 'field', '13', 'en_us', '');
INSERT INTO `craft_searchindex` (`elementId`, `attribute`, `fieldId`, `locale`, `keywords`) VALUES ('63', 'field', '7', 'en_us', '');
INSERT INTO `craft_searchindex` (`elementId`, `attribute`, `fieldId`, `locale`, `keywords`) VALUES ('63', 'field', '3', 'en_us', '');
INSERT INTO `craft_searchindex` (`elementId`, `attribute`, `fieldId`, `locale`, `keywords`) VALUES ('63', 'field', '8', 'en_us', '');
INSERT INTO `craft_searchindex` (`elementId`, `attribute`, `fieldId`, `locale`, `keywords`) VALUES ('63', 'slug', '0', 'en_us', ' sandra asuzu ');
INSERT INTO `craft_searchindex` (`elementId`, `attribute`, `fieldId`, `locale`, `keywords`) VALUES ('63', 'title', '0', 'en_us', ' sandra asuzu ');
INSERT INTO `craft_searchindex` (`elementId`, `attribute`, `fieldId`, `locale`, `keywords`) VALUES ('64', 'filename', '0', 'en_us', ' 3 jpg ');
INSERT INTO `craft_searchindex` (`elementId`, `attribute`, `fieldId`, `locale`, `keywords`) VALUES ('64', 'extension', '0', 'en_us', ' jpg ');
INSERT INTO `craft_searchindex` (`elementId`, `attribute`, `fieldId`, `locale`, `keywords`) VALUES ('64', 'kind', '0', 'en_us', ' image ');
INSERT INTO `craft_searchindex` (`elementId`, `attribute`, `fieldId`, `locale`, `keywords`) VALUES ('64', 'slug', '0', 'en_us', '');
INSERT INTO `craft_searchindex` (`elementId`, `attribute`, `fieldId`, `locale`, `keywords`) VALUES ('64', 'title', '0', 'en_us', ' 3 ');
INSERT INTO `craft_searchindex` (`elementId`, `attribute`, `fieldId`, `locale`, `keywords`) VALUES ('65', 'filename', '0', 'en_us', ' ayoade oluwasanmi jpg ');
INSERT INTO `craft_searchindex` (`elementId`, `attribute`, `fieldId`, `locale`, `keywords`) VALUES ('65', 'extension', '0', 'en_us', ' jpg ');
INSERT INTO `craft_searchindex` (`elementId`, `attribute`, `fieldId`, `locale`, `keywords`) VALUES ('65', 'kind', '0', 'en_us', ' image ');
INSERT INTO `craft_searchindex` (`elementId`, `attribute`, `fieldId`, `locale`, `keywords`) VALUES ('65', 'slug', '0', 'en_us', '');
INSERT INTO `craft_searchindex` (`elementId`, `attribute`, `fieldId`, `locale`, `keywords`) VALUES ('65', 'title', '0', 'en_us', ' ayoade oluwasanmi ');
INSERT INTO `craft_searchindex` (`elementId`, `attribute`, `fieldId`, `locale`, `keywords`) VALUES ('66', 'field', '18', 'en_us', ' associate ');
INSERT INTO `craft_searchindex` (`elementId`, `attribute`, `fieldId`, `locale`, `keywords`) VALUES ('66', 'field', '15', 'en_us', ' 3 ');
INSERT INTO `craft_searchindex` (`elementId`, `attribute`, `fieldId`, `locale`, `keywords`) VALUES ('66', 'field', '14', 'en_us', ' ayoade oluwasanmi ');
INSERT INTO `craft_searchindex` (`elementId`, `attribute`, `fieldId`, `locale`, `keywords`) VALUES ('66', 'field', '19', 'en_us', ' ayoade has over 10 years cognate experience advising on and litigating tax labour oil and gas company law and recovery of premises related matters he has a wide experience of the law on a range of issues but has a bias for commercial litigation and arbitration he has practical working knowledge in litigation matters on a wide range of issues as diverse as energy employment credit transactions commercial transactions and real estate he is a member of the litigation team at gbc law ');
INSERT INTO `craft_searchindex` (`elementId`, `attribute`, `fieldId`, `locale`, `keywords`) VALUES ('66', 'field', '20', 'en_us', ' ambrose alli university llb 2004 ambrose alli university llb 2004 the nigerian bar 2005 the nigerian bar 2005 ');
INSERT INTO `craft_searchindex` (`elementId`, `attribute`, `fieldId`, `locale`, `keywords`) VALUES ('66', 'field', '21', 'en_us', ' corporate commercial litigation corporate commercial litigation corporate and commercial law corporate and commercial law legal advisory legal advisory ');
INSERT INTO `craft_searchindex` (`elementId`, `attribute`, `fieldId`, `locale`, `keywords`) VALUES ('66', 'field', '22', 'en_us', ' the nigerian bar association the nigerian bar association the uk chartered institute of arbitrators the uk chartered institute of arbitrators ');
INSERT INTO `craft_searchindex` (`elementId`, `attribute`, `fieldId`, `locale`, `keywords`) VALUES ('66', 'field', '37', 'en_us', '');
INSERT INTO `craft_searchindex` (`elementId`, `attribute`, `fieldId`, `locale`, `keywords`) VALUES ('66', 'field', '36', 'en_us', '');
INSERT INTO `craft_searchindex` (`elementId`, `attribute`, `fieldId`, `locale`, `keywords`) VALUES ('66', 'field', '23', 'en_us', ' provided representation for an international professional services firm in a n1 4 billion action involving report by it on the issue of the incorrectly reported profit by a publicly quoted company in nigeria provided representation for an international professional services firm in a n1 4 billion action involving report by it on the issue of the incorrectly reported profit by a publicly quoted company in nigeria represented a multi national oil company at the citizens mediation centre in a labour related matter filed by its employees represented a multi national oil company at the citizens mediation centre in a labour related matter filed by its employees advised a multi national oil service company with regards to its liabilities and responsibilities in connection with the environmental impact of the company s drilling activities in the niger delta region of nigeria advised a multi national oil service company with regards to its liabilities and responsibilities in connection with the environmental impact of the company s drilling activities in the niger delta region of nigeria represented teleglobe in the enforcement of a foreign judgment in nigeria relating to the termination of internet subscription service agreement represented teleglobe in the enforcement of a foreign judgment in nigeria relating to the termination of internet subscription service agreement was the counsel in charge of the litigation on behalf of baker hughes nigeria limited a multinational oil services firm with regards to illegal tax levied against it was the counsel in charge of the litigation on behalf of baker hughes nigeria limited a multinational oil services firm with regards to illegal tax levied against it was part of the team that represented and advised african capital alliance a leading african private equity company in conducting legal due diligence and structuring a management buy in culminating in a purchase of majority shares in the dominant cash in transit services company in nigeria was part of the team that represented and advised african capital alliance a leading african private equity company in conducting legal due diligence and structuring a management buy in culminating in a purchase of majority shares in the dominant cash in transit services company in nigeria was part of the litigation team that represented pricewaterhousecooopers a multinational financial advisory and auditing firm with regards to the alleged misstatement of profits by cadbury nigeria limited which led to an increased shareholding by cadbury in the uk was part of the litigation team that represented pricewaterhousecooopers a multinational financial advisory and auditing firm with regards to the alleged misstatement of profits by cadbury nigeria limited which led to an increased shareholding by cadbury in the uk was part of the team that instituted an action against the lagos state government and obtained judgement in favour of a client obtaining a reversal of a purported revocation of both a certificate of occupancy and allocation by the new towns development authority was part of the team that instituted an action against the lagos state government and obtained judgement in favour of a client obtaining a reversal of a purported revocation of both a certificate of occupancy and allocation by the new towns development authority ');
INSERT INTO `craft_searchindex` (`elementId`, `attribute`, `fieldId`, `locale`, `keywords`) VALUES ('66', 'field', '24', 'en_us', '');
INSERT INTO `craft_searchindex` (`elementId`, `attribute`, `fieldId`, `locale`, `keywords`) VALUES ('66', 'field', '35', 'en_us', '');
INSERT INTO `craft_searchindex` (`elementId`, `attribute`, `fieldId`, `locale`, `keywords`) VALUES ('66', 'field', '4', 'en_us', '');
INSERT INTO `craft_searchindex` (`elementId`, `attribute`, `fieldId`, `locale`, `keywords`) VALUES ('66', 'field', '5', 'en_us', '');
INSERT INTO `craft_searchindex` (`elementId`, `attribute`, `fieldId`, `locale`, `keywords`) VALUES ('66', 'field', '6', 'en_us', '');
INSERT INTO `craft_searchindex` (`elementId`, `attribute`, `fieldId`, `locale`, `keywords`) VALUES ('66', 'field', '13', 'en_us', '');
INSERT INTO `craft_searchindex` (`elementId`, `attribute`, `fieldId`, `locale`, `keywords`) VALUES ('66', 'field', '7', 'en_us', '');
INSERT INTO `craft_searchindex` (`elementId`, `attribute`, `fieldId`, `locale`, `keywords`) VALUES ('66', 'field', '3', 'en_us', '');
INSERT INTO `craft_searchindex` (`elementId`, `attribute`, `fieldId`, `locale`, `keywords`) VALUES ('66', 'field', '8', 'en_us', '');
INSERT INTO `craft_searchindex` (`elementId`, `attribute`, `fieldId`, `locale`, `keywords`) VALUES ('66', 'slug', '0', 'en_us', ' ayoade oluwasanmi ');
INSERT INTO `craft_searchindex` (`elementId`, `attribute`, `fieldId`, `locale`, `keywords`) VALUES ('66', 'title', '0', 'en_us', ' ayoade oluwasanmi ');
INSERT INTO `craft_searchindex` (`elementId`, `attribute`, `fieldId`, `locale`, `keywords`) VALUES ('68', 'extension', '0', 'en_us', ' jpg ');
INSERT INTO `craft_searchindex` (`elementId`, `attribute`, `fieldId`, `locale`, `keywords`) VALUES ('68', 'kind', '0', 'en_us', ' image ');
INSERT INTO `craft_searchindex` (`elementId`, `attribute`, `fieldId`, `locale`, `keywords`) VALUES ('68', 'filename', '0', 'en_us', ' edward vera cruz2 jpg ');
INSERT INTO `craft_searchindex` (`elementId`, `attribute`, `fieldId`, `locale`, `keywords`) VALUES ('68', 'slug', '0', 'en_us', '');
INSERT INTO `craft_searchindex` (`elementId`, `attribute`, `fieldId`, `locale`, `keywords`) VALUES ('68', 'title', '0', 'en_us', ' edward vera cruz2 ');
INSERT INTO `craft_searchindex` (`elementId`, `attribute`, `fieldId`, `locale`, `keywords`) VALUES ('69', 'filename', '0', 'en_us', ' edward vera cruz jpg ');
INSERT INTO `craft_searchindex` (`elementId`, `attribute`, `fieldId`, `locale`, `keywords`) VALUES ('69', 'extension', '0', 'en_us', ' jpg ');
INSERT INTO `craft_searchindex` (`elementId`, `attribute`, `fieldId`, `locale`, `keywords`) VALUES ('69', 'kind', '0', 'en_us', ' image ');
INSERT INTO `craft_searchindex` (`elementId`, `attribute`, `fieldId`, `locale`, `keywords`) VALUES ('69', 'slug', '0', 'en_us', ' edward vera cruz ');
INSERT INTO `craft_searchindex` (`elementId`, `attribute`, `fieldId`, `locale`, `keywords`) VALUES ('69', 'title', '0', 'en_us', ' edward vera cruz ');
INSERT INTO `craft_searchindex` (`elementId`, `attribute`, `fieldId`, `locale`, `keywords`) VALUES ('70', 'field', '18', 'en_us', ' of counsel ');
INSERT INTO `craft_searchindex` (`elementId`, `attribute`, `fieldId`, `locale`, `keywords`) VALUES ('70', 'field', '15', 'en_us', ' edward vera cruz ');
INSERT INTO `craft_searchindex` (`elementId`, `attribute`, `fieldId`, `locale`, `keywords`) VALUES ('70', 'field', '14', 'en_us', ' edward vera cruz2 ');
INSERT INTO `craft_searchindex` (`elementId`, `attribute`, `fieldId`, `locale`, `keywords`) VALUES ('70', 'field', '19', 'en_us', ' edward s practice extends over 20 years and has covered a comprehensive range of international corporate and commercial transactions in particular he focuses on oil and gas law law of credit and security international business transactions law intellectual property and information technology law in the energy sector edward has acted for sponsors and a wide variety of other clients in major project finance general corporate and commercial transactions and regulatory matters edward has held various leadership positions in most of the firms he has worked with he was the head of chambers in the firm of lanre olaoluwa co now matrix solicitors and later managing partner in the firm of victor and charles solicitors now part of aelex partners a position he held for over 7 years he is a regular participant at local and international seminars and was for a number of years both a visiting lecturer on the nigerian institute of advanced legal studies advance legal drafting course and the contributing rapporteur for nigeria for the journal of energy and natural resources law ');
INSERT INTO `craft_searchindex` (`elementId`, `attribute`, `fieldId`, `locale`, `keywords`) VALUES ('70', 'field', '20', 'en_us', ' university of lagos llb university of lagos llb the nigerian bar association 1990 the nigerian bar association 1990 solicitor of the supreme court of england and wales solicitor of the supreme court of england and wales solicitor of the supreme court of england and wales solicitor of the supreme court of england and wales ');
INSERT INTO `craft_searchindex` (`elementId`, `attribute`, `fieldId`, `locale`, `keywords`) VALUES ('70', 'field', '21', 'en_us', ' oil and gas oil and gas energy energy international trade international trade public procurement public procurement project finance project finance ');
INSERT INTO `craft_searchindex` (`elementId`, `attribute`, `fieldId`, `locale`, `keywords`) VALUES ('70', 'field', '22', 'en_us', ' solicitor of the supreme court of england and wales solicitor of the supreme court of england and wales the law society of england wales the law society of england wales the procurement lawyers association the procurement lawyers association the association of british council fellows the association of british council fellows the association of british chevening scholars the association of british chevening scholars gideons international gideons international ');
INSERT INTO `craft_searchindex` (`elementId`, `attribute`, `fieldId`, `locale`, `keywords`) VALUES ('70', 'field', '37', 'en_us', '');
INSERT INTO `craft_searchindex` (`elementId`, `attribute`, `fieldId`, `locale`, `keywords`) VALUES ('70', 'field', '36', 'en_us', '');
INSERT INTO `craft_searchindex` (`elementId`, `attribute`, `fieldId`, `locale`, `keywords`) VALUES ('70', 'field', '23', 'en_us', ' representing texaco inc and providing general legal advice on the implementation in nigeria of an incorporated joint venture between chevron and texaco for the marketing internationally of marine fuels and lubricants representing texaco inc and providing general legal advice on the implementation in nigeria of an incorporated joint venture between chevron and texaco for the marketing internationally of marine fuels and lubricants representing enron international enron benin gas holdings ltd and enron west africa pipeline ltd and providing general legal advisory work and consultations on the structuring contract documentation and security issues on the acquisition by enron of the rights to all of the gas and condensate in the aje field of oml 113 and future rights in the gas and condensate produced from oml 113 outside the aje field representing enron international enron benin gas holdings ltd and enron west africa pipeline ltd and providing general legal advisory work and consultations on the structuring contract documentation and security issues on the acquisition by enron of the rights to all of the gas and condensate in the aje field of oml 113 and future rights in the gas and condensate produced from oml 113 outside the aje field rendered advice to total exploration nig ltd on the legal aspects of the proposed acquisition by total transferee of the interests of ashland nigeria exploration unlimited in various oil producing licences in nigeria rendered advice to total exploration nig ltd on the legal aspects of the proposed acquisition by total transferee of the interests of ashland nigeria exploration unlimited in various oil producing licences in nigeria advising and documentation for total upstream nigeria ltd on the unincorporated joint venture with a local and another international party for the joint prospecting for and exploitation of the oil deposits in a virgin offshore concession opl 246 advising and documentation for total upstream nigeria ltd on the unincorporated joint venture with a local and another international party for the joint prospecting for and exploitation of the oil deposits in a virgin offshore concession opl 246 preparing farm in agreement involving total upstream nigeria ltd on the acquisition by total farminee of 24% undivided interest in the deep offshore field opl 246 granted to south atlantic petroleum ltd preparing farm in agreement involving total upstream nigeria ltd on the acquisition by total farminee of 24% undivided interest in the deep offshore field opl 246 granted to south atlantic petroleum ltd completed legal regulatory and due diligence aspects of the acquisition by petroleum oil gas company of south africa nig ltd petrosa nigeria transferee of 50% non operating interest in the existing production fields of addax petroleum nigeria completed legal regulatory and due diligence aspects of the acquisition by petroleum oil gas company of south africa nig ltd petrosa nigeria transferee of 50% non operating interest in the existing production fields of addax petroleum nigeria one of the legal advisers nigeria to the project sponsors commercial group including chevron shell nigeria national petroleum corporation sobegaz sotogaz and the ghanaian national petroleum corporation which included project structuring project financing and environmental issues advise on the west african sub regional gas pipeline project one of the legal advisers nigeria to the project sponsors commercial group including chevron shell nigeria national petroleum corporation sobegaz sotogaz and the ghanaian national petroleum corporation which included project structuring project financing and environmental issues advise on the west african sub regional gas pipeline project team member pre project advisory team to mobil power inc and mobil producing nigeria unlimited project sponsor preliminary behind the scenes advisory work and consultations on the statutory and regulatory framework existing in nigeria for the setting up of an independent natural gas based power team member pre project advisory team to mobil power inc and mobil producing nigeria unlimited project sponsor preliminary behind the scenes advisory work and consultations on the statutory and regulatory framework existing in nigeria for the setting up of an independent natural gas based power ');
INSERT INTO `craft_searchindex` (`elementId`, `attribute`, `fieldId`, `locale`, `keywords`) VALUES ('70', 'field', '24', 'en_us', '');
INSERT INTO `craft_searchindex` (`elementId`, `attribute`, `fieldId`, `locale`, `keywords`) VALUES ('70', 'field', '35', 'en_us', '');
INSERT INTO `craft_searchindex` (`elementId`, `attribute`, `fieldId`, `locale`, `keywords`) VALUES ('70', 'field', '4', 'en_us', '');
INSERT INTO `craft_searchindex` (`elementId`, `attribute`, `fieldId`, `locale`, `keywords`) VALUES ('70', 'field', '5', 'en_us', '');
INSERT INTO `craft_searchindex` (`elementId`, `attribute`, `fieldId`, `locale`, `keywords`) VALUES ('70', 'field', '6', 'en_us', '');
INSERT INTO `craft_searchindex` (`elementId`, `attribute`, `fieldId`, `locale`, `keywords`) VALUES ('70', 'field', '13', 'en_us', '');
INSERT INTO `craft_searchindex` (`elementId`, `attribute`, `fieldId`, `locale`, `keywords`) VALUES ('70', 'field', '7', 'en_us', '');
INSERT INTO `craft_searchindex` (`elementId`, `attribute`, `fieldId`, `locale`, `keywords`) VALUES ('70', 'field', '3', 'en_us', '');
INSERT INTO `craft_searchindex` (`elementId`, `attribute`, `fieldId`, `locale`, `keywords`) VALUES ('70', 'field', '8', 'en_us', '');
INSERT INTO `craft_searchindex` (`elementId`, `attribute`, `fieldId`, `locale`, `keywords`) VALUES ('70', 'slug', '0', 'en_us', ' edward o vera cruz ');
INSERT INTO `craft_searchindex` (`elementId`, `attribute`, `fieldId`, `locale`, `keywords`) VALUES ('70', 'title', '0', 'en_us', ' edward o vera cruz ');
INSERT INTO `craft_searchindex` (`elementId`, `attribute`, `fieldId`, `locale`, `keywords`) VALUES ('72', 'field', '15', 'en_us', ' blank ');
INSERT INTO `craft_searchindex` (`elementId`, `attribute`, `fieldId`, `locale`, `keywords`) VALUES ('72', 'field', '14', 'en_us', ' blank2 ');
INSERT INTO `craft_searchindex` (`elementId`, `attribute`, `fieldId`, `locale`, `keywords`) VALUES ('72', 'field', '18', 'en_us', ' partner ');
INSERT INTO `craft_searchindex` (`elementId`, `attribute`, `fieldId`, `locale`, `keywords`) VALUES ('72', 'field', '19', 'en_us', ' lola has over 19 years of hands on experience in corporate commercial law she has extensive experience and expertise in handling large scale commercial transactions particularly involving the banking and financial services industry she has worked with first atlantic bank limited as the legal adviser company secretary and in the legal department of union bank where she advised on a variety of legal matters whilst in these organisations she was involved in the negotiation and documentation of several banking transactions and the drafting of various commercial contracts such as the acquisition of a merchant banking subsidiary by union bank ');
INSERT INTO `craft_searchindex` (`elementId`, `attribute`, `fieldId`, `locale`, `keywords`) VALUES ('72', 'field', '20', 'en_us', ' ogun state university llb 1990 ogun state university llb 1990 nigerian bar association 1991 nigerian bar association 1991 university of lagos masters in law university of lagos masters in law iese university of navarra barcelona spain mba iese university of navarra barcelona spain mba ');
INSERT INTO `craft_searchindex` (`elementId`, `attribute`, `fieldId`, `locale`, `keywords`) VALUES ('72', 'field', '21', 'en_us', ' trade and investments trade and investments corporate law corporate law banking and finance banking and finance employment employment commercial contracts commercial contracts company secretarial practice company secretarial practice project finance project finance mergers and acquisitions mergers and acquisitions ');
INSERT INTO `craft_searchindex` (`elementId`, `attribute`, `fieldId`, `locale`, `keywords`) VALUES ('72', 'field', '22', 'en_us', ' nigerian bar association nigerian bar association ');
INSERT INTO `craft_searchindex` (`elementId`, `attribute`, `fieldId`, `locale`, `keywords`) VALUES ('72', 'field', '37', 'en_us', ' english and french english and french ');
INSERT INTO `craft_searchindex` (`elementId`, `attribute`, `fieldId`, `locale`, `keywords`) VALUES ('72', 'field', '36', 'en_us', '');
INSERT INTO `craft_searchindex` (`elementId`, `attribute`, `fieldId`, `locale`, `keywords`) VALUES ('72', 'field', '23', 'en_us', ' advising on the acquisition of a merchant banking subsidiary by union bank of nigeria plc advising on the acquisition of a merchant banking subsidiary by union bank of nigeria plc advising on the acquisition of flexcube banking software by union bank of nigeria plc and finnacle banking software by first atlantic bank ltd advising on the acquisition of flexcube banking software by union bank of nigeria plc and finnacle banking software by first atlantic bank ltd advising on the acquisition of an internet based money transfer facility by first atlantic bank ltd advising on the acquisition of an internet based money transfer facility by first atlantic bank ltd advising on the setting up of a staff share investment scheme by first atlantic bank ltd advising on the setting up of a staff share investment scheme by first atlantic bank ltd advising and documenting various syndicated facilities relating to peugeot automobile nigeria intel oil services g cappa international distillers victoria garden hotels and several other leading companies advising and documenting various syndicated facilities relating to peugeot automobile nigeria intel oil services g cappa international distillers victoria garden hotels and several other leading companies drafting reviewing and advising on various security documentation including but not limited to legal mortgages debentures fixed floating and mortgage equipment leases including sale and lease back contracts pledges guarantees and indemnities drafting reviewing and advising on various security documentation including but not limited to legal mortgages debentures fixed floating and mortgage equipment leases including sale and lease back contracts pledges guarantees and indemnities conducting market research and putting together the business plan of venture partners a start up venture capital company focused on offering financial and managerial support to small and medium scale enterprises conducting market research and putting together the business plan of venture partners a start up venture capital company focused on offering financial and managerial support to small and medium scale enterprises ');
INSERT INTO `craft_searchindex` (`elementId`, `attribute`, `fieldId`, `locale`, `keywords`) VALUES ('72', 'field', '24', 'en_us', '');
INSERT INTO `craft_searchindex` (`elementId`, `attribute`, `fieldId`, `locale`, `keywords`) VALUES ('72', 'field', '35', 'en_us', ' advising on the acquisition of a merchant banking subsidiary by union bank of nigeria plc ');
INSERT INTO `craft_searchindex` (`elementId`, `attribute`, `fieldId`, `locale`, `keywords`) VALUES ('72', 'field', '4', 'en_us', '');
INSERT INTO `craft_searchindex` (`elementId`, `attribute`, `fieldId`, `locale`, `keywords`) VALUES ('72', 'field', '5', 'en_us', '');
INSERT INTO `craft_searchindex` (`elementId`, `attribute`, `fieldId`, `locale`, `keywords`) VALUES ('72', 'field', '6', 'en_us', '');
INSERT INTO `craft_searchindex` (`elementId`, `attribute`, `fieldId`, `locale`, `keywords`) VALUES ('72', 'field', '13', 'en_us', '');
INSERT INTO `craft_searchindex` (`elementId`, `attribute`, `fieldId`, `locale`, `keywords`) VALUES ('72', 'field', '7', 'en_us', '');
INSERT INTO `craft_searchindex` (`elementId`, `attribute`, `fieldId`, `locale`, `keywords`) VALUES ('72', 'field', '3', 'en_us', '');
INSERT INTO `craft_searchindex` (`elementId`, `attribute`, `fieldId`, `locale`, `keywords`) VALUES ('72', 'field', '8', 'en_us', '');
INSERT INTO `craft_searchindex` (`elementId`, `attribute`, `fieldId`, `locale`, `keywords`) VALUES ('72', 'slug', '0', 'en_us', ' lola ogunmodede ');
INSERT INTO `craft_searchindex` (`elementId`, `attribute`, `fieldId`, `locale`, `keywords`) VALUES ('72', 'title', '0', 'en_us', ' lola ogunmodede ');
INSERT INTO `craft_searchindex` (`elementId`, `attribute`, `fieldId`, `locale`, `keywords`) VALUES ('73', 'field', '18', 'en_us', ' partner ');
INSERT INTO `craft_searchindex` (`elementId`, `attribute`, `fieldId`, `locale`, `keywords`) VALUES ('73', 'field', '15', 'en_us', ' blank ');
INSERT INTO `craft_searchindex` (`elementId`, `attribute`, `fieldId`, `locale`, `keywords`) VALUES ('73', 'field', '14', 'en_us', ' blank2 ');
INSERT INTO `craft_searchindex` (`elementId`, `attribute`, `fieldId`, `locale`, `keywords`) VALUES ('73', 'field', '19', 'en_us', ' wole is responsible for intellectual property matters at gbc law he also focuses on real estate transactions and corporate commercial law he has over 19 years experience of legal practice and also has considerable expertise in e commerce he has also been involved in a number of transactions in the nigerian energy sector wole worked as an associate at sheikh co solicitors london before joining merrill lynch international bank london where he worked in the private banking department he worked as company secretary at dabis international company limited london also before a stint at irving bonnar where he worked with the corporate commercial group on a variety of transactions for both domestic and international clients ');
INSERT INTO `craft_searchindex` (`elementId`, `attribute`, `fieldId`, `locale`, `keywords`) VALUES ('73', 'field', '20', 'en_us', ' lagos state university llb 1990 lagos state university llb 1990 the nigerian bar 1991 the nigerian bar 1991 the washington college of law masters in law the washington college of law masters in law he qualified as a solicitor in england and wales in 1999 he qualified as a solicitor in england and wales in 1999 he qualified as a solicitor in england and wales in 1999 he qualified as a solicitor in england and wales in 1999 ');
INSERT INTO `craft_searchindex` (`elementId`, `attribute`, `fieldId`, `locale`, `keywords`) VALUES ('73', 'field', '21', 'en_us', ' intellectual property intellectual property energy energy banking and finance banking and finance banking and finance banking and finance real estate real estate ');
INSERT INTO `craft_searchindex` (`elementId`, `attribute`, `fieldId`, `locale`, `keywords`) VALUES ('73', 'field', '22', 'en_us', ' he qualified as a solicitor in england and wales in 1999 he qualified as a solicitor in england and wales in 1999 the international trademark association inta the international trademark association inta ');
INSERT INTO `craft_searchindex` (`elementId`, `attribute`, `fieldId`, `locale`, `keywords`) VALUES ('73', 'field', '37', 'en_us', '');
INSERT INTO `craft_searchindex` (`elementId`, `attribute`, `fieldId`, `locale`, `keywords`) VALUES ('73', 'field', '36', 'en_us', '');
INSERT INTO `craft_searchindex` (`elementId`, `attribute`, `fieldId`, `locale`, `keywords`) VALUES ('73', 'field', '23', 'en_us', '');
INSERT INTO `craft_searchindex` (`elementId`, `attribute`, `fieldId`, `locale`, `keywords`) VALUES ('73', 'field', '24', 'en_us', '');
INSERT INTO `craft_searchindex` (`elementId`, `attribute`, `fieldId`, `locale`, `keywords`) VALUES ('73', 'field', '35', 'en_us', '');
INSERT INTO `craft_searchindex` (`elementId`, `attribute`, `fieldId`, `locale`, `keywords`) VALUES ('73', 'field', '4', 'en_us', '');
INSERT INTO `craft_searchindex` (`elementId`, `attribute`, `fieldId`, `locale`, `keywords`) VALUES ('73', 'field', '5', 'en_us', '');
INSERT INTO `craft_searchindex` (`elementId`, `attribute`, `fieldId`, `locale`, `keywords`) VALUES ('73', 'field', '6', 'en_us', '');
INSERT INTO `craft_searchindex` (`elementId`, `attribute`, `fieldId`, `locale`, `keywords`) VALUES ('73', 'field', '13', 'en_us', '');
INSERT INTO `craft_searchindex` (`elementId`, `attribute`, `fieldId`, `locale`, `keywords`) VALUES ('73', 'field', '7', 'en_us', '');
INSERT INTO `craft_searchindex` (`elementId`, `attribute`, `fieldId`, `locale`, `keywords`) VALUES ('73', 'field', '3', 'en_us', '');
INSERT INTO `craft_searchindex` (`elementId`, `attribute`, `fieldId`, `locale`, `keywords`) VALUES ('73', 'field', '8', 'en_us', '');
INSERT INTO `craft_searchindex` (`elementId`, `attribute`, `fieldId`, `locale`, `keywords`) VALUES ('73', 'slug', '0', 'en_us', ' wole tejuoso ');
INSERT INTO `craft_searchindex` (`elementId`, `attribute`, `fieldId`, `locale`, `keywords`) VALUES ('73', 'title', '0', 'en_us', ' wole tejuoso ');
INSERT INTO `craft_searchindex` (`elementId`, `attribute`, `fieldId`, `locale`, `keywords`) VALUES ('74', 'filename', '0', 'en_us', ' blank jpg ');
INSERT INTO `craft_searchindex` (`elementId`, `attribute`, `fieldId`, `locale`, `keywords`) VALUES ('74', 'extension', '0', 'en_us', ' jpg ');
INSERT INTO `craft_searchindex` (`elementId`, `attribute`, `fieldId`, `locale`, `keywords`) VALUES ('74', 'kind', '0', 'en_us', ' image ');
INSERT INTO `craft_searchindex` (`elementId`, `attribute`, `fieldId`, `locale`, `keywords`) VALUES ('74', 'slug', '0', 'en_us', '');
INSERT INTO `craft_searchindex` (`elementId`, `attribute`, `fieldId`, `locale`, `keywords`) VALUES ('74', 'title', '0', 'en_us', ' blank ');
INSERT INTO `craft_searchindex` (`elementId`, `attribute`, `fieldId`, `locale`, `keywords`) VALUES ('75', 'filename', '0', 'en_us', ' blank2 jpg ');
INSERT INTO `craft_searchindex` (`elementId`, `attribute`, `fieldId`, `locale`, `keywords`) VALUES ('75', 'extension', '0', 'en_us', ' jpg ');
INSERT INTO `craft_searchindex` (`elementId`, `attribute`, `fieldId`, `locale`, `keywords`) VALUES ('75', 'kind', '0', 'en_us', ' image ');
INSERT INTO `craft_searchindex` (`elementId`, `attribute`, `fieldId`, `locale`, `keywords`) VALUES ('75', 'slug', '0', 'en_us', '');
INSERT INTO `craft_searchindex` (`elementId`, `attribute`, `fieldId`, `locale`, `keywords`) VALUES ('75', 'title', '0', 'en_us', ' blank2 ');
INSERT INTO `craft_searchindex` (`elementId`, `attribute`, `fieldId`, `locale`, `keywords`) VALUES ('76', 'filename', '0', 'en_us', ' blank2_1 jpg ');
INSERT INTO `craft_searchindex` (`elementId`, `attribute`, `fieldId`, `locale`, `keywords`) VALUES ('76', 'extension', '0', 'en_us', ' jpg ');
INSERT INTO `craft_searchindex` (`elementId`, `attribute`, `fieldId`, `locale`, `keywords`) VALUES ('76', 'kind', '0', 'en_us', ' image ');
INSERT INTO `craft_searchindex` (`elementId`, `attribute`, `fieldId`, `locale`, `keywords`) VALUES ('76', 'slug', '0', 'en_us', '');
INSERT INTO `craft_searchindex` (`elementId`, `attribute`, `fieldId`, `locale`, `keywords`) VALUES ('76', 'title', '0', 'en_us', ' blank2 ');
INSERT INTO `craft_searchindex` (`elementId`, `attribute`, `fieldId`, `locale`, `keywords`) VALUES ('77', 'filename', '0', 'en_us', ' blank_1 jpg ');
INSERT INTO `craft_searchindex` (`elementId`, `attribute`, `fieldId`, `locale`, `keywords`) VALUES ('77', 'extension', '0', 'en_us', ' jpg ');
INSERT INTO `craft_searchindex` (`elementId`, `attribute`, `fieldId`, `locale`, `keywords`) VALUES ('77', 'kind', '0', 'en_us', ' image ');
INSERT INTO `craft_searchindex` (`elementId`, `attribute`, `fieldId`, `locale`, `keywords`) VALUES ('77', 'slug', '0', 'en_us', '');
INSERT INTO `craft_searchindex` (`elementId`, `attribute`, `fieldId`, `locale`, `keywords`) VALUES ('77', 'title', '0', 'en_us', ' blank ');
INSERT INTO `craft_searchindex` (`elementId`, `attribute`, `fieldId`, `locale`, `keywords`) VALUES ('78', 'field', '18', 'en_us', ' consultant ');
INSERT INTO `craft_searchindex` (`elementId`, `attribute`, `fieldId`, `locale`, `keywords`) VALUES ('78', 'field', '15', 'en_us', ' blank ');
INSERT INTO `craft_searchindex` (`elementId`, `attribute`, `fieldId`, `locale`, `keywords`) VALUES ('78', 'field', '14', 'en_us', ' blank2 ');
INSERT INTO `craft_searchindex` (`elementId`, `attribute`, `fieldId`, `locale`, `keywords`) VALUES ('78', 'field', '19', 'en_us', ' dr egede phd international law has over 25 years extensive practice experience his expertise covers a range of subjects including international maritime and trade law foreign investment law enforcement of foreign judgments oil and gas law bilateral investment treaties bits claims state and diplomatic immunity law and the law on the regulation and management of offshore mineral and fisheries and all aspects of international law over the years he has acted and or provided advice to various multinational corporations mncs banks governments and government agencies he has provided advice in respect of the recognition and enforcement of the judgment of the court of a latin american country in nigeria and the application of the united states foreign corrupt practices act fcpa in nigeria he has also advised a state government in nigeria on its rights under international law to the offshore sea bed and the resources therein further he has provided advice on the impact of the european union common fisheries policy dr egede is currently engaged in interdisciplinary teaching and research in international law and international relations at the cardiff university and is a fellow of the higher education academy fhea united kingdom he has written and published books with renowned publishers and journal articles in peer reviewed international journals in the area of international law dr egede is a regular participant at local and international conferences seminars and has delivered papers in various places including the international hydrographic organisation international association of geodesy advisory board on the law of the sea ablos conference in monaco the african studies association of the uk asauk conference at the oxford university and the institute for international shipping and trade law swansea university ');
INSERT INTO `craft_searchindex` (`elementId`, `attribute`, `fieldId`, `locale`, `keywords`) VALUES ('78', 'field', '20', 'en_us', ' university of benin llb hons university of benin llb hons university of lagos llm university of lagos llm cardiff university cardiff wales united kingdom phd in international law cardiff university cardiff wales united kingdom phd in international law ');
INSERT INTO `craft_searchindex` (`elementId`, `attribute`, `fieldId`, `locale`, `keywords`) VALUES ('78', 'field', '21', 'en_us', ' international law international law international maritime and trade law international maritime and trade law foreign investment law foreign investment law enforcement of foreign judgments enforcement of foreign judgments oil and gas law oil and gas law bilateral investment treaties bilateral investment treaties state and diplomatic immunity law state and diplomatic immunity law ');
INSERT INTO `craft_searchindex` (`elementId`, `attribute`, `fieldId`, `locale`, `keywords`) VALUES ('78', 'field', '22', 'en_us', ' nigerian bar association nigerian bar association the international law association the international law association the academic council on the united nations systems the academic council on the united nations systems the legal economic regulatory section of gerson lehrman group the legal economic regulatory section of gerson lehrman group the welsh centre of international affairs wcia the welsh centre of international affairs wcia legal affairs committee wales united kingdom legal affairs committee wales united kingdom ');
INSERT INTO `craft_searchindex` (`elementId`, `attribute`, `fieldId`, `locale`, `keywords`) VALUES ('78', 'field', '37', 'en_us', '');
INSERT INTO `craft_searchindex` (`elementId`, `attribute`, `fieldId`, `locale`, `keywords`) VALUES ('78', 'field', '36', 'en_us', '');
INSERT INTO `craft_searchindex` (`elementId`, `attribute`, `fieldId`, `locale`, `keywords`) VALUES ('78', 'field', '23', 'en_us', '');
INSERT INTO `craft_searchindex` (`elementId`, `attribute`, `fieldId`, `locale`, `keywords`) VALUES ('78', 'field', '24', 'en_us', '');
INSERT INTO `craft_searchindex` (`elementId`, `attribute`, `fieldId`, `locale`, `keywords`) VALUES ('78', 'field', '35', 'en_us', '');
INSERT INTO `craft_searchindex` (`elementId`, `attribute`, `fieldId`, `locale`, `keywords`) VALUES ('78', 'field', '4', 'en_us', '');
INSERT INTO `craft_searchindex` (`elementId`, `attribute`, `fieldId`, `locale`, `keywords`) VALUES ('78', 'field', '5', 'en_us', '');
INSERT INTO `craft_searchindex` (`elementId`, `attribute`, `fieldId`, `locale`, `keywords`) VALUES ('78', 'field', '6', 'en_us', '');
INSERT INTO `craft_searchindex` (`elementId`, `attribute`, `fieldId`, `locale`, `keywords`) VALUES ('78', 'field', '13', 'en_us', '');
INSERT INTO `craft_searchindex` (`elementId`, `attribute`, `fieldId`, `locale`, `keywords`) VALUES ('78', 'field', '7', 'en_us', '');
INSERT INTO `craft_searchindex` (`elementId`, `attribute`, `fieldId`, `locale`, `keywords`) VALUES ('78', 'field', '3', 'en_us', '');
INSERT INTO `craft_searchindex` (`elementId`, `attribute`, `fieldId`, `locale`, `keywords`) VALUES ('78', 'field', '8', 'en_us', '');
INSERT INTO `craft_searchindex` (`elementId`, `attribute`, `fieldId`, `locale`, `keywords`) VALUES ('78', 'slug', '0', 'en_us', ' edwin egede ');
INSERT INTO `craft_searchindex` (`elementId`, `attribute`, `fieldId`, `locale`, `keywords`) VALUES ('78', 'title', '0', 'en_us', ' edwin egede ');



DROP TABLE IF EXISTS `craft_sections`;


--
-- Schema for table `craft_sections`
--
CREATE TABLE `craft_sections` (
  `id` int(11) NOT NULL AUTO_INCREMENT,
  `structureId` int(11) DEFAULT NULL,
  `name` varchar(255) COLLATE utf8_unicode_ci NOT NULL,
  `handle` varchar(255) COLLATE utf8_unicode_ci NOT NULL,
  `type` enum('single','channel','structure') COLLATE utf8_unicode_ci NOT NULL DEFAULT 'channel',
  `hasUrls` tinyint(1) unsigned NOT NULL DEFAULT '1',
  `template` varchar(500) COLLATE utf8_unicode_ci DEFAULT NULL,
  `enableVersioning` tinyint(1) unsigned NOT NULL DEFAULT '0',
  `dateCreated` datetime NOT NULL,
  `dateUpdated` datetime NOT NULL,
  `uid` char(36) COLLATE utf8_unicode_ci NOT NULL DEFAULT '0',
  PRIMARY KEY (`id`),
  UNIQUE KEY `craft_sections_name_unq_idx` (`name`),
  UNIQUE KEY `craft_sections_handle_unq_idx` (`handle`),
  KEY `craft_sections_structureId_fk` (`structureId`)
) ENGINE=InnoDB AUTO_INCREMENT=13 DEFAULT CHARSET=utf8 COLLATE=utf8_unicode_ci;

--
-- Data for table `craft_sections`
--

INSERT INTO `craft_sections` (`id`, `structureId`, `name`, `handle`, `type`, `hasUrls`, `template`, `enableVersioning`, `dateCreated`, `dateUpdated`, `uid`) VALUES ('1', NULL, 'Homepage', 'homepage', 'single', '1', 'index', '1', '2015-11-13 22:54:20', '2015-11-13 22:54:20', '8cae83cc-de9e-44a1-ae11-b58ac1a58b75');
INSERT INTO `craft_sections` (`id`, `structureId`, `name`, `handle`, `type`, `hasUrls`, `template`, `enableVersioning`, `dateCreated`, `dateUpdated`, `uid`) VALUES ('4', NULL, 'Careers', 'careers', 'single', '1', 'careers', '1', '2015-11-17 08:49:31', '2015-11-17 08:49:31', '239c0b70-dc95-4ffe-a9da-d2997d59235f');
INSERT INTO `craft_sections` (`id`, `structureId`, `name`, `handle`, `type`, `hasUrls`, `template`, `enableVersioning`, `dateCreated`, `dateUpdated`, `uid`) VALUES ('5', NULL, 'Contact', 'contact', 'single', '1', 'contact', '0', '2015-11-17 09:31:39', '2015-11-17 09:55:28', '5c2ea6c4-cc25-49ad-bbd2-1264ac6a3b61');
INSERT INTO `craft_sections` (`id`, `structureId`, `name`, `handle`, `type`, `hasUrls`, `template`, `enableVersioning`, `dateCreated`, `dateUpdated`, `uid`) VALUES ('7', '3', 'About', 'about', 'structure', '1', 'about/_entry', '1', '2015-11-17 11:41:27', '2015-11-17 11:41:27', '5a9c4a69-7319-42ba-83b1-a0a9c7ac5677');
INSERT INTO `craft_sections` (`id`, `structureId`, `name`, `handle`, `type`, `hasUrls`, `template`, `enableVersioning`, `dateCreated`, `dateUpdated`, `uid`) VALUES ('8', NULL, 'About GBC', 'aboutGbc', 'single', '1', 'about', '1', '2015-11-17 12:09:53', '2015-11-17 12:09:53', 'af6a593f-ab7c-46ae-9de5-c246cce37a6d');
INSERT INTO `craft_sections` (`id`, `structureId`, `name`, `handle`, `type`, `hasUrls`, `template`, `enableVersioning`, `dateCreated`, `dateUpdated`, `uid`) VALUES ('9', NULL, 'Expertise', 'expertise', 'single', '1', 'expertise', '1', '2015-11-17 13:15:13', '2015-11-17 13:15:13', '9a2bd9ef-be9e-4063-ab14-f4b81b216a6a');
INSERT INTO `craft_sections` (`id`, `structureId`, `name`, `handle`, `type`, `hasUrls`, `template`, `enableVersioning`, `dateCreated`, `dateUpdated`, `uid`) VALUES ('11', '5', 'Publications', 'publications', 'structure', '1', 'publications/_entry', '1', '2015-11-17 14:16:15', '2015-11-17 14:16:15', 'bac84135-bbda-4d7f-8547-87a3f9f393aa');
INSERT INTO `craft_sections` (`id`, `structureId`, `name`, `handle`, `type`, `hasUrls`, `template`, `enableVersioning`, `dateCreated`, `dateUpdated`, `uid`) VALUES ('12', NULL, 'Publications Landing', 'publicationsLanding', 'single', '1', 'publications', '1', '2015-11-17 14:19:56', '2015-11-17 14:19:56', 'c576b6d5-0f68-48d2-be41-2e216f725ba2');



DROP TABLE IF EXISTS `craft_sections_i18n`;


--
-- Schema for table `craft_sections_i18n`
--
CREATE TABLE `craft_sections_i18n` (
  `id` int(11) NOT NULL AUTO_INCREMENT,
  `sectionId` int(11) NOT NULL,
  `locale` char(12) COLLATE utf8_unicode_ci NOT NULL,
  `enabledByDefault` tinyint(1) unsigned NOT NULL DEFAULT '1',
  `urlFormat` text COLLATE utf8_unicode_ci,
  `nestedUrlFormat` text COLLATE utf8_unicode_ci,
  `dateCreated` datetime NOT NULL,
  `dateUpdated` datetime NOT NULL,
  `uid` char(36) COLLATE utf8_unicode_ci NOT NULL DEFAULT '0',
  PRIMARY KEY (`id`),
  UNIQUE KEY `craft_sections_i18n_sectionId_locale_unq_idx` (`sectionId`,`locale`),
  KEY `craft_sections_i18n_locale_fk` (`locale`)
) ENGINE=InnoDB AUTO_INCREMENT=13 DEFAULT CHARSET=utf8 COLLATE=utf8_unicode_ci;

--
-- Data for table `craft_sections_i18n`
--

INSERT INTO `craft_sections_i18n` (`id`, `sectionId`, `locale`, `enabledByDefault`, `urlFormat`, `nestedUrlFormat`, `dateCreated`, `dateUpdated`, `uid`) VALUES ('1', '1', 'en_us', '1', '__home__', NULL, '2015-11-13 22:54:20', '2015-11-13 22:54:20', '0c35a43d-272f-489f-8bd5-0090b2c65d4b');
INSERT INTO `craft_sections_i18n` (`id`, `sectionId`, `locale`, `enabledByDefault`, `urlFormat`, `nestedUrlFormat`, `dateCreated`, `dateUpdated`, `uid`) VALUES ('4', '4', 'en_us', '0', 'careers', NULL, '2015-11-17 08:49:31', '2015-11-17 08:49:31', 'b3a578f7-0b90-4d86-b2c4-297a65c56240');
INSERT INTO `craft_sections_i18n` (`id`, `sectionId`, `locale`, `enabledByDefault`, `urlFormat`, `nestedUrlFormat`, `dateCreated`, `dateUpdated`, `uid`) VALUES ('5', '5', 'en_us', '0', 'contact', NULL, '2015-11-17 09:31:39', '2015-11-17 09:31:39', 'e390f2a8-8925-4d03-bb58-0306d3dc1ca2');
INSERT INTO `craft_sections_i18n` (`id`, `sectionId`, `locale`, `enabledByDefault`, `urlFormat`, `nestedUrlFormat`, `dateCreated`, `dateUpdated`, `uid`) VALUES ('7', '7', 'en_us', '0', 'about/{slug}', '{parent.uri}/{slug}', '2015-11-17 11:41:27', '2015-11-17 11:41:27', '7d3a7ead-2a18-4005-8606-7adbf52b27e6');
INSERT INTO `craft_sections_i18n` (`id`, `sectionId`, `locale`, `enabledByDefault`, `urlFormat`, `nestedUrlFormat`, `dateCreated`, `dateUpdated`, `uid`) VALUES ('8', '8', 'en_us', '0', 'about', NULL, '2015-11-17 12:09:53', '2015-11-17 12:09:53', '62c8c286-c747-4eb5-8511-1abb00a95c96');
INSERT INTO `craft_sections_i18n` (`id`, `sectionId`, `locale`, `enabledByDefault`, `urlFormat`, `nestedUrlFormat`, `dateCreated`, `dateUpdated`, `uid`) VALUES ('9', '9', 'en_us', '0', 'expertise', NULL, '2015-11-17 13:15:13', '2015-11-17 13:15:13', '7a895221-9597-4f47-9df3-7be0b16552e5');
INSERT INTO `craft_sections_i18n` (`id`, `sectionId`, `locale`, `enabledByDefault`, `urlFormat`, `nestedUrlFormat`, `dateCreated`, `dateUpdated`, `uid`) VALUES ('11', '11', 'en_us', '0', 'publications/{slug}', '{parent.uri}/{slug}', '2015-11-17 14:16:15', '2015-11-17 14:16:15', '0af03fc0-6926-4a3c-8520-ccce7d1f80cc');
INSERT INTO `craft_sections_i18n` (`id`, `sectionId`, `locale`, `enabledByDefault`, `urlFormat`, `nestedUrlFormat`, `dateCreated`, `dateUpdated`, `uid`) VALUES ('12', '12', 'en_us', '0', 'publications', NULL, '2015-11-17 14:19:56', '2015-11-17 14:19:56', '6e950016-d148-4e48-a88e-6a7b19705717');



DROP TABLE IF EXISTS `craft_sessions`;


--
-- Schema for table `craft_sessions`
--
CREATE TABLE `craft_sessions` (
  `id` int(11) NOT NULL AUTO_INCREMENT,
  `userId` int(11) NOT NULL,
  `token` char(100) COLLATE utf8_unicode_ci NOT NULL,
  `dateCreated` datetime NOT NULL,
  `dateUpdated` datetime NOT NULL,
  `uid` char(36) COLLATE utf8_unicode_ci NOT NULL DEFAULT '0',
  PRIMARY KEY (`id`),
  KEY `craft_sessions_uid_idx` (`uid`),
  KEY `craft_sessions_token_idx` (`token`),
  KEY `craft_sessions_dateUpdated_idx` (`dateUpdated`),
  KEY `craft_sessions_userId_fk` (`userId`)
) ENGINE=InnoDB AUTO_INCREMENT=5 DEFAULT CHARSET=utf8 COLLATE=utf8_unicode_ci;

DROP TABLE IF EXISTS `craft_shunnedmessages`;


--
-- Schema for table `craft_shunnedmessages`
--
CREATE TABLE `craft_shunnedmessages` (
  `id` int(11) NOT NULL AUTO_INCREMENT,
  `userId` int(11) NOT NULL,
  `message` varchar(255) COLLATE utf8_unicode_ci NOT NULL,
  `expiryDate` datetime DEFAULT NULL,
  `dateCreated` datetime NOT NULL,
  `dateUpdated` datetime NOT NULL,
  `uid` char(36) COLLATE utf8_unicode_ci NOT NULL DEFAULT '0',
  PRIMARY KEY (`id`),
  UNIQUE KEY `craft_shunnedmessages_userId_message_unq_idx` (`userId`,`message`)
) ENGINE=InnoDB DEFAULT CHARSET=utf8 COLLATE=utf8_unicode_ci;

DROP TABLE IF EXISTS `craft_structureelements`;


--
-- Schema for table `craft_structureelements`
--
CREATE TABLE `craft_structureelements` (
  `id` int(11) NOT NULL AUTO_INCREMENT,
  `structureId` int(11) NOT NULL,
  `elementId` int(11) DEFAULT NULL,
  `root` int(11) unsigned DEFAULT NULL,
  `lft` int(11) unsigned NOT NULL,
  `rgt` int(11) unsigned NOT NULL,
  `level` smallint(6) unsigned NOT NULL,
  `dateCreated` datetime NOT NULL,
  `dateUpdated` datetime NOT NULL,
  `uid` char(36) COLLATE utf8_unicode_ci NOT NULL DEFAULT '0',
  PRIMARY KEY (`id`),
  UNIQUE KEY `craft_structureelements_structureId_elementId_unq_idx` (`structureId`,`elementId`),
  KEY `craft_structureelements_root_idx` (`root`),
  KEY `craft_structureelements_lft_idx` (`lft`),
  KEY `craft_structureelements_rgt_idx` (`rgt`),
  KEY `craft_structureelements_level_idx` (`level`),
  KEY `craft_structureelements_elementId_fk` (`elementId`)
) ENGINE=InnoDB AUTO_INCREMENT=25 DEFAULT CHARSET=utf8 COLLATE=utf8_unicode_ci;

--
-- Data for table `craft_structureelements`
--

INSERT INTO `craft_structureelements` (`id`, `structureId`, `elementId`, `root`, `lft`, `rgt`, `level`, `dateCreated`, `dateUpdated`, `uid`) VALUES ('5', '3', NULL, '5', '1', '24', '0', '2015-11-17 12:06:11', '2015-11-17 12:06:11', '8da70e9e-a67b-4859-b775-790d2f001be1');
INSERT INTO `craft_structureelements` (`id`, `structureId`, `elementId`, `root`, `lft`, `rgt`, `level`, `dateCreated`, `dateUpdated`, `uid`) VALUES ('7', '3', '22', '5', '2', '3', '1', '2015-11-17 12:20:17', '2015-11-17 12:20:17', 'ebecb52d-ae93-4ead-a8e1-1f74f2d8498d');
INSERT INTO `craft_structureelements` (`id`, `structureId`, `elementId`, `root`, `lft`, `rgt`, `level`, `dateCreated`, `dateUpdated`, `uid`) VALUES ('8', '3', '24', '5', '8', '9', '1', '2015-11-17 12:52:33', '2015-11-17 12:52:33', '7aec08c4-264f-42c4-8baf-a464c685f5e6');
INSERT INTO `craft_structureelements` (`id`, `structureId`, `elementId`, `root`, `lft`, `rgt`, `level`, `dateCreated`, `dateUpdated`, `uid`) VALUES ('12', '5', NULL, '12', '1', '8', '0', '2015-11-17 14:17:08', '2015-11-17 14:17:08', '0ed07330-a53e-4959-8670-022846818d0b');
INSERT INTO `craft_structureelements` (`id`, `structureId`, `elementId`, `root`, `lft`, `rgt`, `level`, `dateCreated`, `dateUpdated`, `uid`) VALUES ('13', '5', '35', '12', '2', '3', '1', '2015-11-17 14:17:08', '2015-11-17 14:17:08', '0299ba2b-8684-4cd5-afeb-866f021800a9');
INSERT INTO `craft_structureelements` (`id`, `structureId`, `elementId`, `root`, `lft`, `rgt`, `level`, `dateCreated`, `dateUpdated`, `uid`) VALUES ('14', '5', '36', '12', '4', '5', '1', '2015-11-17 14:18:00', '2015-11-17 14:18:00', 'f0412bd9-c0e0-400d-8a8c-e3360d7ce660');
INSERT INTO `craft_structureelements` (`id`, `structureId`, `elementId`, `root`, `lft`, `rgt`, `level`, `dateCreated`, `dateUpdated`, `uid`) VALUES ('15', '5', '38', '12', '6', '7', '1', '2015-11-17 14:18:50', '2015-11-17 14:18:50', '3c495809-a0f8-4e82-9553-9f3ebf617922');
INSERT INTO `craft_structureelements` (`id`, `structureId`, `elementId`, `root`, `lft`, `rgt`, `level`, `dateCreated`, `dateUpdated`, `uid`) VALUES ('16', '3', '44', '5', '16', '17', '1', '2015-11-17 17:01:56', '2015-11-17 17:01:56', '5fac922d-ae24-4cd7-9ee1-f3ffb15063dd');
INSERT INTO `craft_structureelements` (`id`, `structureId`, `elementId`, `root`, `lft`, `rgt`, `level`, `dateCreated`, `dateUpdated`, `uid`) VALUES ('17', '3', '55', '5', '14', '15', '1', '2015-11-17 18:22:08', '2015-11-17 18:22:08', 'ac896354-ae8d-4fa4-8780-51842fbdcc58');
INSERT INTO `craft_structureelements` (`id`, `structureId`, `elementId`, `root`, `lft`, `rgt`, `level`, `dateCreated`, `dateUpdated`, `uid`) VALUES ('18', '3', '59', '5', '22', '23', '1', '2015-11-17 18:39:36', '2015-11-17 18:39:36', '2d8d21a3-5a16-4143-b6c5-5e233436bb19');
INSERT INTO `craft_structureelements` (`id`, `structureId`, `elementId`, `root`, `lft`, `rgt`, `level`, `dateCreated`, `dateUpdated`, `uid`) VALUES ('19', '3', '63', '5', '20', '21', '1', '2015-11-17 18:56:23', '2015-11-17 18:56:23', 'd0271b00-9960-4355-adda-0186da20a40a');
INSERT INTO `craft_structureelements` (`id`, `structureId`, `elementId`, `root`, `lft`, `rgt`, `level`, `dateCreated`, `dateUpdated`, `uid`) VALUES ('20', '3', '66', '5', '18', '19', '1', '2015-11-17 19:12:29', '2015-11-17 19:12:29', 'd5ec7e90-a725-4917-9415-06917fc2ce69');
INSERT INTO `craft_structureelements` (`id`, `structureId`, `elementId`, `root`, `lft`, `rgt`, `level`, `dateCreated`, `dateUpdated`, `uid`) VALUES ('21', '3', '70', '5', '10', '11', '1', '2015-11-17 19:43:41', '2015-11-17 19:43:41', '3e6cbcbc-4adf-4be6-aa31-027e1cb63b21');
INSERT INTO `craft_structureelements` (`id`, `structureId`, `elementId`, `root`, `lft`, `rgt`, `level`, `dateCreated`, `dateUpdated`, `uid`) VALUES ('22', '3', '72', '5', '4', '5', '1', '2015-11-17 19:51:49', '2015-11-17 19:51:49', '8e0c3ff3-5a58-4ea3-b92d-052406a28528');
INSERT INTO `craft_structureelements` (`id`, `structureId`, `elementId`, `root`, `lft`, `rgt`, `level`, `dateCreated`, `dateUpdated`, `uid`) VALUES ('23', '3', '73', '5', '6', '7', '1', '2015-11-17 19:57:07', '2015-11-17 19:57:07', '979a6c49-5357-4fd0-be25-a66b923668d6');
INSERT INTO `craft_structureelements` (`id`, `structureId`, `elementId`, `root`, `lft`, `rgt`, `level`, `dateCreated`, `dateUpdated`, `uid`) VALUES ('24', '3', '78', '5', '12', '13', '1', '2015-11-17 20:17:48', '2015-11-17 20:17:48', '0518afbe-6ae4-456e-bf8c-fd50c8bb4256');



DROP TABLE IF EXISTS `craft_structures`;


--
-- Schema for table `craft_structures`
--
CREATE TABLE `craft_structures` (
  `id` int(11) NOT NULL AUTO_INCREMENT,
  `maxLevels` smallint(6) unsigned DEFAULT NULL,
  `dateCreated` datetime NOT NULL,
  `dateUpdated` datetime NOT NULL,
  `uid` char(36) COLLATE utf8_unicode_ci NOT NULL DEFAULT '0',
  PRIMARY KEY (`id`)
) ENGINE=InnoDB AUTO_INCREMENT=6 DEFAULT CHARSET=utf8 COLLATE=utf8_unicode_ci;

--
-- Data for table `craft_structures`
--

INSERT INTO `craft_structures` (`id`, `maxLevels`, `dateCreated`, `dateUpdated`, `uid`) VALUES ('3', NULL, '2015-11-17 11:41:27', '2015-11-17 11:41:27', '9d1c7014-092b-4ffe-9eb2-817546771332');
INSERT INTO `craft_structures` (`id`, `maxLevels`, `dateCreated`, `dateUpdated`, `uid`) VALUES ('5', NULL, '2015-11-17 14:16:15', '2015-11-17 14:16:15', 'fd306970-e1b5-4c71-8816-4ffaf574e78b');



DROP TABLE IF EXISTS `craft_systemsettings`;


--
-- Schema for table `craft_systemsettings`
--
CREATE TABLE `craft_systemsettings` (
  `id` int(11) NOT NULL AUTO_INCREMENT,
  `category` varchar(15) COLLATE utf8_unicode_ci NOT NULL,
  `settings` text COLLATE utf8_unicode_ci,
  `dateCreated` datetime NOT NULL,
  `dateUpdated` datetime NOT NULL,
  `uid` char(36) COLLATE utf8_unicode_ci NOT NULL DEFAULT '0',
  PRIMARY KEY (`id`),
  UNIQUE KEY `craft_systemsettings_category_unq_idx` (`category`)
) ENGINE=InnoDB AUTO_INCREMENT=2 DEFAULT CHARSET=utf8 COLLATE=utf8_unicode_ci;

--
-- Data for table `craft_systemsettings`
--

INSERT INTO `craft_systemsettings` (`id`, `category`, `settings`, `dateCreated`, `dateUpdated`, `uid`) VALUES ('1', 'email', '{\"protocol\":\"php\",\"emailAddress\":\"javik@live.com\",\"senderName\":\"Gbenga Biobaku & Co. (GBC)\"}', '2015-11-13 22:54:20', '2015-11-13 22:54:20', '2bb5e0ac-be92-431f-a97e-8a97bf6b12ea');



DROP TABLE IF EXISTS `craft_taggroups`;


--
-- Schema for table `craft_taggroups`
--
CREATE TABLE `craft_taggroups` (
  `id` int(11) NOT NULL AUTO_INCREMENT,
  `name` varchar(255) COLLATE utf8_unicode_ci NOT NULL,
  `handle` varchar(255) COLLATE utf8_unicode_ci NOT NULL,
  `fieldLayoutId` int(10) DEFAULT NULL,
  `dateCreated` datetime NOT NULL,
  `dateUpdated` datetime NOT NULL,
  `uid` char(36) COLLATE utf8_unicode_ci NOT NULL DEFAULT '0',
  PRIMARY KEY (`id`),
  UNIQUE KEY `craft_taggroups_name_unq_idx` (`name`),
  UNIQUE KEY `craft_taggroups_handle_unq_idx` (`handle`),
  KEY `craft_taggroups_fieldLayoutId_fk` (`fieldLayoutId`)
) ENGINE=InnoDB AUTO_INCREMENT=2 DEFAULT CHARSET=utf8 COLLATE=utf8_unicode_ci;

--
-- Data for table `craft_taggroups`
--

INSERT INTO `craft_taggroups` (`id`, `name`, `handle`, `fieldLayoutId`, `dateCreated`, `dateUpdated`, `uid`) VALUES ('1', 'Default', 'default', '1', '2015-11-13 22:54:20', '2015-11-13 22:54:20', '1d15cb29-b537-461c-a53b-2d4ea264a52d');



DROP TABLE IF EXISTS `craft_tags`;


--
-- Schema for table `craft_tags`
--
CREATE TABLE `craft_tags` (
  `id` int(11) NOT NULL,
  `groupId` int(11) NOT NULL,
  `dateCreated` datetime NOT NULL,
  `dateUpdated` datetime NOT NULL,
  `uid` char(36) COLLATE utf8_unicode_ci NOT NULL DEFAULT '0',
  PRIMARY KEY (`id`),
  KEY `craft_tags_groupId_fk` (`groupId`)
) ENGINE=InnoDB DEFAULT CHARSET=utf8 COLLATE=utf8_unicode_ci;

--
-- Data for table `craft_tags`
--

INSERT INTO `craft_tags` (`id`, `groupId`, `dateCreated`, `dateUpdated`, `uid`) VALUES ('45', '1', '2015-11-17 17:27:46', '2015-11-17 17:28:19', '256527f5-cb86-4a79-b16f-edc5751a12d3');
INSERT INTO `craft_tags` (`id`, `groupId`, `dateCreated`, `dateUpdated`, `uid`) VALUES ('46', '1', '2015-11-17 17:27:53', '2015-11-17 17:28:26', '2f533e7a-b810-498d-a4f4-1e7c723d55a1');
INSERT INTO `craft_tags` (`id`, `groupId`, `dateCreated`, `dateUpdated`, `uid`) VALUES ('47', '1', '2015-11-17 17:30:45', '2015-11-17 17:30:45', 'e4c06744-a1f1-4255-9748-d17aaf19d4e6');
INSERT INTO `craft_tags` (`id`, `groupId`, `dateCreated`, `dateUpdated`, `uid`) VALUES ('48', '1', '2015-11-17 17:30:51', '2015-11-17 17:30:51', '0f7d5eb7-2d52-416f-968b-fc933624a2b5');
INSERT INTO `craft_tags` (`id`, `groupId`, `dateCreated`, `dateUpdated`, `uid`) VALUES ('49', '1', '2015-11-17 17:30:56', '2015-11-17 17:30:56', 'be50a12a-d1f7-496b-b468-24f77c0049c3');



DROP TABLE IF EXISTS `craft_tasks`;


--
-- Schema for table `craft_tasks`
--
CREATE TABLE `craft_tasks` (
  `id` int(11) NOT NULL AUTO_INCREMENT,
  `root` int(11) unsigned DEFAULT NULL,
  `lft` int(11) unsigned NOT NULL,
  `rgt` int(11) unsigned NOT NULL,
  `level` smallint(6) unsigned NOT NULL,
  `currentStep` int(11) unsigned DEFAULT NULL,
  `totalSteps` int(11) unsigned DEFAULT NULL,
  `status` enum('pending','error','running') COLLATE utf8_unicode_ci DEFAULT NULL,
  `type` varchar(150) COLLATE utf8_unicode_ci NOT NULL,
  `description` varchar(255) COLLATE utf8_unicode_ci DEFAULT NULL,
  `settings` text COLLATE utf8_unicode_ci,
  `dateCreated` datetime NOT NULL,
  `dateUpdated` datetime NOT NULL,
  `uid` char(36) COLLATE utf8_unicode_ci NOT NULL DEFAULT '0',
  PRIMARY KEY (`id`),
  KEY `craft_tasks_root_idx` (`root`),
  KEY `craft_tasks_lft_idx` (`lft`),
  KEY `craft_tasks_rgt_idx` (`rgt`),
  KEY `craft_tasks_level_idx` (`level`)
) ENGINE=InnoDB AUTO_INCREMENT=2 DEFAULT CHARSET=utf8 COLLATE=utf8_unicode_ci;

DROP TABLE IF EXISTS `craft_templatecachecriteria`;


--
-- Schema for table `craft_templatecachecriteria`
--
CREATE TABLE `craft_templatecachecriteria` (
  `id` int(11) NOT NULL AUTO_INCREMENT,
  `cacheId` int(11) NOT NULL,
  `type` varchar(150) COLLATE utf8_unicode_ci NOT NULL,
  `criteria` text COLLATE utf8_unicode_ci NOT NULL,
  PRIMARY KEY (`id`),
  KEY `craft_templatecachecriteria_cacheId_fk` (`cacheId`),
  KEY `craft_templatecachecriteria_type_idx` (`type`)
) ENGINE=InnoDB DEFAULT CHARSET=utf8 COLLATE=utf8_unicode_ci;

DROP TABLE IF EXISTS `craft_templatecacheelements`;


--
-- Schema for table `craft_templatecacheelements`
--
CREATE TABLE `craft_templatecacheelements` (
  `cacheId` int(11) NOT NULL,
  `elementId` int(11) NOT NULL,
  KEY `craft_templatecacheelements_cacheId_fk` (`cacheId`),
  KEY `craft_templatecacheelements_elementId_fk` (`elementId`)
) ENGINE=InnoDB DEFAULT CHARSET=utf8 COLLATE=utf8_unicode_ci;

DROP TABLE IF EXISTS `craft_templatecaches`;


--
-- Schema for table `craft_templatecaches`
--
CREATE TABLE `craft_templatecaches` (
  `id` int(11) NOT NULL AUTO_INCREMENT,
  `cacheKey` varchar(255) COLLATE utf8_unicode_ci NOT NULL,
  `locale` char(12) COLLATE utf8_unicode_ci NOT NULL,
  `path` varchar(255) COLLATE utf8_unicode_ci DEFAULT NULL,
  `expiryDate` datetime NOT NULL,
  `body` mediumtext COLLATE utf8_unicode_ci NOT NULL,
  PRIMARY KEY (`id`),
  KEY `craft_templatecaches_expiryDate_cacheKey_locale_path_idx` (`expiryDate`,`cacheKey`,`locale`,`path`),
  KEY `craft_templatecaches_locale_fk` (`locale`)
) ENGINE=InnoDB DEFAULT CHARSET=utf8 COLLATE=utf8_unicode_ci;

DROP TABLE IF EXISTS `craft_tokens`;


--
-- Schema for table `craft_tokens`
--
CREATE TABLE `craft_tokens` (
  `id` int(11) NOT NULL AUTO_INCREMENT,
  `token` char(32) COLLATE utf8_unicode_ci NOT NULL,
  `route` text COLLATE utf8_unicode_ci,
  `usageLimit` tinyint(3) unsigned DEFAULT NULL,
  `usageCount` tinyint(3) unsigned DEFAULT NULL,
  `expiryDate` datetime NOT NULL,
  `dateCreated` datetime NOT NULL,
  `dateUpdated` datetime NOT NULL,
  `uid` char(36) COLLATE utf8_unicode_ci NOT NULL DEFAULT '0',
  PRIMARY KEY (`id`),
  UNIQUE KEY `craft_tokens_token_unq_idx` (`token`),
  KEY `craft_tokens_expiryDate_idx` (`expiryDate`)
) ENGINE=InnoDB DEFAULT CHARSET=utf8 COLLATE=utf8_unicode_ci;

DROP TABLE IF EXISTS `craft_usergroups`;


--
-- Schema for table `craft_usergroups`
--
CREATE TABLE `craft_usergroups` (
  `id` int(11) NOT NULL AUTO_INCREMENT,
  `name` varchar(255) COLLATE utf8_unicode_ci NOT NULL,
  `handle` varchar(255) COLLATE utf8_unicode_ci NOT NULL,
  `dateCreated` datetime NOT NULL,
  `dateUpdated` datetime NOT NULL,
  `uid` char(36) COLLATE utf8_unicode_ci NOT NULL DEFAULT '0',
  PRIMARY KEY (`id`)
) ENGINE=InnoDB DEFAULT CHARSET=utf8 COLLATE=utf8_unicode_ci;

DROP TABLE IF EXISTS `craft_usergroups_users`;


--
-- Schema for table `craft_usergroups_users`
--
CREATE TABLE `craft_usergroups_users` (
  `id` int(11) NOT NULL AUTO_INCREMENT,
  `groupId` int(11) NOT NULL,
  `userId` int(11) NOT NULL,
  `dateCreated` datetime NOT NULL,
  `dateUpdated` datetime NOT NULL,
  `uid` char(36) COLLATE utf8_unicode_ci NOT NULL DEFAULT '0',
  PRIMARY KEY (`id`),
  UNIQUE KEY `craft_usergroups_users_groupId_userId_unq_idx` (`groupId`,`userId`),
  KEY `craft_usergroups_users_userId_fk` (`userId`)
) ENGINE=InnoDB DEFAULT CHARSET=utf8 COLLATE=utf8_unicode_ci;

DROP TABLE IF EXISTS `craft_userpermissions`;


--
-- Schema for table `craft_userpermissions`
--
CREATE TABLE `craft_userpermissions` (
  `id` int(11) NOT NULL AUTO_INCREMENT,
  `name` varchar(255) COLLATE utf8_unicode_ci NOT NULL,
  `dateCreated` datetime NOT NULL,
  `dateUpdated` datetime NOT NULL,
  `uid` char(36) COLLATE utf8_unicode_ci NOT NULL DEFAULT '0',
  PRIMARY KEY (`id`),
  UNIQUE KEY `craft_userpermissions_name_unq_idx` (`name`)
) ENGINE=InnoDB DEFAULT CHARSET=utf8 COLLATE=utf8_unicode_ci;

DROP TABLE IF EXISTS `craft_userpermissions_usergroups`;


--
-- Schema for table `craft_userpermissions_usergroups`
--
CREATE TABLE `craft_userpermissions_usergroups` (
  `id` int(11) NOT NULL AUTO_INCREMENT,
  `permissionId` int(11) NOT NULL,
  `groupId` int(11) NOT NULL,
  `dateCreated` datetime NOT NULL,
  `dateUpdated` datetime NOT NULL,
  `uid` char(36) COLLATE utf8_unicode_ci NOT NULL DEFAULT '0',
  PRIMARY KEY (`id`),
  UNIQUE KEY `craft_userpermissions_usergroups_permissionId_groupId_unq_idx` (`permissionId`,`groupId`),
  KEY `craft_userpermissions_usergroups_groupId_fk` (`groupId`)
) ENGINE=InnoDB DEFAULT CHARSET=utf8 COLLATE=utf8_unicode_ci;

DROP TABLE IF EXISTS `craft_userpermissions_users`;


--
-- Schema for table `craft_userpermissions_users`
--
CREATE TABLE `craft_userpermissions_users` (
  `id` int(11) NOT NULL AUTO_INCREMENT,
  `permissionId` int(11) NOT NULL,
  `userId` int(11) NOT NULL,
  `dateCreated` datetime NOT NULL,
  `dateUpdated` datetime NOT NULL,
  `uid` char(36) COLLATE utf8_unicode_ci NOT NULL DEFAULT '0',
  PRIMARY KEY (`id`),
  UNIQUE KEY `craft_userpermissions_users_permissionId_userId_unq_idx` (`permissionId`,`userId`),
  KEY `craft_userpermissions_users_userId_fk` (`userId`)
) ENGINE=InnoDB DEFAULT CHARSET=utf8 COLLATE=utf8_unicode_ci;

DROP TABLE IF EXISTS `craft_users`;


--
-- Schema for table `craft_users`
--
CREATE TABLE `craft_users` (
  `id` int(11) NOT NULL,
  `username` varchar(100) COLLATE utf8_unicode_ci NOT NULL,
  `photo` varchar(100) COLLATE utf8_unicode_ci DEFAULT NULL,
  `firstName` varchar(100) COLLATE utf8_unicode_ci DEFAULT NULL,
  `lastName` varchar(100) COLLATE utf8_unicode_ci DEFAULT NULL,
  `email` varchar(255) COLLATE utf8_unicode_ci NOT NULL,
  `password` char(255) COLLATE utf8_unicode_ci DEFAULT NULL,
  `preferredLocale` char(12) COLLATE utf8_unicode_ci DEFAULT NULL,
  `weekStartDay` tinyint(1) unsigned NOT NULL DEFAULT '0',
  `admin` tinyint(1) unsigned NOT NULL DEFAULT '0',
  `client` tinyint(1) unsigned NOT NULL DEFAULT '0',
  `locked` tinyint(1) unsigned NOT NULL DEFAULT '0',
  `suspended` tinyint(1) unsigned NOT NULL DEFAULT '0',
  `pending` tinyint(1) unsigned NOT NULL DEFAULT '0',
  `archived` tinyint(1) unsigned NOT NULL DEFAULT '0',
  `lastLoginDate` datetime DEFAULT NULL,
  `lastLoginAttemptIPAddress` varchar(45) COLLATE utf8_unicode_ci DEFAULT NULL,
  `invalidLoginWindowStart` datetime DEFAULT NULL,
  `invalidLoginCount` tinyint(4) unsigned DEFAULT NULL,
  `lastInvalidLoginDate` datetime DEFAULT NULL,
  `lockoutDate` datetime DEFAULT NULL,
  `verificationCode` char(100) COLLATE utf8_unicode_ci DEFAULT NULL,
  `verificationCodeIssuedDate` datetime DEFAULT NULL,
  `unverifiedEmail` varchar(255) COLLATE utf8_unicode_ci DEFAULT NULL,
  `passwordResetRequired` tinyint(1) unsigned NOT NULL DEFAULT '0',
  `lastPasswordChangeDate` datetime DEFAULT NULL,
  `dateCreated` datetime NOT NULL,
  `dateUpdated` datetime NOT NULL,
  `uid` char(36) COLLATE utf8_unicode_ci NOT NULL DEFAULT '0',
  PRIMARY KEY (`id`),
  UNIQUE KEY `craft_users_username_unq_idx` (`username`),
  UNIQUE KEY `craft_users_email_unq_idx` (`email`),
  KEY `craft_users_verificationCode_idx` (`verificationCode`),
  KEY `craft_users_uid_idx` (`uid`),
  KEY `craft_users_preferredLocale_fk` (`preferredLocale`)
) ENGINE=InnoDB DEFAULT CHARSET=utf8 COLLATE=utf8_unicode_ci;

--
-- Data for table `craft_users`
--

INSERT INTO `craft_users` (`id`, `username`, `photo`, `firstName`, `lastName`, `email`, `password`, `preferredLocale`, `weekStartDay`, `admin`, `client`, `locked`, `suspended`, `pending`, `archived`, `lastLoginDate`, `lastLoginAttemptIPAddress`, `invalidLoginWindowStart`, `invalidLoginCount`, `lastInvalidLoginDate`, `lockoutDate`, `verificationCode`, `verificationCodeIssuedDate`, `unverifiedEmail`, `passwordResetRequired`, `lastPasswordChangeDate`, `dateCreated`, `dateUpdated`, `uid`) VALUES ('1', 'gbc-law', NULL, NULL, NULL, 'javik@live.com', '$2y$13$/aIqZ3IAU3.e9jbT8yfsCeXysWw1HXi.BD1fvdF0mx8z2CvEBFTBa', NULL, '0', '1', '0', '0', '0', '0', '0', '2015-11-19 23:15:23', '::1', NULL, NULL, '2015-11-19 23:15:17', NULL, NULL, NULL, NULL, '0', '2015-11-13 22:54:17', '2015-11-13 22:54:17', '2015-11-19 23:15:23', '2d59969d-94b6-4610-b719-7a00e0ecb0bc');



DROP TABLE IF EXISTS `craft_widgets`;


--
-- Schema for table `craft_widgets`
--
CREATE TABLE `craft_widgets` (
  `id` int(11) NOT NULL AUTO_INCREMENT,
  `userId` int(11) NOT NULL,
  `type` varchar(150) COLLATE utf8_unicode_ci NOT NULL,
  `sortOrder` tinyint(4) DEFAULT NULL,
  `colspan` tinyint(4) unsigned DEFAULT NULL,
  `settings` text COLLATE utf8_unicode_ci,
  `enabled` tinyint(1) unsigned NOT NULL DEFAULT '1',
  `dateCreated` datetime NOT NULL,
  `dateUpdated` datetime NOT NULL,
  `uid` char(36) COLLATE utf8_unicode_ci NOT NULL DEFAULT '0',
  PRIMARY KEY (`id`),
  KEY `craft_widgets_userId_fk` (`userId`)
) ENGINE=InnoDB AUTO_INCREMENT=7 DEFAULT CHARSET=utf8 COLLATE=utf8_unicode_ci;

--
-- Data for table `craft_widgets`
--

INSERT INTO `craft_widgets` (`id`, `userId`, `type`, `sortOrder`, `colspan`, `settings`, `enabled`, `dateCreated`, `dateUpdated`, `uid`) VALUES ('1', '1', 'RecentEntries', '1', NULL, NULL, '1', '2015-11-13 22:54:26', '2015-11-13 22:54:26', 'd90dbe2c-9bd6-4f8a-94e4-9a5c996da85a');
INSERT INTO `craft_widgets` (`id`, `userId`, `type`, `sortOrder`, `colspan`, `settings`, `enabled`, `dateCreated`, `dateUpdated`, `uid`) VALUES ('2', '1', 'GetHelp', '2', NULL, NULL, '1', '2015-11-13 22:54:26', '2015-11-13 22:54:26', '558d1083-9f2d-4e7d-afad-170d6882316f');
INSERT INTO `craft_widgets` (`id`, `userId`, `type`, `sortOrder`, `colspan`, `settings`, `enabled`, `dateCreated`, `dateUpdated`, `uid`) VALUES ('3', '1', 'Updates', '3', NULL, NULL, '1', '2015-11-13 22:54:26', '2015-11-13 22:54:26', '9a22bca8-9445-45cb-b44d-7ef8e9bcf3ae');
INSERT INTO `craft_widgets` (`id`, `userId`, `type`, `sortOrder`, `colspan`, `settings`, `enabled`, `dateCreated`, `dateUpdated`, `uid`) VALUES ('4', '1', 'Feed', '4', NULL, '{\"url\":\"http:\\/\\/feeds.feedburner.com\\/blogandtonic\",\"title\":\"Blog & Tonic\"}', '1', '2015-11-13 22:54:26', '2015-11-13 22:54:26', '37bdb693-6e2a-41fa-b8d6-d99b229323f0');
INSERT INTO `craft_widgets` (`id`, `userId`, `type`, `sortOrder`, `colspan`, `settings`, `enabled`, `dateCreated`, `dateUpdated`, `uid`) VALUES ('5', '1', 'QuickPost', '5', NULL, '{\"section\":\"2\",\"entryType\":\"\"}', '1', '2015-11-13 22:54:39', '2015-11-13 22:54:39', 'facb2818-b2d5-4573-a67b-868d670bd2c1');
INSERT INTO `craft_widgets` (`id`, `userId`, `type`, `sortOrder`, `colspan`, `settings`, `enabled`, `dateCreated`, `dateUpdated`, `uid`) VALUES ('6', '1', 'RecentEntries', '6', NULL, '{\"limit\":\"10\"}', '1', '2015-11-13 22:54:51', '2015-11-13 22:54:51', '6faaaf2e-6cc9-4259-8d19-cd3c314d097a');


--
-- Constraints for tables
--


--
-- Constraints for table `craft_assetfiles`
--
ALTER TABLE `craft_assetfiles`
	ADD CONSTRAINT `craft_assetfiles_folderId_fk` FOREIGN KEY (`folderId`) REFERENCES `craft_assetfolders` (`id`) ON DELETE CASCADE,
	ADD CONSTRAINT `craft_assetfiles_id_fk` FOREIGN KEY (`id`) REFERENCES `craft_elements` (`id`) ON DELETE CASCADE,
	ADD CONSTRAINT `craft_assetfiles_sourceId_fk` FOREIGN KEY (`sourceId`) REFERENCES `craft_assetsources` (`id`) ON DELETE CASCADE;

--
-- Constraints for table `craft_assetfolders`
--
ALTER TABLE `craft_assetfolders`
	ADD CONSTRAINT `craft_assetfolders_parentId_fk` FOREIGN KEY (`parentId`) REFERENCES `craft_assetfolders` (`id`) ON DELETE CASCADE,
	ADD CONSTRAINT `craft_assetfolders_sourceId_fk` FOREIGN KEY (`sourceId`) REFERENCES `craft_assetsources` (`id`) ON DELETE CASCADE;

--
-- Constraints for table `craft_assetindexdata`
--
ALTER TABLE `craft_assetindexdata`
	ADD CONSTRAINT `craft_assetindexdata_sourceId_fk` FOREIGN KEY (`sourceId`) REFERENCES `craft_assetsources` (`id`) ON DELETE CASCADE;

--
-- Constraints for table `craft_assetsources`
--
ALTER TABLE `craft_assetsources`
	ADD CONSTRAINT `craft_assetsources_fieldLayoutId_fk` FOREIGN KEY (`fieldLayoutId`) REFERENCES `craft_fieldlayouts` (`id`) ON DELETE SET NULL;

--
-- Constraints for table `craft_categories`
--
ALTER TABLE `craft_categories`
	ADD CONSTRAINT `craft_categories_groupId_fk` FOREIGN KEY (`groupId`) REFERENCES `craft_categorygroups` (`id`) ON DELETE CASCADE,
	ADD CONSTRAINT `craft_categories_id_fk` FOREIGN KEY (`id`) REFERENCES `craft_elements` (`id`) ON DELETE CASCADE;

--
-- Constraints for table `craft_categorygroups`
--
ALTER TABLE `craft_categorygroups`
	ADD CONSTRAINT `craft_categorygroups_fieldLayoutId_fk` FOREIGN KEY (`fieldLayoutId`) REFERENCES `craft_fieldlayouts` (`id`) ON DELETE SET NULL,
	ADD CONSTRAINT `craft_categorygroups_structureId_fk` FOREIGN KEY (`structureId`) REFERENCES `craft_structures` (`id`) ON DELETE CASCADE;

--
-- Constraints for table `craft_categorygroups_i18n`
--
ALTER TABLE `craft_categorygroups_i18n`
	ADD CONSTRAINT `craft_categorygroups_i18n_groupId_fk` FOREIGN KEY (`groupId`) REFERENCES `craft_categorygroups` (`id`) ON DELETE CASCADE,
	ADD CONSTRAINT `craft_categorygroups_i18n_locale_fk` FOREIGN KEY (`locale`) REFERENCES `craft_locales` (`locale`) ON DELETE CASCADE ON UPDATE CASCADE;

--
-- Constraints for table `craft_content`
--
ALTER TABLE `craft_content`
	ADD CONSTRAINT `craft_content_elementId_fk` FOREIGN KEY (`elementId`) REFERENCES `craft_elements` (`id`) ON DELETE CASCADE,
	ADD CONSTRAINT `craft_content_locale_fk` FOREIGN KEY (`locale`) REFERENCES `craft_locales` (`locale`) ON DELETE CASCADE ON UPDATE CASCADE;

--
-- Constraints for table `craft_elements_i18n`
--
ALTER TABLE `craft_elements_i18n`
	ADD CONSTRAINT `craft_elements_i18n_elementId_fk` FOREIGN KEY (`elementId`) REFERENCES `craft_elements` (`id`) ON DELETE CASCADE,
	ADD CONSTRAINT `craft_elements_i18n_locale_fk` FOREIGN KEY (`locale`) REFERENCES `craft_locales` (`locale`) ON DELETE CASCADE ON UPDATE CASCADE;

--
-- Constraints for table `craft_emailmessages`
--
ALTER TABLE `craft_emailmessages`
	ADD CONSTRAINT `craft_emailmessages_locale_fk` FOREIGN KEY (`locale`) REFERENCES `craft_locales` (`locale`) ON DELETE CASCADE ON UPDATE CASCADE;

--
-- Constraints for table `craft_entries`
--
ALTER TABLE `craft_entries`
	ADD CONSTRAINT `craft_entries_authorId_fk` FOREIGN KEY (`authorId`) REFERENCES `craft_users` (`id`) ON DELETE CASCADE,
	ADD CONSTRAINT `craft_entries_id_fk` FOREIGN KEY (`id`) REFERENCES `craft_elements` (`id`) ON DELETE CASCADE,
	ADD CONSTRAINT `craft_entries_sectionId_fk` FOREIGN KEY (`sectionId`) REFERENCES `craft_sections` (`id`) ON DELETE CASCADE,
	ADD CONSTRAINT `craft_entries_typeId_fk` FOREIGN KEY (`typeId`) REFERENCES `craft_entrytypes` (`id`) ON DELETE CASCADE;

--
-- Constraints for table `craft_entrydrafts`
--
ALTER TABLE `craft_entrydrafts`
	ADD CONSTRAINT `craft_entrydrafts_creatorId_fk` FOREIGN KEY (`creatorId`) REFERENCES `craft_users` (`id`) ON DELETE CASCADE,
	ADD CONSTRAINT `craft_entrydrafts_entryId_fk` FOREIGN KEY (`entryId`) REFERENCES `craft_entries` (`id`) ON DELETE CASCADE,
	ADD CONSTRAINT `craft_entrydrafts_locale_fk` FOREIGN KEY (`locale`) REFERENCES `craft_locales` (`locale`) ON DELETE CASCADE ON UPDATE CASCADE,
	ADD CONSTRAINT `craft_entrydrafts_sectionId_fk` FOREIGN KEY (`sectionId`) REFERENCES `craft_sections` (`id`) ON DELETE CASCADE;

--
-- Constraints for table `craft_entrytypes`
--
ALTER TABLE `craft_entrytypes`
	ADD CONSTRAINT `craft_entrytypes_fieldLayoutId_fk` FOREIGN KEY (`fieldLayoutId`) REFERENCES `craft_fieldlayouts` (`id`) ON DELETE SET NULL,
	ADD CONSTRAINT `craft_entrytypes_sectionId_fk` FOREIGN KEY (`sectionId`) REFERENCES `craft_sections` (`id`) ON DELETE CASCADE;

--
-- Constraints for table `craft_entryversions`
--
ALTER TABLE `craft_entryversions`
	ADD CONSTRAINT `craft_entryversions_creatorId_fk` FOREIGN KEY (`creatorId`) REFERENCES `craft_users` (`id`) ON DELETE SET NULL,
	ADD CONSTRAINT `craft_entryversions_entryId_fk` FOREIGN KEY (`entryId`) REFERENCES `craft_entries` (`id`) ON DELETE CASCADE,
	ADD CONSTRAINT `craft_entryversions_locale_fk` FOREIGN KEY (`locale`) REFERENCES `craft_locales` (`locale`) ON DELETE CASCADE ON UPDATE CASCADE,
	ADD CONSTRAINT `craft_entryversions_sectionId_fk` FOREIGN KEY (`sectionId`) REFERENCES `craft_sections` (`id`) ON DELETE CASCADE;

--
-- Constraints for table `craft_fieldlayoutfields`
--
ALTER TABLE `craft_fieldlayoutfields`
	ADD CONSTRAINT `craft_fieldlayoutfields_fieldId_fk` FOREIGN KEY (`fieldId`) REFERENCES `craft_fields` (`id`) ON DELETE CASCADE,
	ADD CONSTRAINT `craft_fieldlayoutfields_layoutId_fk` FOREIGN KEY (`layoutId`) REFERENCES `craft_fieldlayouts` (`id`) ON DELETE CASCADE,
	ADD CONSTRAINT `craft_fieldlayoutfields_tabId_fk` FOREIGN KEY (`tabId`) REFERENCES `craft_fieldlayouttabs` (`id`) ON DELETE CASCADE;

--
-- Constraints for table `craft_fieldlayouttabs`
--
ALTER TABLE `craft_fieldlayouttabs`
	ADD CONSTRAINT `craft_fieldlayouttabs_layoutId_fk` FOREIGN KEY (`layoutId`) REFERENCES `craft_fieldlayouts` (`id`) ON DELETE CASCADE;

--
-- Constraints for table `craft_fields`
--
ALTER TABLE `craft_fields`
	ADD CONSTRAINT `craft_fields_groupId_fk` FOREIGN KEY (`groupId`) REFERENCES `craft_fieldgroups` (`id`) ON DELETE CASCADE;

--
-- Constraints for table `craft_globalsets`
--
ALTER TABLE `craft_globalsets`
	ADD CONSTRAINT `craft_globalsets_fieldLayoutId_fk` FOREIGN KEY (`fieldLayoutId`) REFERENCES `craft_fieldlayouts` (`id`) ON DELETE SET NULL,
	ADD CONSTRAINT `craft_globalsets_id_fk` FOREIGN KEY (`id`) REFERENCES `craft_elements` (`id`) ON DELETE CASCADE;

--
-- Constraints for table `craft_matrixblocks`
--
ALTER TABLE `craft_matrixblocks`
	ADD CONSTRAINT `craft_matrixblocks_fieldId_fk` FOREIGN KEY (`fieldId`) REFERENCES `craft_fields` (`id`) ON DELETE CASCADE,
	ADD CONSTRAINT `craft_matrixblocks_id_fk` FOREIGN KEY (`id`) REFERENCES `craft_elements` (`id`) ON DELETE CASCADE,
	ADD CONSTRAINT `craft_matrixblocks_ownerId_fk` FOREIGN KEY (`ownerId`) REFERENCES `craft_elements` (`id`) ON DELETE CASCADE,
	ADD CONSTRAINT `craft_matrixblocks_ownerLocale_fk` FOREIGN KEY (`ownerLocale`) REFERENCES `craft_locales` (`locale`) ON DELETE CASCADE ON UPDATE CASCADE,
	ADD CONSTRAINT `craft_matrixblocks_typeId_fk` FOREIGN KEY (`typeId`) REFERENCES `craft_matrixblocktypes` (`id`) ON DELETE CASCADE;

--
-- Constraints for table `craft_matrixblocktypes`
--
ALTER TABLE `craft_matrixblocktypes`
	ADD CONSTRAINT `craft_matrixblocktypes_fieldId_fk` FOREIGN KEY (`fieldId`) REFERENCES `craft_fields` (`id`) ON DELETE CASCADE,
	ADD CONSTRAINT `craft_matrixblocktypes_fieldLayoutId_fk` FOREIGN KEY (`fieldLayoutId`) REFERENCES `craft_fieldlayouts` (`id`) ON DELETE SET NULL;

--
-- Constraints for table `craft_matrixcontent_clients`
--
ALTER TABLE `craft_matrixcontent_clients`
	ADD CONSTRAINT `craft_matrixcontent_clients_elementId_fk` FOREIGN KEY (`elementId`) REFERENCES `craft_elements` (`id`) ON DELETE CASCADE,
	ADD CONSTRAINT `craft_matrixcontent_clients_locale_fk` FOREIGN KEY (`locale`) REFERENCES `craft_locales` (`locale`) ON DELETE CASCADE ON UPDATE CASCADE;

--
-- Constraints for table `craft_matrixcontent_ex`
--
ALTER TABLE `craft_matrixcontent_ex`
	ADD CONSTRAINT `craft_matrixcontent_ex_elementId_fk` FOREIGN KEY (`elementId`) REFERENCES `craft_elements` (`id`) ON DELETE CASCADE,
	ADD CONSTRAINT `craft_matrixcontent_ex_locale_fk` FOREIGN KEY (`locale`) REFERENCES `craft_locales` (`locale`) ON DELETE CASCADE ON UPDATE CASCADE;

--
-- Constraints for table `craft_migrations`
--
ALTER TABLE `craft_migrations`
	ADD CONSTRAINT `craft_migrations_pluginId_fk` FOREIGN KEY (`pluginId`) REFERENCES `craft_plugins` (`id`) ON DELETE CASCADE;

--
-- Constraints for table `craft_relations`
--
ALTER TABLE `craft_relations`
	ADD CONSTRAINT `craft_relations_fieldId_fk` FOREIGN KEY (`fieldId`) REFERENCES `craft_fields` (`id`) ON DELETE CASCADE,
	ADD CONSTRAINT `craft_relations_sourceId_fk` FOREIGN KEY (`sourceId`) REFERENCES `craft_elements` (`id`) ON DELETE CASCADE,
	ADD CONSTRAINT `craft_relations_sourceLocale_fk` FOREIGN KEY (`sourceLocale`) REFERENCES `craft_locales` (`locale`) ON DELETE CASCADE ON UPDATE CASCADE,
	ADD CONSTRAINT `craft_relations_targetId_fk` FOREIGN KEY (`targetId`) REFERENCES `craft_elements` (`id`) ON DELETE CASCADE;

--
-- Constraints for table `craft_routes`
--
ALTER TABLE `craft_routes`
	ADD CONSTRAINT `craft_routes_locale_fk` FOREIGN KEY (`locale`) REFERENCES `craft_locales` (`locale`) ON DELETE CASCADE ON UPDATE CASCADE;

--
-- Constraints for table `craft_sections`
--
ALTER TABLE `craft_sections`
	ADD CONSTRAINT `craft_sections_structureId_fk` FOREIGN KEY (`structureId`) REFERENCES `craft_structures` (`id`) ON DELETE SET NULL;

--
-- Constraints for table `craft_sections_i18n`
--
ALTER TABLE `craft_sections_i18n`
	ADD CONSTRAINT `craft_sections_i18n_locale_fk` FOREIGN KEY (`locale`) REFERENCES `craft_locales` (`locale`) ON DELETE CASCADE ON UPDATE CASCADE,
	ADD CONSTRAINT `craft_sections_i18n_sectionId_fk` FOREIGN KEY (`sectionId`) REFERENCES `craft_sections` (`id`) ON DELETE CASCADE;

--
-- Constraints for table `craft_sessions`
--
ALTER TABLE `craft_sessions`
	ADD CONSTRAINT `craft_sessions_userId_fk` FOREIGN KEY (`userId`) REFERENCES `craft_users` (`id`) ON DELETE CASCADE;

--
-- Constraints for table `craft_shunnedmessages`
--
ALTER TABLE `craft_shunnedmessages`
	ADD CONSTRAINT `craft_shunnedmessages_userId_fk` FOREIGN KEY (`userId`) REFERENCES `craft_users` (`id`) ON DELETE CASCADE;

--
-- Constraints for table `craft_structureelements`
--
ALTER TABLE `craft_structureelements`
	ADD CONSTRAINT `craft_structureelements_elementId_fk` FOREIGN KEY (`elementId`) REFERENCES `craft_elements` (`id`) ON DELETE CASCADE,
	ADD CONSTRAINT `craft_structureelements_structureId_fk` FOREIGN KEY (`structureId`) REFERENCES `craft_structures` (`id`) ON DELETE CASCADE;

--
-- Constraints for table `craft_taggroups`
--
ALTER TABLE `craft_taggroups`
	ADD CONSTRAINT `craft_taggroups_fieldLayoutId_fk` FOREIGN KEY (`fieldLayoutId`) REFERENCES `craft_fieldlayouts` (`id`) ON DELETE SET NULL;

--
-- Constraints for table `craft_tags`
--
ALTER TABLE `craft_tags`
	ADD CONSTRAINT `craft_tags_groupId_fk` FOREIGN KEY (`groupId`) REFERENCES `craft_taggroups` (`id`) ON DELETE CASCADE,
	ADD CONSTRAINT `craft_tags_id_fk` FOREIGN KEY (`id`) REFERENCES `craft_elements` (`id`) ON DELETE CASCADE;

--
-- Constraints for table `craft_templatecachecriteria`
--
ALTER TABLE `craft_templatecachecriteria`
	ADD CONSTRAINT `craft_templatecachecriteria_cacheId_fk` FOREIGN KEY (`cacheId`) REFERENCES `craft_templatecaches` (`id`) ON DELETE CASCADE;

--
-- Constraints for table `craft_templatecacheelements`
--
ALTER TABLE `craft_templatecacheelements`
	ADD CONSTRAINT `craft_templatecacheelements_cacheId_fk` FOREIGN KEY (`cacheId`) REFERENCES `craft_templatecaches` (`id`) ON DELETE CASCADE,
	ADD CONSTRAINT `craft_templatecacheelements_elementId_fk` FOREIGN KEY (`elementId`) REFERENCES `craft_elements` (`id`) ON DELETE CASCADE;

--
-- Constraints for table `craft_templatecaches`
--
ALTER TABLE `craft_templatecaches`
	ADD CONSTRAINT `craft_templatecaches_locale_fk` FOREIGN KEY (`locale`) REFERENCES `craft_locales` (`locale`) ON DELETE CASCADE ON UPDATE CASCADE;

--
-- Constraints for table `craft_usergroups_users`
--
ALTER TABLE `craft_usergroups_users`
	ADD CONSTRAINT `craft_usergroups_users_groupId_fk` FOREIGN KEY (`groupId`) REFERENCES `craft_usergroups` (`id`) ON DELETE CASCADE,
	ADD CONSTRAINT `craft_usergroups_users_userId_fk` FOREIGN KEY (`userId`) REFERENCES `craft_users` (`id`) ON DELETE CASCADE;

--
-- Constraints for table `craft_userpermissions_usergroups`
--
ALTER TABLE `craft_userpermissions_usergroups`
	ADD CONSTRAINT `craft_userpermissions_usergroups_groupId_fk` FOREIGN KEY (`groupId`) REFERENCES `craft_usergroups` (`id`) ON DELETE CASCADE,
	ADD CONSTRAINT `craft_userpermissions_usergroups_permissionId_fk` FOREIGN KEY (`permissionId`) REFERENCES `craft_userpermissions` (`id`) ON DELETE CASCADE;

--
-- Constraints for table `craft_userpermissions_users`
--
ALTER TABLE `craft_userpermissions_users`
	ADD CONSTRAINT `craft_userpermissions_users_permissionId_fk` FOREIGN KEY (`permissionId`) REFERENCES `craft_userpermissions` (`id`) ON DELETE CASCADE,
	ADD CONSTRAINT `craft_userpermissions_users_userId_fk` FOREIGN KEY (`userId`) REFERENCES `craft_users` (`id`) ON DELETE CASCADE;

--
-- Constraints for table `craft_users`
--
ALTER TABLE `craft_users`
	ADD CONSTRAINT `craft_users_id_fk` FOREIGN KEY (`id`) REFERENCES `craft_elements` (`id`) ON DELETE CASCADE,
	ADD CONSTRAINT `craft_users_preferredLocale_fk` FOREIGN KEY (`preferredLocale`) REFERENCES `craft_locales` (`locale`) ON DELETE SET NULL ON UPDATE CASCADE;

--
-- Constraints for table `craft_widgets`
--
ALTER TABLE `craft_widgets`
	ADD CONSTRAINT `craft_widgets_userId_fk` FOREIGN KEY (`userId`) REFERENCES `craft_users` (`id`) ON DELETE CASCADE;

SET FOREIGN_KEY_CHECKS = 1;
